------ Use best configs ------
####### Run 0 #######
  0%|          | 0/200 [00:00<?, ?it/s]

# Epoch 0: train_loss: 0.2059439123:   0%|          | 0/200 [00:00<?, ?it/s]
# Epoch 0: train_loss: 0.2059439123:   0%|          | 1/200 [00:00<02:40,  1.24it/s]

# Epoch 1: train_loss: 0.2221954167:   0%|          | 1/200 [00:00<02:40,  1.24it/s]
# Epoch 1: train_loss: 0.2221954167:   1%|          | 2/200 [00:00<01:25,  2.32it/s]

# Epoch 2: train_loss: 0.1911979169:   1%|          | 2/200 [00:01<01:25,  2.32it/s]
# Epoch 2: train_loss: 0.1911979169:   2%|▏         | 3/200 [00:01<01:01,  3.21it/s]

# Epoch 3: train_loss: 0.1890514791:   2%|▏         | 3/200 [00:01<01:01,  3.21it/s]
# Epoch 3: train_loss: 0.1890514791:   2%|▏         | 4/200 [00:01<00:49,  3.93it/s]

# Epoch 4: train_loss: 0.1882399768:   2%|▏         | 4/200 [00:01<00:49,  3.93it/s]
# Epoch 4: train_loss: 0.1882399768:   2%|▎         | 5/200 [00:01<00:43,  4.48it/s]

# Epoch 5: train_loss: 0.1792467684:   2%|▎         | 5/200 [00:01<00:43,  4.48it/s]
# Epoch 5: train_loss: 0.1792467684:   3%|▎         | 6/200 [00:01<00:39,  4.88it/s]

# Epoch 6: train_loss: 0.1747335643:   3%|▎         | 6/200 [00:01<00:39,  4.88it/s]
# Epoch 6: train_loss: 0.1747335643:   4%|▎         | 7/200 [00:01<00:37,  5.19it/s]

# Epoch 7: train_loss: 0.1792480648:   4%|▎         | 7/200 [00:01<00:37,  5.19it/s]
# Epoch 7: train_loss: 0.1792480648:   4%|▍         | 8/200 [00:01<00:35,  5.41it/s]

# Epoch 8: train_loss: 0.1747640818:   4%|▍         | 8/200 [00:02<00:35,  5.41it/s]
# Epoch 8: train_loss: 0.1747640818:   4%|▍         | 9/200 [00:02<00:34,  5.57it/s]

# Epoch 9: train_loss: 0.1714080870:   4%|▍         | 9/200 [00:02<00:34,  5.57it/s]
# Epoch 9: train_loss: 0.1714080870:   5%|▌         | 10/200 [00:02<00:33,  5.70it/s]

# Epoch 10: train_loss: 0.1633183360:   5%|▌         | 10/200 [00:02<00:33,  5.70it/s]
# Epoch 10: train_loss: 0.1633183360:   6%|▌         | 11/200 [00:02<00:32,  5.73it/s]

# Epoch 11: train_loss: 0.1629456729:   6%|▌         | 11/200 [00:02<00:32,  5.73it/s]
# Epoch 11: train_loss: 0.1629456729:   6%|▌         | 12/200 [00:02<00:32,  5.82it/s]

# Epoch 12: train_loss: 0.1584476382:   6%|▌         | 12/200 [00:02<00:32,  5.82it/s]
# Epoch 12: train_loss: 0.1584476382:   6%|▋         | 13/200 [00:02<00:31,  5.85it/s]

# Epoch 13: train_loss: 0.1507083178:   6%|▋         | 13/200 [00:02<00:31,  5.85it/s]
# Epoch 13: train_loss: 0.1507083178:   7%|▋         | 14/200 [00:02<00:31,  5.91it/s]

# Epoch 14: train_loss: 0.1392928809:   7%|▋         | 14/200 [00:03<00:31,  5.91it/s]
# Epoch 14: train_loss: 0.1392928809:   8%|▊         | 15/200 [00:03<00:31,  5.94it/s]

# Epoch 15: train_loss: 0.1306784451:   8%|▊         | 15/200 [00:03<00:31,  5.94it/s]
# Epoch 15: train_loss: 0.1306784451:   8%|▊         | 16/200 [00:03<00:30,  5.95it/s]

# Epoch 16: train_loss: 0.1195726395:   8%|▊         | 16/200 [00:03<00:30,  5.95it/s]
# Epoch 16: train_loss: 0.1195726395:   8%|▊         | 17/200 [00:03<00:30,  5.92it/s]

# Epoch 17: train_loss: 0.1077106446:   8%|▊         | 17/200 [00:03<00:30,  5.92it/s]
# Epoch 17: train_loss: 0.1077106446:   9%|▉         | 18/200 [00:03<00:30,  5.92it/s]

# Epoch 18: train_loss: 0.0994774401:   9%|▉         | 18/200 [00:03<00:30,  5.92it/s]
# Epoch 18: train_loss: 0.0994774401:  10%|▉         | 19/200 [00:03<00:30,  5.93it/s]

# Epoch 19: train_loss: 0.0881327093:  10%|▉         | 19/200 [00:03<00:30,  5.93it/s]
# Epoch 19: train_loss: 0.0881327093:  10%|█         | 20/200 [00:03<00:30,  5.95it/s]

# Epoch 20: train_loss: 0.0834898874:  10%|█         | 20/200 [00:04<00:30,  5.95it/s]
# Epoch 20: train_loss: 0.0834898874:  10%|█         | 21/200 [00:04<00:29,  5.97it/s]

# Epoch 21: train_loss: 0.0771782175:  10%|█         | 21/200 [00:04<00:29,  5.97it/s]
# Epoch 21: train_loss: 0.0771782175:  11%|█         | 22/200 [00:04<00:29,  5.98it/s]

# Epoch 22: train_loss: 0.0707822219:  11%|█         | 22/200 [00:04<00:29,  5.98it/s]
# Epoch 22: train_loss: 0.0707822219:  12%|█▏        | 23/200 [00:04<00:29,  5.95it/s]

# Epoch 23: train_loss: 0.0614098124:  12%|█▏        | 23/200 [00:04<00:29,  5.95it/s]
# Epoch 23: train_loss: 0.0614098124:  12%|█▏        | 24/200 [00:04<00:29,  5.91it/s]

# Epoch 24: train_loss: 0.0592256784:  12%|█▏        | 24/200 [00:04<00:29,  5.91it/s]
# Epoch 24: train_loss: 0.0592256784:  12%|█▎        | 25/200 [00:04<00:29,  5.89it/s]

# Epoch 25: train_loss: 0.0580066442:  12%|█▎        | 25/200 [00:05<00:29,  5.89it/s]
# Epoch 25: train_loss: 0.0580066442:  13%|█▎        | 26/200 [00:05<00:30,  5.69it/s]

# Epoch 26: train_loss: 0.0538837835:  13%|█▎        | 26/200 [00:05<00:30,  5.69it/s]
# Epoch 26: train_loss: 0.0538837835:  14%|█▎        | 27/200 [00:05<00:31,  5.54it/s]

# Epoch 27: train_loss: 0.0494714193:  14%|█▎        | 27/200 [00:05<00:31,  5.54it/s]
# Epoch 27: train_loss: 0.0494714193:  14%|█▍        | 28/200 [00:05<00:30,  5.59it/s]

# Epoch 28: train_loss: 0.0441050865:  14%|█▍        | 28/200 [00:05<00:30,  5.59it/s]
# Epoch 28: train_loss: 0.0441050865:  14%|█▍        | 29/200 [00:05<00:30,  5.66it/s]

# Epoch 29: train_loss: 0.0398842245:  14%|█▍        | 29/200 [00:05<00:30,  5.66it/s]
# Epoch 29: train_loss: 0.0398842245:  15%|█▌        | 30/200 [00:05<00:29,  5.69it/s]

# Epoch 30: train_loss: 0.0401651189:  15%|█▌        | 30/200 [00:05<00:29,  5.69it/s]
# Epoch 30: train_loss: 0.0401651189:  16%|█▌        | 31/200 [00:05<00:29,  5.70it/s]

# Epoch 31: train_loss: 0.0382423513:  16%|█▌        | 31/200 [00:06<00:29,  5.70it/s]
# Epoch 31: train_loss: 0.0382423513:  16%|█▌        | 32/200 [00:06<00:29,  5.71it/s]

# Epoch 32: train_loss: 0.0374494866:  16%|█▌        | 32/200 [00:06<00:29,  5.71it/s]
# Epoch 32: train_loss: 0.0374494866:  16%|█▋        | 33/200 [00:06<00:31,  5.38it/s]

# Epoch 33: train_loss: 0.0350024067:  16%|█▋        | 33/200 [00:06<00:31,  5.38it/s]
# Epoch 33: train_loss: 0.0350024067:  17%|█▋        | 34/200 [00:06<00:32,  5.18it/s]

# Epoch 34: train_loss: 0.0318706520:  17%|█▋        | 34/200 [00:06<00:32,  5.18it/s]
# Epoch 34: train_loss: 0.0318706520:  18%|█▊        | 35/200 [00:06<00:30,  5.32it/s]

# Epoch 35: train_loss: 0.0313974917:  18%|█▊        | 35/200 [00:06<00:30,  5.32it/s]
# Epoch 35: train_loss: 0.0313974917:  18%|█▊        | 36/200 [00:06<00:30,  5.46it/s]

# Epoch 36: train_loss: 0.0317210034:  18%|█▊        | 36/200 [00:07<00:30,  5.46it/s]
# Epoch 36: train_loss: 0.0317210034:  18%|█▊        | 37/200 [00:07<00:29,  5.55it/s]

# Epoch 37: train_loss: 0.0309108272:  18%|█▊        | 37/200 [00:07<00:29,  5.55it/s]
# Epoch 37: train_loss: 0.0309108272:  19%|█▉        | 38/200 [00:07<00:28,  5.62it/s]

# Epoch 38: train_loss: 0.0301474482:  19%|█▉        | 38/200 [00:07<00:28,  5.62it/s]
# Epoch 38: train_loss: 0.0301474482:  20%|█▉        | 39/200 [00:07<00:28,  5.62it/s]

# Epoch 39: train_loss: 0.0289999042:  20%|█▉        | 39/200 [00:07<00:28,  5.62it/s]
# Epoch 39: train_loss: 0.0289999042:  20%|██        | 40/200 [00:07<00:28,  5.62it/s]

# Epoch 40: train_loss: 0.0274672247:  20%|██        | 40/200 [00:07<00:28,  5.62it/s]
# Epoch 40: train_loss: 0.0274672247:  20%|██        | 41/200 [00:07<00:28,  5.62it/s]

# Epoch 41: train_loss: 0.0283034425:  20%|██        | 41/200 [00:07<00:28,  5.62it/s]
# Epoch 41: train_loss: 0.0283034425:  21%|██        | 42/200 [00:07<00:28,  5.51it/s]

# Epoch 42: train_loss: 0.0275687426:  21%|██        | 42/200 [00:08<00:28,  5.51it/s]
# Epoch 42: train_loss: 0.0275687426:  22%|██▏       | 43/200 [00:08<00:28,  5.59it/s]

# Epoch 43: train_loss: 0.0257718731:  22%|██▏       | 43/200 [00:08<00:28,  5.59it/s]
# Epoch 43: train_loss: 0.0257718731:  22%|██▏       | 44/200 [00:08<00:28,  5.54it/s]

# Epoch 44: train_loss: 0.0251070783:  22%|██▏       | 44/200 [00:08<00:28,  5.54it/s]
# Epoch 44: train_loss: 0.0251070783:  22%|██▎       | 45/200 [00:08<00:27,  5.60it/s]

# Epoch 45: train_loss: 0.0265806708:  22%|██▎       | 45/200 [00:08<00:27,  5.60it/s]
# Epoch 45: train_loss: 0.0265806708:  23%|██▎       | 46/200 [00:08<00:27,  5.65it/s]

# Epoch 46: train_loss: 0.0235672519:  23%|██▎       | 46/200 [00:08<00:27,  5.65it/s]
# Epoch 46: train_loss: 0.0235672519:  24%|██▎       | 47/200 [00:08<00:26,  5.68it/s]

# Epoch 47: train_loss: 0.0247061625:  24%|██▎       | 47/200 [00:08<00:26,  5.68it/s]
# Epoch 47: train_loss: 0.0247061625:  24%|██▍       | 48/200 [00:08<00:26,  5.71it/s]

# Epoch 48: train_loss: 0.0252611768:  24%|██▍       | 48/200 [00:09<00:26,  5.71it/s]
# Epoch 48: train_loss: 0.0252611768:  24%|██▍       | 49/200 [00:09<00:26,  5.73it/s]

# Epoch 49: train_loss: 0.0254115351:  24%|██▍       | 49/200 [00:09<00:26,  5.73it/s]
# Epoch 49: train_loss: 0.0254115351:  25%|██▌       | 50/200 [00:09<00:26,  5.74it/s]

# Epoch 50: train_loss: 0.0246031899:  25%|██▌       | 50/200 [00:09<00:26,  5.74it/s]
# Epoch 50: train_loss: 0.0246031899:  26%|██▌       | 51/200 [00:09<00:25,  5.74it/s]

# Epoch 51: train_loss: 0.0240537859:  26%|██▌       | 51/200 [00:09<00:25,  5.74it/s]
# Epoch 51: train_loss: 0.0240537859:  26%|██▌       | 52/200 [00:09<00:25,  5.74it/s]

# Epoch 52: train_loss: 0.0230314508:  26%|██▌       | 52/200 [00:09<00:25,  5.74it/s]
# Epoch 52: train_loss: 0.0230314508:  26%|██▋       | 53/200 [00:09<00:25,  5.73it/s]

# Epoch 53: train_loss: 0.0249326974:  26%|██▋       | 53/200 [00:10<00:25,  5.73it/s]
# Epoch 53: train_loss: 0.0249326974:  27%|██▋       | 54/200 [00:10<00:25,  5.74it/s]

# Epoch 54: train_loss: 0.0228233710:  27%|██▋       | 54/200 [00:10<00:25,  5.74it/s]
# Epoch 54: train_loss: 0.0228233710:  28%|██▊       | 55/200 [00:10<00:25,  5.75it/s]

# Epoch 55: train_loss: 0.0239163898:  28%|██▊       | 55/200 [00:10<00:25,  5.75it/s]
# Epoch 55: train_loss: 0.0239163898:  28%|██▊       | 56/200 [00:10<00:25,  5.54it/s]

# Epoch 56: train_loss: 0.0235166829:  28%|██▊       | 56/200 [00:10<00:25,  5.54it/s]
# Epoch 56: train_loss: 0.0235166829:  28%|██▊       | 57/200 [00:10<00:25,  5.54it/s]

# Epoch 57: train_loss: 0.0247836523:  28%|██▊       | 57/200 [00:10<00:25,  5.54it/s]
# Epoch 57: train_loss: 0.0247836523:  29%|██▉       | 58/200 [00:10<00:25,  5.62it/s]

# Epoch 58: train_loss: 0.0228506532:  29%|██▉       | 58/200 [00:10<00:25,  5.62it/s]
# Epoch 58: train_loss: 0.0228506532:  30%|██▉       | 59/200 [00:10<00:25,  5.63it/s]

# Epoch 59: train_loss: 0.0240859799:  30%|██▉       | 59/200 [00:11<00:25,  5.63it/s]
# Epoch 59: train_loss: 0.0240859799:  30%|███       | 60/200 [00:11<00:24,  5.68it/s]

# Epoch 60: train_loss: 0.0227524582:  30%|███       | 60/200 [00:11<00:24,  5.68it/s]
# Epoch 60: train_loss: 0.0227524582:  30%|███       | 61/200 [00:11<00:24,  5.69it/s]

# Epoch 61: train_loss: 0.0239662118:  30%|███       | 61/200 [00:11<00:24,  5.69it/s]
# Epoch 61: train_loss: 0.0239662118:  31%|███       | 62/200 [00:11<00:24,  5.69it/s]

# Epoch 62: train_loss: 0.0240811277:  31%|███       | 62/200 [00:11<00:24,  5.69it/s]
# Epoch 62: train_loss: 0.0240811277:  32%|███▏      | 63/200 [00:11<00:23,  5.71it/s]

# Epoch 63: train_loss: 0.0224649962:  32%|███▏      | 63/200 [00:11<00:23,  5.71it/s]
# Epoch 63: train_loss: 0.0224649962:  32%|███▏      | 64/200 [00:11<00:23,  5.72it/s]

# Epoch 64: train_loss: 0.0228079483:  32%|███▏      | 64/200 [00:11<00:23,  5.72it/s]
# Epoch 64: train_loss: 0.0228079483:  32%|███▎      | 65/200 [00:11<00:23,  5.71it/s]

# Epoch 65: train_loss: 0.0223523062:  32%|███▎      | 65/200 [00:12<00:23,  5.71it/s]
# Epoch 65: train_loss: 0.0223523062:  33%|███▎      | 66/200 [00:12<00:23,  5.71it/s]

# Epoch 66: train_loss: 0.0239493735:  33%|███▎      | 66/200 [00:12<00:23,  5.71it/s]
# Epoch 66: train_loss: 0.0239493735:  34%|███▎      | 67/200 [00:12<00:23,  5.70it/s]

# Epoch 67: train_loss: 0.0231657457:  34%|███▎      | 67/200 [00:12<00:23,  5.70it/s]
# Epoch 67: train_loss: 0.0231657457:  34%|███▍      | 68/200 [00:12<00:23,  5.72it/s]

# Epoch 68: train_loss: 0.0224520676:  34%|███▍      | 68/200 [00:12<00:23,  5.72it/s]
# Epoch 68: train_loss: 0.0224520676:  34%|███▍      | 69/200 [00:12<00:22,  5.74it/s]

# Epoch 69: train_loss: 0.0234866161:  34%|███▍      | 69/200 [00:12<00:22,  5.74it/s]
# Epoch 69: train_loss: 0.0234866161:  35%|███▌      | 70/200 [00:12<00:22,  5.73it/s]

# Epoch 70: train_loss: 0.0223167222:  35%|███▌      | 70/200 [00:13<00:22,  5.73it/s]
# Epoch 70: train_loss: 0.0223167222:  36%|███▌      | 71/200 [00:13<00:22,  5.73it/s]

# Epoch 71: train_loss: 0.0211518146:  36%|███▌      | 71/200 [00:13<00:22,  5.73it/s]
# Epoch 71: train_loss: 0.0211518146:  36%|███▌      | 72/200 [00:13<00:22,  5.72it/s]

# Epoch 72: train_loss: 0.0227598045:  36%|███▌      | 72/200 [00:13<00:22,  5.72it/s]
# Epoch 72: train_loss: 0.0227598045:  36%|███▋      | 73/200 [00:13<00:22,  5.71it/s]

# Epoch 73: train_loss: 0.0235370491:  36%|███▋      | 73/200 [00:13<00:22,  5.71it/s]
# Epoch 73: train_loss: 0.0235370491:  37%|███▋      | 74/200 [00:13<00:22,  5.70it/s]

# Epoch 74: train_loss: 0.0220995508:  37%|███▋      | 74/200 [00:13<00:22,  5.70it/s]
# Epoch 74: train_loss: 0.0220995508:  38%|███▊      | 75/200 [00:13<00:21,  5.76it/s]

# Epoch 75: train_loss: 0.0238113292:  38%|███▊      | 75/200 [00:13<00:21,  5.76it/s]
# Epoch 75: train_loss: 0.0238113292:  38%|███▊      | 76/200 [00:13<00:21,  5.83it/s]

# Epoch 76: train_loss: 0.0232664831:  38%|███▊      | 76/200 [00:14<00:21,  5.83it/s]
# Epoch 76: train_loss: 0.0232664831:  38%|███▊      | 77/200 [00:14<00:20,  5.88it/s]

# Epoch 77: train_loss: 0.0233864784:  38%|███▊      | 77/200 [00:14<00:20,  5.88it/s]
# Epoch 77: train_loss: 0.0233864784:  39%|███▉      | 78/200 [00:14<00:20,  5.91it/s]

# Epoch 78: train_loss: 0.0224742796:  39%|███▉      | 78/200 [00:14<00:20,  5.91it/s]
# Epoch 78: train_loss: 0.0224742796:  40%|███▉      | 79/200 [00:14<00:20,  5.91it/s]

# Epoch 79: train_loss: 0.0239982847:  40%|███▉      | 79/200 [00:14<00:20,  5.91it/s]
# Epoch 79: train_loss: 0.0239982847:  40%|████      | 80/200 [00:14<00:20,  5.94it/s]

# Epoch 80: train_loss: 0.0238455646:  40%|████      | 80/200 [00:14<00:20,  5.94it/s]
# Epoch 80: train_loss: 0.0238455646:  40%|████      | 81/200 [00:14<00:20,  5.95it/s]

# Epoch 81: train_loss: 0.0227279905:  40%|████      | 81/200 [00:14<00:20,  5.95it/s]
# Epoch 81: train_loss: 0.0227279905:  41%|████      | 82/200 [00:14<00:19,  5.95it/s]

# Epoch 82: train_loss: 0.0205581076:  41%|████      | 82/200 [00:15<00:19,  5.95it/s]
# Epoch 82: train_loss: 0.0205581076:  42%|████▏     | 83/200 [00:15<00:19,  5.96it/s]

# Epoch 83: train_loss: 0.0236653443:  42%|████▏     | 83/200 [00:15<00:19,  5.96it/s]
# Epoch 83: train_loss: 0.0236653443:  42%|████▏     | 84/200 [00:15<00:19,  5.97it/s]

# Epoch 84: train_loss: 0.0230488293:  42%|████▏     | 84/200 [00:15<00:19,  5.97it/s]
# Epoch 84: train_loss: 0.0230488293:  42%|████▎     | 85/200 [00:15<00:19,  5.96it/s]

# Epoch 85: train_loss: 0.0237785205:  42%|████▎     | 85/200 [00:15<00:19,  5.96it/s]
# Epoch 85: train_loss: 0.0237785205:  43%|████▎     | 86/200 [00:15<00:19,  5.97it/s]

# Epoch 86: train_loss: 0.0232797973:  43%|████▎     | 86/200 [00:15<00:19,  5.97it/s]
# Epoch 86: train_loss: 0.0232797973:  44%|████▎     | 87/200 [00:15<00:18,  5.98it/s]

# Epoch 87: train_loss: 0.0226933584:  44%|████▎     | 87/200 [00:15<00:18,  5.98it/s]
# Epoch 87: train_loss: 0.0226933584:  44%|████▍     | 88/200 [00:15<00:18,  5.96it/s]

# Epoch 88: train_loss: 0.0202582143:  44%|████▍     | 88/200 [00:16<00:18,  5.96it/s]
# Epoch 88: train_loss: 0.0202582143:  44%|████▍     | 89/200 [00:16<00:18,  5.97it/s]

# Epoch 89: train_loss: 0.0232642423:  44%|████▍     | 89/200 [00:16<00:18,  5.97it/s]
# Epoch 89: train_loss: 0.0232642423:  45%|████▌     | 90/200 [00:16<00:18,  5.98it/s]

# Epoch 90: train_loss: 0.0214382168:  45%|████▌     | 90/200 [00:16<00:18,  5.98it/s]
# Epoch 90: train_loss: 0.0214382168:  46%|████▌     | 91/200 [00:16<00:18,  5.99it/s]

# Epoch 91: train_loss: 0.0239693504:  46%|████▌     | 91/200 [00:16<00:18,  5.99it/s]
# Epoch 91: train_loss: 0.0239693504:  46%|████▌     | 92/200 [00:16<00:18,  5.99it/s]

# Epoch 92: train_loss: 0.0218987744:  46%|████▌     | 92/200 [00:16<00:18,  5.99it/s]
# Epoch 92: train_loss: 0.0218987744:  46%|████▋     | 93/200 [00:16<00:17,  5.95it/s]

# Epoch 93: train_loss: 0.0228638388:  46%|████▋     | 93/200 [00:16<00:17,  5.95it/s]
# Epoch 93: train_loss: 0.0228638388:  47%|████▋     | 94/200 [00:16<00:17,  5.94it/s]

# Epoch 94: train_loss: 0.0231416263:  47%|████▋     | 94/200 [00:17<00:17,  5.94it/s]
# Epoch 94: train_loss: 0.0231416263:  48%|████▊     | 95/200 [00:17<00:17,  5.95it/s]

# Epoch 95: train_loss: 0.0241640806:  48%|████▊     | 95/200 [00:17<00:17,  5.95it/s]
# Epoch 95: train_loss: 0.0241640806:  48%|████▊     | 96/200 [00:17<00:17,  5.96it/s]

# Epoch 96: train_loss: 0.0234910883:  48%|████▊     | 96/200 [00:17<00:17,  5.96it/s]
# Epoch 96: train_loss: 0.0234910883:  48%|████▊     | 97/200 [00:17<00:17,  5.98it/s]

# Epoch 97: train_loss: 0.0232144408:  48%|████▊     | 97/200 [00:17<00:17,  5.98it/s]
# Epoch 97: train_loss: 0.0232144408:  49%|████▉     | 98/200 [00:17<00:17,  5.90it/s]

# Epoch 98: train_loss: 0.0223252606:  49%|████▉     | 98/200 [00:17<00:17,  5.90it/s]
# Epoch 98: train_loss: 0.0223252606:  50%|████▉     | 99/200 [00:17<00:17,  5.93it/s]

# Epoch 99: train_loss: 0.0217631850:  50%|████▉     | 99/200 [00:17<00:17,  5.93it/s]
# Epoch 99: train_loss: 0.0217631850:  50%|█████     | 100/200 [00:17<00:16,  5.96it/s]

# Epoch 100: train_loss: -0.1610637605:  50%|█████     | 100/200 [00:18<00:16,  5.96it/s]
# Epoch 100: train_loss: -0.1610637605:  50%|█████     | 101/200 [00:18<00:17,  5.81it/s]

# Epoch 101: train_loss: -0.1624678969:  50%|█████     | 101/200 [00:18<00:17,  5.81it/s]
# Epoch 101: train_loss: -0.1624678969:  51%|█████     | 102/200 [00:18<00:17,  5.71it/s]

# Epoch 102: train_loss: -0.1610000581:  51%|█████     | 102/200 [00:18<00:17,  5.71it/s]
# Epoch 102: train_loss: -0.1610000581:  52%|█████▏    | 103/200 [00:18<00:17,  5.65it/s]

# Epoch 103: train_loss: -0.1605860591:  52%|█████▏    | 103/200 [00:18<00:17,  5.65it/s]
# Epoch 103: train_loss: -0.1605860591:  52%|█████▏    | 104/200 [00:18<00:17,  5.59it/s]

# Epoch 104: train_loss: -0.1609866172:  52%|█████▏    | 104/200 [00:18<00:17,  5.59it/s]
# Epoch 104: train_loss: -0.1609866172:  52%|█████▎    | 105/200 [00:18<00:17,  5.54it/s]

# Epoch 105: train_loss: -0.1616591513:  52%|█████▎    | 105/200 [00:19<00:17,  5.54it/s]
# Epoch 105: train_loss: -0.1616591513:  53%|█████▎    | 106/200 [00:19<00:17,  5.49it/s]

# Epoch 106: train_loss: -0.1613254100:  53%|█████▎    | 106/200 [00:19<00:17,  5.49it/s]
# Epoch 106: train_loss: -0.1613254100:  54%|█████▎    | 107/200 [00:19<00:17,  5.47it/s]

# Epoch 107: train_loss: -0.1619265825:  54%|█████▎    | 107/200 [00:19<00:17,  5.47it/s]
# Epoch 107: train_loss: -0.1619265825:  54%|█████▍    | 108/200 [00:19<00:16,  5.47it/s]

# Epoch 108: train_loss: -0.1632288992:  54%|█████▍    | 108/200 [00:19<00:16,  5.47it/s]
# Epoch 108: train_loss: -0.1632288992:  55%|█████▍    | 109/200 [00:19<00:16,  5.46it/s]

# Epoch 109: train_loss: -0.1633252650:  55%|█████▍    | 109/200 [00:19<00:16,  5.46it/s]
# Epoch 109: train_loss: -0.1633252650:  55%|█████▌    | 110/200 [00:19<00:16,  5.46it/s]

# Epoch 110: train_loss: -0.1645718664:  55%|█████▌    | 110/200 [00:19<00:16,  5.46it/s]
# Epoch 110: train_loss: -0.1645718664:  56%|█████▌    | 111/200 [00:19<00:16,  5.46it/s]

# Epoch 111: train_loss: -0.1664165556:  56%|█████▌    | 111/200 [00:20<00:16,  5.46it/s]
# Epoch 111: train_loss: -0.1664165556:  56%|█████▌    | 112/200 [00:20<00:16,  5.46it/s]

# Epoch 112: train_loss: -0.1684049219:  56%|█████▌    | 112/200 [00:20<00:16,  5.46it/s]
# Epoch 112: train_loss: -0.1684049219:  56%|█████▋    | 113/200 [00:20<00:15,  5.45it/s]

# Epoch 113: train_loss: -0.1691780239:  56%|█████▋    | 113/200 [00:20<00:15,  5.45it/s]
# Epoch 113: train_loss: -0.1691780239:  57%|█████▋    | 114/200 [00:20<00:15,  5.46it/s]

# Epoch 114: train_loss: -0.1718096733:  57%|█████▋    | 114/200 [00:20<00:15,  5.46it/s]
# Epoch 114: train_loss: -0.1718096733:  57%|█████▊    | 115/200 [00:20<00:15,  5.46it/s]

# Epoch 115: train_loss: -0.1742689610:  57%|█████▊    | 115/200 [00:20<00:15,  5.46it/s]
# Epoch 115: train_loss: -0.1742689610:  58%|█████▊    | 116/200 [00:20<00:15,  5.47it/s]

# Epoch 116: train_loss: -0.1765050590:  58%|█████▊    | 116/200 [00:21<00:15,  5.47it/s]
# Epoch 116: train_loss: -0.1765050590:  58%|█████▊    | 117/200 [00:21<00:15,  5.45it/s]

# Epoch 117: train_loss: -0.1789782047:  58%|█████▊    | 117/200 [00:21<00:15,  5.45it/s]
# Epoch 117: train_loss: -0.1789782047:  59%|█████▉    | 118/200 [00:21<00:15,  5.46it/s]

# Epoch 118: train_loss: -0.1820663661:  59%|█████▉    | 118/200 [00:21<00:15,  5.46it/s]
# Epoch 118: train_loss: -0.1820663661:  60%|█████▉    | 119/200 [00:21<00:14,  5.46it/s]

# Epoch 119: train_loss: -0.1867708415:  60%|█████▉    | 119/200 [00:21<00:14,  5.46it/s]
# Epoch 119: train_loss: -0.1867708415:  60%|██████    | 120/200 [00:21<00:14,  5.47it/s]

# Epoch 120: train_loss: -0.1899257600:  60%|██████    | 120/200 [00:21<00:14,  5.47it/s]
# Epoch 120: train_loss: -0.1899257600:  60%|██████    | 121/200 [00:21<00:14,  5.47it/s]

# Epoch 121: train_loss: -0.1941796392:  60%|██████    | 121/200 [00:21<00:14,  5.47it/s]
# Epoch 121: train_loss: -0.1941796392:  61%|██████    | 122/200 [00:21<00:14,  5.46it/s]

# Epoch 122: train_loss: -0.2008406967:  61%|██████    | 122/200 [00:22<00:14,  5.46it/s]
# Epoch 122: train_loss: -0.2008406967:  62%|██████▏   | 123/200 [00:22<00:14,  5.44it/s]

# Epoch 123: train_loss: -0.2038300633:  62%|██████▏   | 123/200 [00:22<00:14,  5.44it/s]
# Epoch 123: train_loss: -0.2038300633:  62%|██████▏   | 124/200 [00:22<00:13,  5.44it/s]

# Epoch 124: train_loss: -0.2095783353:  62%|██████▏   | 124/200 [00:22<00:13,  5.44it/s]
# Epoch 124: train_loss: -0.2095783353:  62%|██████▎   | 125/200 [00:22<00:13,  5.45it/s]

# Epoch 125: train_loss: -0.2149285823:  62%|██████▎   | 125/200 [00:22<00:13,  5.45it/s]
# Epoch 125: train_loss: -0.2149285823:  63%|██████▎   | 126/200 [00:22<00:13,  5.45it/s]

# Epoch 126: train_loss: -0.2217508554:  63%|██████▎   | 126/200 [00:22<00:13,  5.45it/s]
# Epoch 126: train_loss: -0.2217508554:  64%|██████▎   | 127/200 [00:22<00:13,  5.46it/s]

# Epoch 127: train_loss: -0.2297912538:  64%|██████▎   | 127/200 [00:23<00:13,  5.46it/s]
# Epoch 127: train_loss: -0.2297912538:  64%|██████▍   | 128/200 [00:23<00:13,  5.46it/s]

# Epoch 128: train_loss: -0.2362553626:  64%|██████▍   | 128/200 [00:23<00:13,  5.46it/s]
# Epoch 128: train_loss: -0.2362553626:  64%|██████▍   | 129/200 [00:23<00:13,  5.44it/s]

# Epoch 129: train_loss: -0.2437730134:  64%|██████▍   | 129/200 [00:23<00:13,  5.44it/s]
# Epoch 129: train_loss: -0.2437730134:  65%|██████▌   | 130/200 [00:23<00:12,  5.44it/s]

# Epoch 130: train_loss: -0.2519809008:  65%|██████▌   | 130/200 [00:23<00:12,  5.44it/s]
# Epoch 130: train_loss: -0.2519809008:  66%|██████▌   | 131/200 [00:23<00:12,  5.45it/s]

# Epoch 131: train_loss: -0.2613987029:  66%|██████▌   | 131/200 [00:23<00:12,  5.45it/s]
# Epoch 131: train_loss: -0.2613987029:  66%|██████▌   | 132/200 [00:23<00:12,  5.45it/s]

# Epoch 132: train_loss: -0.2723252773:  66%|██████▌   | 132/200 [00:23<00:12,  5.45it/s]
# Epoch 132: train_loss: -0.2723252773:  66%|██████▋   | 133/200 [00:23<00:12,  5.45it/s]

# Epoch 133: train_loss: -0.2834205031:  66%|██████▋   | 133/200 [00:24<00:12,  5.45it/s]
# Epoch 133: train_loss: -0.2834205031:  67%|██████▋   | 134/200 [00:24<00:12,  5.45it/s]

# Epoch 134: train_loss: -0.2953712940:  67%|██████▋   | 134/200 [00:24<00:12,  5.45it/s]
# Epoch 134: train_loss: -0.2953712940:  68%|██████▊   | 135/200 [00:24<00:11,  5.46it/s]

# Epoch 135: train_loss: -0.3093823493:  68%|██████▊   | 135/200 [00:24<00:11,  5.46it/s]
# Epoch 135: train_loss: -0.3093823493:  68%|██████▊   | 136/200 [00:24<00:11,  5.46it/s]

# Epoch 136: train_loss: -0.3223448098:  68%|██████▊   | 136/200 [00:24<00:11,  5.46it/s]
# Epoch 136: train_loss: -0.3223448098:  68%|██████▊   | 137/200 [00:24<00:11,  5.46it/s]

# Epoch 137: train_loss: -0.3364382088:  68%|██████▊   | 137/200 [00:24<00:11,  5.46it/s]
# Epoch 137: train_loss: -0.3364382088:  69%|██████▉   | 138/200 [00:24<00:11,  5.46it/s]

# Epoch 138: train_loss: -0.3487778604:  69%|██████▉   | 138/200 [00:25<00:11,  5.46it/s]
# Epoch 138: train_loss: -0.3487778604:  70%|██████▉   | 139/200 [00:25<00:11,  5.46it/s]

# Epoch 139: train_loss: -0.3637597561:  70%|██████▉   | 139/200 [00:25<00:11,  5.46it/s]
# Epoch 139: train_loss: -0.3637597561:  70%|███████   | 140/200 [00:25<00:10,  5.46it/s]

# Epoch 140: train_loss: -0.3732790351:  70%|███████   | 140/200 [00:25<00:10,  5.46it/s]
# Epoch 140: train_loss: -0.3732790351:  70%|███████   | 141/200 [00:25<00:10,  5.46it/s]

# Epoch 141: train_loss: -0.3839864731:  70%|███████   | 141/200 [00:25<00:10,  5.46it/s]
# Epoch 141: train_loss: -0.3839864731:  71%|███████   | 142/200 [00:25<00:10,  5.46it/s]

# Epoch 142: train_loss: -0.3919708133:  71%|███████   | 142/200 [00:25<00:10,  5.46it/s]
# Epoch 142: train_loss: -0.3919708133:  72%|███████▏  | 143/200 [00:25<00:10,  5.47it/s]

# Epoch 143: train_loss: -0.4022595584:  72%|███████▏  | 143/200 [00:25<00:10,  5.47it/s]
# Epoch 143: train_loss: -0.4022595584:  72%|███████▏  | 144/200 [00:25<00:10,  5.46it/s]

# Epoch 144: train_loss: -0.4079945087:  72%|███████▏  | 144/200 [00:26<00:10,  5.46it/s]
# Epoch 144: train_loss: -0.4079945087:  72%|███████▎  | 145/200 [00:26<00:10,  5.46it/s]

# Epoch 145: train_loss: -0.4138086438:  72%|███████▎  | 145/200 [00:26<00:10,  5.46it/s]
# Epoch 145: train_loss: -0.4138086438:  73%|███████▎  | 146/200 [00:26<00:09,  5.46it/s]

# Epoch 146: train_loss: -0.4202199280:  73%|███████▎  | 146/200 [00:26<00:09,  5.46it/s]
# Epoch 146: train_loss: -0.4202199280:  74%|███████▎  | 147/200 [00:26<00:09,  5.44it/s]

# Epoch 147: train_loss: -0.4243431687:  74%|███████▎  | 147/200 [00:26<00:09,  5.44it/s]
# Epoch 147: train_loss: -0.4243431687:  74%|███████▍  | 148/200 [00:26<00:09,  5.44it/s]

# Epoch 148: train_loss: -0.4287463427:  74%|███████▍  | 148/200 [00:26<00:09,  5.44it/s]
# Epoch 148: train_loss: -0.4287463427:  74%|███████▍  | 149/200 [00:26<00:09,  5.44it/s]

# Epoch 149: train_loss: -0.4337963164:  74%|███████▍  | 149/200 [00:27<00:09,  5.44it/s]
# Epoch 149: train_loss: -0.4337963164:  75%|███████▌  | 150/200 [00:27<00:09,  5.44it/s]

# Epoch 150: train_loss: -0.4366440177:  75%|███████▌  | 150/200 [00:27<00:09,  5.44it/s]
# Epoch 150: train_loss: -0.4366440177:  76%|███████▌  | 151/200 [00:27<00:09,  5.43it/s]

# Epoch 151: train_loss: -0.4436055422:  76%|███████▌  | 151/200 [00:27<00:09,  5.43it/s]
# Epoch 151: train_loss: -0.4436055422:  76%|███████▌  | 152/200 [00:27<00:08,  5.44it/s]

# Epoch 152: train_loss: -0.4460349679:  76%|███████▌  | 152/200 [00:27<00:08,  5.44it/s]
# Epoch 152: train_loss: -0.4460349679:  76%|███████▋  | 153/200 [00:27<00:08,  5.45it/s]

# Epoch 153: train_loss: -0.4509143531:  76%|███████▋  | 153/200 [00:27<00:08,  5.45it/s]
# Epoch 153: train_loss: -0.4509143531:  77%|███████▋  | 154/200 [00:27<00:08,  5.46it/s]

# Epoch 154: train_loss: -0.4559063613:  77%|███████▋  | 154/200 [00:27<00:08,  5.46it/s]
# Epoch 154: train_loss: -0.4559063613:  78%|███████▊  | 155/200 [00:27<00:08,  5.46it/s]

# Epoch 155: train_loss: -0.4640243649:  78%|███████▊  | 155/200 [00:28<00:08,  5.46it/s]
# Epoch 155: train_loss: -0.4640243649:  78%|███████▊  | 156/200 [00:28<00:08,  5.46it/s]

# Epoch 156: train_loss: -0.4684028327:  78%|███████▊  | 156/200 [00:28<00:08,  5.46it/s]
# Epoch 156: train_loss: -0.4684028327:  78%|███████▊  | 157/200 [00:28<00:07,  5.43it/s]

# Epoch 157: train_loss: -0.4749489427:  78%|███████▊  | 157/200 [00:28<00:07,  5.43it/s]
# Epoch 157: train_loss: -0.4749489427:  79%|███████▉  | 158/200 [00:28<00:07,  5.41it/s]

# Epoch 158: train_loss: -0.4822176397:  79%|███████▉  | 158/200 [00:28<00:07,  5.41it/s]
# Epoch 158: train_loss: -0.4822176397:  80%|███████▉  | 159/200 [00:28<00:07,  5.43it/s]

# Epoch 159: train_loss: -0.4887431264:  80%|███████▉  | 159/200 [00:28<00:07,  5.43it/s]
# Epoch 159: train_loss: -0.4887431264:  80%|████████  | 160/200 [00:28<00:07,  5.44it/s]

# Epoch 160: train_loss: -0.4943867922:  80%|████████  | 160/200 [00:29<00:07,  5.44it/s]
# Epoch 160: train_loss: -0.4943867922:  80%|████████  | 161/200 [00:29<00:07,  5.44it/s]

# Epoch 161: train_loss: -0.5019724369:  80%|████████  | 161/200 [00:29<00:07,  5.44it/s]
# Epoch 161: train_loss: -0.5019724369:  81%|████████  | 162/200 [00:29<00:06,  5.45it/s]

# Epoch 162: train_loss: -0.5081056356:  81%|████████  | 162/200 [00:29<00:06,  5.45it/s]
# Epoch 162: train_loss: -0.5081056356:  82%|████████▏ | 163/200 [00:29<00:06,  5.45it/s]

# Epoch 163: train_loss: -0.5133870244:  82%|████████▏ | 163/200 [00:29<00:06,  5.45it/s]
# Epoch 163: train_loss: -0.5133870244:  82%|████████▏ | 164/200 [00:29<00:06,  5.45it/s]

# Epoch 164: train_loss: -0.5179008842:  82%|████████▏ | 164/200 [00:29<00:06,  5.45it/s]
# Epoch 164: train_loss: -0.5179008842:  82%|████████▎ | 165/200 [00:29<00:06,  5.44it/s]

# Epoch 165: train_loss: -0.5238763094:  82%|████████▎ | 165/200 [00:30<00:06,  5.44it/s]
# Epoch 165: train_loss: -0.5238763094:  83%|████████▎ | 166/200 [00:30<00:06,  5.40it/s]

# Epoch 166: train_loss: -0.5253304839:  83%|████████▎ | 166/200 [00:30<00:06,  5.40it/s]
# Epoch 166: train_loss: -0.5253304839:  84%|████████▎ | 167/200 [00:30<00:06,  5.41it/s]

# Epoch 167: train_loss: -0.5258477926:  84%|████████▎ | 167/200 [00:30<00:06,  5.41it/s]
# Epoch 167: train_loss: -0.5258477926:  84%|████████▍ | 168/200 [00:30<00:05,  5.43it/s]

# Epoch 168: train_loss: -0.5296537280:  84%|████████▍ | 168/200 [00:30<00:05,  5.43it/s]
# Epoch 168: train_loss: -0.5296537280:  84%|████████▍ | 169/200 [00:30<00:05,  5.38it/s]

# Epoch 169: train_loss: -0.5332786441:  84%|████████▍ | 169/200 [00:30<00:05,  5.38it/s]
# Epoch 169: train_loss: -0.5332786441:  85%|████████▌ | 170/200 [00:30<00:05,  5.36it/s]

# Epoch 170: train_loss: -0.5353534818:  85%|████████▌ | 170/200 [00:30<00:05,  5.36it/s]
# Epoch 170: train_loss: -0.5353534818:  86%|████████▌ | 171/200 [00:30<00:05,  5.39it/s]

# Epoch 171: train_loss: -0.5352259874:  86%|████████▌ | 171/200 [00:31<00:05,  5.39it/s]
# Epoch 171: train_loss: -0.5352259874:  86%|████████▌ | 172/200 [00:31<00:05,  5.41it/s]

# Epoch 172: train_loss: -0.5375239253:  86%|████████▌ | 172/200 [00:31<00:05,  5.41it/s]
# Epoch 172: train_loss: -0.5375239253:  86%|████████▋ | 173/200 [00:31<00:04,  5.42it/s]

# Epoch 173: train_loss: -0.5374430418:  86%|████████▋ | 173/200 [00:31<00:04,  5.42it/s]
# Epoch 173: train_loss: -0.5374430418:  87%|████████▋ | 174/200 [00:31<00:04,  5.43it/s]

# Epoch 174: train_loss: -0.5376141667:  87%|████████▋ | 174/200 [00:31<00:04,  5.43it/s]
# Epoch 174: train_loss: -0.5376141667:  88%|████████▊ | 175/200 [00:31<00:04,  5.44it/s]

# Epoch 175: train_loss: -0.5411714315:  88%|████████▊ | 175/200 [00:31<00:04,  5.44it/s]
# Epoch 175: train_loss: -0.5411714315:  88%|████████▊ | 176/200 [00:31<00:04,  5.45it/s]

# Epoch 176: train_loss: -0.5393655300:  88%|████████▊ | 176/200 [00:32<00:04,  5.45it/s]
# Epoch 176: train_loss: -0.5393655300:  88%|████████▊ | 177/200 [00:32<00:04,  5.45it/s]

# Epoch 177: train_loss: -0.5393948555:  88%|████████▊ | 177/200 [00:32<00:04,  5.45it/s]
# Epoch 177: train_loss: -0.5393948555:  89%|████████▉ | 178/200 [00:32<00:04,  5.46it/s]

# Epoch 178: train_loss: -0.5406673551:  89%|████████▉ | 178/200 [00:32<00:04,  5.46it/s]
# Epoch 178: train_loss: -0.5406673551:  90%|████████▉ | 179/200 [00:32<00:03,  5.46it/s]

# Epoch 179: train_loss: -0.5403035879:  90%|████████▉ | 179/200 [00:32<00:03,  5.46it/s]
# Epoch 179: train_loss: -0.5403035879:  90%|█████████ | 180/200 [00:32<00:03,  5.46it/s]

# Epoch 180: train_loss: -0.5403135419:  90%|█████████ | 180/200 [00:32<00:03,  5.46it/s]
# Epoch 180: train_loss: -0.5403135419:  90%|█████████ | 181/200 [00:32<00:03,  5.45it/s]

# Epoch 181: train_loss: -0.5418190956:  90%|█████████ | 181/200 [00:32<00:03,  5.45it/s]
# Epoch 181: train_loss: -0.5418190956:  91%|█████████ | 182/200 [00:32<00:03,  5.45it/s]

# Epoch 182: train_loss: -0.5422307253:  91%|█████████ | 182/200 [00:33<00:03,  5.45it/s]
# Epoch 182: train_loss: -0.5422307253:  92%|█████████▏| 183/200 [00:33<00:03,  5.45it/s]

# Epoch 183: train_loss: -0.5414101481:  92%|█████████▏| 183/200 [00:33<00:03,  5.45it/s]
# Epoch 183: train_loss: -0.5414101481:  92%|█████████▏| 184/200 [00:33<00:02,  5.46it/s]

# Epoch 184: train_loss: -0.5426952839:  92%|█████████▏| 184/200 [00:33<00:02,  5.46it/s]
# Epoch 184: train_loss: -0.5426952839:  92%|█████████▎| 185/200 [00:33<00:02,  5.46it/s]

# Epoch 185: train_loss: -0.5450956225:  92%|█████████▎| 185/200 [00:33<00:02,  5.46it/s]
# Epoch 185: train_loss: -0.5450956225:  93%|█████████▎| 186/200 [00:33<00:02,  5.46it/s]

# Epoch 186: train_loss: -0.5456577539:  93%|█████████▎| 186/200 [00:33<00:02,  5.46it/s]
# Epoch 186: train_loss: -0.5456577539:  94%|█████████▎| 187/200 [00:33<00:02,  5.46it/s]

# Epoch 187: train_loss: -0.5465574265:  94%|█████████▎| 187/200 [00:34<00:02,  5.46it/s]
# Epoch 187: train_loss: -0.5465574265:  94%|█████████▍| 188/200 [00:34<00:02,  5.46it/s]

# Epoch 188: train_loss: -0.5483755469:  94%|█████████▍| 188/200 [00:34<00:02,  5.46it/s]
# Epoch 188: train_loss: -0.5483755469:  94%|█████████▍| 189/200 [00:34<00:02,  5.47it/s]

# Epoch 189: train_loss: -0.5508905649:  94%|█████████▍| 189/200 [00:34<00:02,  5.47it/s]
# Epoch 189: train_loss: -0.5508905649:  95%|█████████▌| 190/200 [00:34<00:01,  5.47it/s]

# Epoch 190: train_loss: -0.5490943193:  95%|█████████▌| 190/200 [00:34<00:01,  5.47it/s]
# Epoch 190: train_loss: -0.5490943193:  96%|█████████▌| 191/200 [00:34<00:01,  5.47it/s]

# Epoch 191: train_loss: -0.5498649478:  96%|█████████▌| 191/200 [00:34<00:01,  5.47it/s]
# Epoch 191: train_loss: -0.5498649478:  96%|█████████▌| 192/200 [00:34<00:01,  5.47it/s]

# Epoch 192: train_loss: -0.5519932508:  96%|█████████▌| 192/200 [00:34<00:01,  5.47it/s]
# Epoch 192: train_loss: -0.5519932508:  96%|█████████▋| 193/200 [00:34<00:01,  5.48it/s]

# Epoch 193: train_loss: -0.5537446737:  96%|█████████▋| 193/200 [00:35<00:01,  5.48it/s]
# Epoch 193: train_loss: -0.5537446737:  97%|█████████▋| 194/200 [00:35<00:01,  5.47it/s]

# Epoch 194: train_loss: -0.5534299612:  97%|█████████▋| 194/200 [00:35<00:01,  5.47it/s]
# Epoch 194: train_loss: -0.5534299612:  98%|█████████▊| 195/200 [00:35<00:00,  5.48it/s]

# Epoch 195: train_loss: -0.5536817312:  98%|█████████▊| 195/200 [00:35<00:00,  5.48it/s]
# Epoch 195: train_loss: -0.5536817312:  98%|█████████▊| 196/200 [00:35<00:00,  5.49it/s]

# Epoch 196: train_loss: -0.5532836318:  98%|█████████▊| 196/200 [00:35<00:00,  5.49it/s]
# Epoch 196: train_loss: -0.5532836318:  98%|█████████▊| 197/200 [00:35<00:00,  5.48it/s]

# Epoch 197: train_loss: -0.5570434928:  98%|█████████▊| 197/200 [00:35<00:00,  5.48it/s]
# Epoch 197: train_loss: -0.5570434928:  99%|█████████▉| 198/200 [00:35<00:00,  5.48it/s]

# Epoch 198: train_loss: -0.5557892919:  99%|█████████▉| 198/200 [00:36<00:00,  5.48it/s]
# Epoch 198: train_loss: -0.5557892919: 100%|█████████▉| 199/200 [00:36<00:00,  5.48it/s]

# Epoch 199: train_loss: -0.5563935637: 100%|█████████▉| 199/200 [00:36<00:00,  5.48it/s]
# Epoch 199: train_loss: -0.5563935637: 100%|██████████| 200/200 [00:36<00:00,  5.47it/s]
# Epoch 199: train_loss: -0.5563935637: 100%|██████████| 200/200 [00:36<00:00,  5.52it/s]

  0%|          | 0/188 [00:00<?, ?it/s]
# Epoch: 0, train_loss: 0.7748, train_acc:0.38029, val_loss: 0.7176, val_acc:0.37125, val_f1:0.41982:   0%|          | 0/188 [00:00<?, ?it/s]
# Epoch: 0, train_loss: 0.7748, train_acc:0.38029, val_loss: 0.7176, val_acc:0.37125, val_f1:0.41982:   1%|          | 1/188 [00:00<00:40,  4.65it/s]
# Epoch: 1, train_loss: 0.7668, train_acc:0.38186, val_loss: 0.7138, val_acc:0.37167, val_f1:0.41998:   1%|          | 1/188 [00:00<00:40,  4.65it/s]
# Epoch: 1, train_loss: 0.7668, train_acc:0.38186, val_loss: 0.7138, val_acc:0.37167, val_f1:0.41998:   1%|          | 2/188 [00:00<00:39,  4.71it/s]
# Epoch: 2, train_loss: 0.7592, train_acc:0.38282, val_loss: 0.7100, val_acc:0.37209, val_f1:0.42015:   1%|          | 2/188 [00:00<00:39,  4.71it/s]
# Epoch: 2, train_loss: 0.7592, train_acc:0.38282, val_loss: 0.7100, val_acc:0.37209, val_f1:0.42015:   2%|▏         | 3/188 [00:00<00:39,  4.72it/s]
# Epoch: 3, train_loss: 0.7525, train_acc:0.38439, val_loss: 0.7064, val_acc:0.37505, val_f1:0.4213:   2%|▏         | 3/188 [00:00<00:39,  4.72it/s] 
# Epoch: 3, train_loss: 0.7525, train_acc:0.38439, val_loss: 0.7064, val_acc:0.37505, val_f1:0.4213:   2%|▏         | 4/188 [00:00<00:39,  4.64it/s]
# Epoch: 4, train_loss: 0.7451, train_acc:0.38633, val_loss: 0.7030, val_acc:0.37759, val_f1:0.42229:   2%|▏         | 4/188 [00:01<00:39,  4.64it/s]
# Epoch: 4, train_loss: 0.7451, train_acc:0.38633, val_loss: 0.7030, val_acc:0.37759, val_f1:0.42229:   3%|▎         | 5/188 [00:01<00:39,  4.67it/s]
# Epoch: 5, train_loss: 0.7390, train_acc:0.39261, val_loss: 0.6998, val_acc:0.38055, val_f1:0.42346:   3%|▎         | 5/188 [00:01<00:39,  4.67it/s]
# Epoch: 5, train_loss: 0.7390, train_acc:0.39261, val_loss: 0.6998, val_acc:0.38055, val_f1:0.42346:   3%|▎         | 6/188 [00:01<00:39,  4.63it/s]
# Epoch: 6, train_loss: 0.7331, train_acc:0.40167, val_loss: 0.6969, val_acc:0.39281, val_f1:0.46338:   3%|▎         | 6/188 [00:01<00:39,  4.63it/s]
# Epoch: 6, train_loss: 0.7331, train_acc:0.40167, val_loss: 0.6969, val_acc:0.39281, val_f1:0.46338:   4%|▎         | 7/188 [00:01<00:39,  4.55it/s]
# Epoch: 7, train_loss: 0.7283, train_acc:0.41713, val_loss: 0.6941, val_acc:0.40761, val_f1:0.48512:   4%|▎         | 7/188 [00:01<00:39,  4.55it/s]
# Epoch: 7, train_loss: 0.7283, train_acc:0.41713, val_loss: 0.6941, val_acc:0.40761, val_f1:0.48512:   4%|▍         | 8/188 [00:01<00:42,  4.22it/s]
# Epoch: 8, train_loss: 0.7232, train_acc:0.51123, val_loss: 0.6915, val_acc:0.57928, val_f1:0.72307:   4%|▍         | 8/188 [00:02<00:42,  4.22it/s]
# Epoch: 8, train_loss: 0.7232, train_acc:0.51123, val_loss: 0.6915, val_acc:0.57928, val_f1:0.72307:   5%|▍         | 9/188 [00:02<00:42,  4.26it/s]
# Epoch: 9, train_loss: 0.7196, train_acc:0.59954, val_loss: 0.6892, val_acc:0.58858, val_f1:0.72814:   5%|▍         | 9/188 [00:02<00:42,  4.26it/s]
# Epoch: 9, train_loss: 0.7196, train_acc:0.59954, val_loss: 0.6892, val_acc:0.58858, val_f1:0.72814:   5%|▌         | 10/188 [00:02<00:41,  4.30it/s]
# Epoch: 10, train_loss: 0.7152, train_acc:0.62225, val_loss: 0.6870, val_acc:0.59619, val_f1:0.73182:   5%|▌         | 10/188 [00:02<00:41,  4.30it/s]
# Epoch: 10, train_loss: 0.7152, train_acc:0.62225, val_loss: 0.6870, val_acc:0.59619, val_f1:0.73182:   6%|▌         | 11/188 [00:02<00:41,  4.30it/s]
# Epoch: 11, train_loss: 0.7119, train_acc:0.62563, val_loss: 0.6849, val_acc:0.60719, val_f1:0.7372:   6%|▌         | 11/188 [00:02<00:41,  4.30it/s] 
# Epoch: 11, train_loss: 0.7119, train_acc:0.62563, val_loss: 0.6849, val_acc:0.60719, val_f1:0.7372:   6%|▋         | 12/188 [00:02<00:41,  4.23it/s]
# Epoch: 12, train_loss: 0.7085, train_acc:0.64291, val_loss: 0.6830, val_acc:0.6241, val_f1:0.74535:   6%|▋         | 12/188 [00:02<00:41,  4.23it/s]
# Epoch: 12, train_loss: 0.7085, train_acc:0.64291, val_loss: 0.6830, val_acc:0.6241, val_f1:0.74535:   7%|▋         | 13/188 [00:02<00:40,  4.27it/s]
# Epoch: 13, train_loss: 0.7054, train_acc:0.64351, val_loss: 0.6814, val_acc:0.64609, val_f1:0.75647:   7%|▋         | 13/188 [00:03<00:40,  4.27it/s]
# Epoch: 13, train_loss: 0.7054, train_acc:0.64351, val_loss: 0.6814, val_acc:0.64609, val_f1:0.75647:   7%|▋         | 14/188 [00:03<00:41,  4.18it/s]
# Epoch: 14, train_loss: 0.7032, train_acc:0.64557, val_loss: 0.6800, val_acc:0.70613, val_f1:0.78869:   7%|▋         | 14/188 [00:03<00:41,  4.18it/s]
# Epoch: 14, train_loss: 0.7032, train_acc:0.64557, val_loss: 0.6800, val_acc:0.70613, val_f1:0.78869:   8%|▊         | 15/188 [00:03<00:42,  4.11it/s]
# Epoch: 15, train_loss: 0.7002, train_acc:0.65632, val_loss: 0.6785, val_acc:0.75729, val_f1:0.81424:   8%|▊         | 15/188 [00:03<00:42,  4.11it/s]
# Epoch: 15, train_loss: 0.7002, train_acc:0.65632, val_loss: 0.6785, val_acc:0.75729, val_f1:0.81424:   9%|▊         | 16/188 [00:03<00:42,  4.05it/s]
# Epoch: 16, train_loss: 0.6980, train_acc:0.65644, val_loss: 0.6771, val_acc:0.69471, val_f1:0.7414:   9%|▊         | 16/188 [00:03<00:42,  4.05it/s] 
# Epoch: 16, train_loss: 0.6980, train_acc:0.65644, val_loss: 0.6771, val_acc:0.69471, val_f1:0.7414:   9%|▉         | 17/188 [00:03<00:40,  4.20it/s]
# Epoch: 17, train_loss: 0.6957, train_acc:0.64569, val_loss: 0.6757, val_acc:0.64271, val_f1:0.66375:   9%|▉         | 17/188 [00:04<00:40,  4.20it/s]
# Epoch: 17, train_loss: 0.6957, train_acc:0.64569, val_loss: 0.6757, val_acc:0.64271, val_f1:0.66375:  10%|▉         | 18/188 [00:04<00:40,  4.24it/s]
# Epoch: 18, train_loss: 0.6936, train_acc:0.651, val_loss: 0.6743, val_acc:0.64228, val_f1:0.6616:  10%|▉         | 18/188 [00:04<00:40,  4.24it/s]   
# Epoch: 18, train_loss: 0.6936, train_acc:0.651, val_loss: 0.6743, val_acc:0.64228, val_f1:0.6616:  10%|█         | 19/188 [00:04<00:39,  4.25it/s]
# Epoch: 19, train_loss: 0.6916, train_acc:0.65245, val_loss: 0.6729, val_acc:0.64228, val_f1:0.66133:  10%|█         | 19/188 [00:04<00:39,  4.25it/s]
# Epoch: 19, train_loss: 0.6916, train_acc:0.65245, val_loss: 0.6729, val_acc:0.64228, val_f1:0.66133:  11%|█         | 20/188 [00:04<00:39,  4.20it/s]
# Epoch: 20, train_loss: 0.6898, train_acc:0.65571, val_loss: 0.6715, val_acc:0.64271, val_f1:0.66159:  11%|█         | 20/188 [00:04<00:39,  4.20it/s]
# Epoch: 20, train_loss: 0.6898, train_acc:0.65571, val_loss: 0.6715, val_acc:0.64271, val_f1:0.66159:  11%|█         | 21/188 [00:04<00:38,  4.33it/s]
# Epoch: 21, train_loss: 0.6877, train_acc:0.6539, val_loss: 0.6702, val_acc:0.64313, val_f1:0.66186:  11%|█         | 21/188 [00:05<00:38,  4.33it/s] 
# Epoch: 21, train_loss: 0.6877, train_acc:0.6539, val_loss: 0.6702, val_acc:0.64313, val_f1:0.66186:  12%|█▏        | 22/188 [00:05<00:37,  4.40it/s]
# Epoch: 22, train_loss: 0.6863, train_acc:0.64919, val_loss: 0.6688, val_acc:0.64355, val_f1:0.66212:  12%|█▏        | 22/188 [00:05<00:37,  4.40it/s]
# Epoch: 22, train_loss: 0.6863, train_acc:0.64919, val_loss: 0.6688, val_acc:0.64355, val_f1:0.66212:  12%|█▏        | 23/188 [00:05<00:36,  4.51it/s]
# Epoch: 23, train_loss: 0.6844, train_acc:0.65342, val_loss: 0.6674, val_acc:0.64355, val_f1:0.66212:  12%|█▏        | 23/188 [00:05<00:36,  4.51it/s]
# Epoch: 23, train_loss: 0.6844, train_acc:0.65342, val_loss: 0.6674, val_acc:0.64355, val_f1:0.66212:  13%|█▎        | 24/188 [00:05<00:37,  4.41it/s]
# Epoch: 24, train_loss: 0.6831, train_acc:0.64847, val_loss: 0.6660, val_acc:0.64355, val_f1:0.66212:  13%|█▎        | 24/188 [00:05<00:37,  4.41it/s]
# Epoch: 24, train_loss: 0.6831, train_acc:0.64847, val_loss: 0.6660, val_acc:0.64355, val_f1:0.66212:  13%|█▎        | 25/188 [00:05<00:39,  4.14it/s]
# Epoch: 25, train_loss: 0.6811, train_acc:0.65281, val_loss: 0.6644, val_acc:0.64313, val_f1:0.66159:  13%|█▎        | 25/188 [00:06<00:39,  4.14it/s]
# Epoch: 25, train_loss: 0.6811, train_acc:0.65281, val_loss: 0.6644, val_acc:0.64313, val_f1:0.66159:  14%|█▍        | 26/188 [00:06<00:39,  4.14it/s]
# Epoch: 26, train_loss: 0.6792, train_acc:0.65052, val_loss: 0.6629, val_acc:0.64355, val_f1:0.66185:  14%|█▍        | 26/188 [00:06<00:39,  4.14it/s]
# Epoch: 26, train_loss: 0.6792, train_acc:0.65052, val_loss: 0.6629, val_acc:0.64355, val_f1:0.66185:  14%|█▍        | 27/188 [00:06<00:37,  4.33it/s]
# Epoch: 27, train_loss: 0.6778, train_acc:0.65221, val_loss: 0.6614, val_acc:0.64355, val_f1:0.66185:  14%|█▍        | 27/188 [00:06<00:37,  4.33it/s]
# Epoch: 27, train_loss: 0.6778, train_acc:0.65221, val_loss: 0.6614, val_acc:0.64355, val_f1:0.66185:  15%|█▍        | 28/188 [00:06<00:36,  4.42it/s]
# Epoch: 28, train_loss: 0.6760, train_acc:0.65221, val_loss: 0.6599, val_acc:0.64355, val_f1:0.66185:  15%|█▍        | 28/188 [00:06<00:36,  4.42it/s]
# Epoch: 28, train_loss: 0.6760, train_acc:0.65221, val_loss: 0.6599, val_acc:0.64355, val_f1:0.66185:  15%|█▌        | 29/188 [00:06<00:36,  4.37it/s]
# Epoch: 29, train_loss: 0.6745, train_acc:0.65124, val_loss: 0.6583, val_acc:0.64397, val_f1:0.66212:  15%|█▌        | 29/188 [00:06<00:36,  4.37it/s]
# Epoch: 29, train_loss: 0.6745, train_acc:0.65124, val_loss: 0.6583, val_acc:0.64397, val_f1:0.66212:  16%|█▌        | 30/188 [00:06<00:35,  4.42it/s]
# Epoch: 30, train_loss: 0.6727, train_acc:0.65632, val_loss: 0.6566, val_acc:0.64397, val_f1:0.66212:  16%|█▌        | 30/188 [00:07<00:35,  4.42it/s]
# Epoch: 30, train_loss: 0.6727, train_acc:0.65632, val_loss: 0.6566, val_acc:0.64397, val_f1:0.66212:  16%|█▋        | 31/188 [00:07<00:35,  4.43it/s]
# Epoch: 31, train_loss: 0.6708, train_acc:0.65487, val_loss: 0.6550, val_acc:0.64397, val_f1:0.66212:  16%|█▋        | 31/188 [00:07<00:35,  4.43it/s]
# Epoch: 31, train_loss: 0.6708, train_acc:0.65487, val_loss: 0.6550, val_acc:0.64397, val_f1:0.66212:  17%|█▋        | 32/188 [00:07<00:34,  4.53it/s]
# Epoch: 32, train_loss: 0.6685, train_acc:0.65463, val_loss: 0.6533, val_acc:0.64397, val_f1:0.66212:  17%|█▋        | 32/188 [00:07<00:34,  4.53it/s]
# Epoch: 32, train_loss: 0.6685, train_acc:0.65463, val_loss: 0.6533, val_acc:0.64397, val_f1:0.66212:  18%|█▊        | 33/188 [00:07<00:33,  4.59it/s]
# Epoch: 33, train_loss: 0.6664, train_acc:0.65982, val_loss: 0.6515, val_acc:0.64397, val_f1:0.66212:  18%|█▊        | 33/188 [00:07<00:33,  4.59it/s]
# Epoch: 33, train_loss: 0.6664, train_acc:0.65982, val_loss: 0.6515, val_acc:0.64397, val_f1:0.66212:  18%|█▊        | 34/188 [00:07<00:33,  4.54it/s]
# Epoch: 34, train_loss: 0.6646, train_acc:0.6568, val_loss: 0.6495, val_acc:0.64397, val_f1:0.66212:  18%|█▊        | 34/188 [00:07<00:33,  4.54it/s] 
# Epoch: 34, train_loss: 0.6646, train_acc:0.6568, val_loss: 0.6495, val_acc:0.64397, val_f1:0.66212:  19%|█▊        | 35/188 [00:07<00:33,  4.59it/s]
# Epoch: 35, train_loss: 0.6619, train_acc:0.66417, val_loss: 0.6475, val_acc:0.6444, val_f1:0.66238:  19%|█▊        | 35/188 [00:08<00:33,  4.59it/s]
# Epoch: 35, train_loss: 0.6619, train_acc:0.66417, val_loss: 0.6475, val_acc:0.6444, val_f1:0.66238:  19%|█▉        | 36/188 [00:08<00:33,  4.58it/s]
# Epoch: 36, train_loss: 0.6601, train_acc:0.66151, val_loss: 0.6451, val_acc:0.64524, val_f1:0.66373:  19%|█▉        | 36/188 [00:08<00:33,  4.58it/s]
# Epoch: 36, train_loss: 0.6601, train_acc:0.66151, val_loss: 0.6451, val_acc:0.64524, val_f1:0.66373:  20%|█▉        | 37/188 [00:08<00:33,  4.53it/s]
# Epoch: 37, train_loss: 0.6564, train_acc:0.66961, val_loss: 0.6425, val_acc:0.674, val_f1:0.70539:  20%|█▉        | 37/188 [00:08<00:33,  4.53it/s]  
# Epoch: 37, train_loss: 0.6564, train_acc:0.66961, val_loss: 0.6425, val_acc:0.674, val_f1:0.70539:  20%|██        | 38/188 [00:08<00:32,  4.59it/s]
# Epoch: 38, train_loss: 0.6535, train_acc:0.67468, val_loss: 0.6398, val_acc:0.70867, val_f1:0.75366:  20%|██        | 38/188 [00:08<00:32,  4.59it/s]
# Epoch: 38, train_loss: 0.6535, train_acc:0.67468, val_loss: 0.6398, val_acc:0.70867, val_f1:0.75366:  21%|██        | 39/188 [00:08<00:33,  4.48it/s]
# Epoch: 39, train_loss: 0.6495, train_acc:0.68652, val_loss: 0.6368, val_acc:0.73446, val_f1:0.78697:  21%|██        | 39/188 [00:09<00:33,  4.48it/s]
# Epoch: 39, train_loss: 0.6495, train_acc:0.68652, val_loss: 0.6368, val_acc:0.73446, val_f1:0.78697:  21%|██▏       | 40/188 [00:09<00:32,  4.55it/s]
# Epoch: 40, train_loss: 0.6457, train_acc:0.69268, val_loss: 0.6338, val_acc:0.74968, val_f1:0.80423:  21%|██▏       | 40/188 [00:09<00:32,  4.55it/s]
# Epoch: 40, train_loss: 0.6457, train_acc:0.69268, val_loss: 0.6338, val_acc:0.74968, val_f1:0.80423:  22%|██▏       | 41/188 [00:09<00:33,  4.39it/s]
# Epoch: 41, train_loss: 0.6419, train_acc:0.70271, val_loss: 0.6306, val_acc:0.75983, val_f1:0.81414:  22%|██▏       | 41/188 [00:09<00:33,  4.39it/s]
# Epoch: 41, train_loss: 0.6419, train_acc:0.70271, val_loss: 0.6306, val_acc:0.75983, val_f1:0.81414:  22%|██▏       | 42/188 [00:09<00:33,  4.32it/s]
# Epoch: 42, train_loss: 0.6378, train_acc:0.70935, val_loss: 0.6271, val_acc:0.76575, val_f1:0.82129:  22%|██▏       | 42/188 [00:09<00:33,  4.32it/s]
# Epoch: 42, train_loss: 0.6378, train_acc:0.70935, val_loss: 0.6271, val_acc:0.76575, val_f1:0.82129:  23%|██▎       | 43/188 [00:09<00:34,  4.25it/s]
# Epoch: 43, train_loss: 0.6326, train_acc:0.72252, val_loss: 0.6233, val_acc:0.76956, val_f1:0.82482:  23%|██▎       | 43/188 [00:10<00:34,  4.25it/s]
# Epoch: 43, train_loss: 0.6326, train_acc:0.72252, val_loss: 0.6233, val_acc:0.76956, val_f1:0.82482:  23%|██▎       | 44/188 [00:10<00:33,  4.30it/s]
# Epoch: 44, train_loss: 0.6284, train_acc:0.72735, val_loss: 0.6193, val_acc:0.77082, val_f1:0.82606:  23%|██▎       | 44/188 [00:10<00:33,  4.30it/s]
# Epoch: 44, train_loss: 0.6284, train_acc:0.72735, val_loss: 0.6193, val_acc:0.77082, val_f1:0.82606:  24%|██▍       | 45/188 [00:10<00:33,  4.32it/s]
# Epoch: 45, train_loss: 0.6224, train_acc:0.74173, val_loss: 0.6149, val_acc:0.77252, val_f1:0.82734:  24%|██▍       | 45/188 [00:10<00:33,  4.32it/s]
# Epoch: 45, train_loss: 0.6224, train_acc:0.74173, val_loss: 0.6149, val_acc:0.77252, val_f1:0.82734:  24%|██▍       | 46/188 [00:10<00:32,  4.30it/s]
# Epoch: 46, train_loss: 0.6186, train_acc:0.7445, val_loss: 0.6103, val_acc:0.77505, val_f1:0.82905:  24%|██▍       | 46/188 [00:10<00:32,  4.30it/s] 
# Epoch: 46, train_loss: 0.6186, train_acc:0.7445, val_loss: 0.6103, val_acc:0.77505, val_f1:0.82905:  25%|██▌       | 47/188 [00:10<00:33,  4.22it/s]
# Epoch: 47, train_loss: 0.6116, train_acc:0.75308, val_loss: 0.6052, val_acc:0.7797, val_f1:0.8321:  25%|██▌       | 47/188 [00:11<00:33,  4.22it/s] 
# Epoch: 47, train_loss: 0.6116, train_acc:0.75308, val_loss: 0.6052, val_acc:0.7797, val_f1:0.8321:  26%|██▌       | 48/188 [00:11<00:33,  4.12it/s]
# Epoch: 48, train_loss: 0.6055, train_acc:0.76311, val_loss: 0.5993, val_acc:0.78436, val_f1:0.83506:  26%|██▌       | 48/188 [00:11<00:33,  4.12it/s]
# Epoch: 48, train_loss: 0.6055, train_acc:0.76311, val_loss: 0.5993, val_acc:0.78436, val_f1:0.83506:  26%|██▌       | 49/188 [00:11<00:33,  4.15it/s]
# Epoch: 49, train_loss: 0.5993, train_acc:0.77048, val_loss: 0.5927, val_acc:0.78562, val_f1:0.83576:  26%|██▌       | 49/188 [00:11<00:33,  4.15it/s]
# Epoch: 49, train_loss: 0.5993, train_acc:0.77048, val_loss: 0.5927, val_acc:0.78562, val_f1:0.83576:  27%|██▋       | 50/188 [00:11<00:32,  4.24it/s]
# Epoch: 50, train_loss: 0.5923, train_acc:0.7747, val_loss: 0.5856, val_acc:0.78816, val_f1:0.8376:  27%|██▋       | 50/188 [00:11<00:32,  4.24it/s]  
# Epoch: 50, train_loss: 0.5923, train_acc:0.7747, val_loss: 0.5856, val_acc:0.78816, val_f1:0.8376:  27%|██▋       | 51/188 [00:11<00:31,  4.34it/s]
# Epoch: 51, train_loss: 0.5851, train_acc:0.77507, val_loss: 0.5784, val_acc:0.78943, val_f1:0.83873:  27%|██▋       | 51/188 [00:11<00:31,  4.34it/s]
# Epoch: 51, train_loss: 0.5851, train_acc:0.77507, val_loss: 0.5784, val_acc:0.78943, val_f1:0.83873:  28%|██▊       | 52/188 [00:11<00:30,  4.44it/s]
# Epoch: 52, train_loss: 0.5777, train_acc:0.78244, val_loss: 0.5708, val_acc:0.79112, val_f1:0.83992:  28%|██▊       | 52/188 [00:12<00:30,  4.44it/s]
# Epoch: 52, train_loss: 0.5777, train_acc:0.78244, val_loss: 0.5708, val_acc:0.79112, val_f1:0.83992:  28%|██▊       | 53/188 [00:12<00:30,  4.50it/s]
# Epoch: 53, train_loss: 0.5711, train_acc:0.78099, val_loss: 0.5635, val_acc:0.7945, val_f1:0.84231:  28%|██▊       | 53/188 [00:12<00:30,  4.50it/s] 
# Epoch: 53, train_loss: 0.5711, train_acc:0.78099, val_loss: 0.5635, val_acc:0.7945, val_f1:0.84231:  29%|██▊       | 54/188 [00:12<00:29,  4.54it/s]
# Epoch: 54, train_loss: 0.5640, train_acc:0.7886, val_loss: 0.5557, val_acc:0.79535, val_f1:0.84296:  29%|██▊       | 54/188 [00:12<00:29,  4.54it/s]
# Epoch: 54, train_loss: 0.5640, train_acc:0.7886, val_loss: 0.5557, val_acc:0.79535, val_f1:0.84296:  29%|██▉       | 55/188 [00:12<00:29,  4.58it/s]
# Epoch: 55, train_loss: 0.5564, train_acc:0.79198, val_loss: 0.5476, val_acc:0.79535, val_f1:0.84296:  29%|██▉       | 55/188 [00:12<00:29,  4.58it/s]
# Epoch: 55, train_loss: 0.5564, train_acc:0.79198, val_loss: 0.5476, val_acc:0.79535, val_f1:0.84296:  30%|██▉       | 56/188 [00:12<00:29,  4.52it/s]
# Epoch: 56, train_loss: 0.5484, train_acc:0.79536, val_loss: 0.5387, val_acc:0.79619, val_f1:0.84351:  30%|██▉       | 56/188 [00:13<00:29,  4.52it/s]
# Epoch: 56, train_loss: 0.5484, train_acc:0.79536, val_loss: 0.5387, val_acc:0.79619, val_f1:0.84351:  30%|███       | 57/188 [00:13<00:28,  4.58it/s]
# Epoch: 57, train_loss: 0.5431, train_acc:0.7979, val_loss: 0.5304, val_acc:0.79662, val_f1:0.84378:  30%|███       | 57/188 [00:13<00:28,  4.58it/s] 
# Epoch: 57, train_loss: 0.5431, train_acc:0.7979, val_loss: 0.5304, val_acc:0.79662, val_f1:0.84378:  31%|███       | 58/188 [00:13<00:28,  4.63it/s]
# Epoch: 58, train_loss: 0.5353, train_acc:0.79729, val_loss: 0.5224, val_acc:0.79619, val_f1:0.84351:  31%|███       | 58/188 [00:13<00:28,  4.63it/s]
# Epoch: 58, train_loss: 0.5353, train_acc:0.79729, val_loss: 0.5224, val_acc:0.79619, val_f1:0.84351:  31%|███▏      | 59/188 [00:13<00:27,  4.74it/s]
# Epoch: 59, train_loss: 0.5261, train_acc:0.80128, val_loss: 0.5151, val_acc:0.79619, val_f1:0.84351:  31%|███▏      | 59/188 [00:13<00:27,  4.74it/s]
# Epoch: 59, train_loss: 0.5261, train_acc:0.80128, val_loss: 0.5151, val_acc:0.79619, val_f1:0.84351:  32%|███▏      | 60/188 [00:13<00:26,  4.83it/s]
# Epoch: 60, train_loss: 0.5198, train_acc:0.80019, val_loss: 0.5084, val_acc:0.79577, val_f1:0.84323:  32%|███▏      | 60/188 [00:13<00:26,  4.83it/s]
# Epoch: 60, train_loss: 0.5198, train_acc:0.80019, val_loss: 0.5084, val_acc:0.79577, val_f1:0.84323:  32%|███▏      | 61/188 [00:13<00:25,  4.89it/s]
# Epoch: 61, train_loss: 0.5137, train_acc:0.8014, val_loss: 0.5022, val_acc:0.79619, val_f1:0.84361:  32%|███▏      | 61/188 [00:14<00:25,  4.89it/s] 
# Epoch: 61, train_loss: 0.5137, train_acc:0.8014, val_loss: 0.5022, val_acc:0.79619, val_f1:0.84361:  33%|███▎      | 62/188 [00:14<00:25,  4.93it/s]
# Epoch: 62, train_loss: 0.5064, train_acc:0.80442, val_loss: 0.4962, val_acc:0.79619, val_f1:0.84361:  33%|███▎      | 62/188 [00:14<00:25,  4.93it/s]
# Epoch: 62, train_loss: 0.5064, train_acc:0.80442, val_loss: 0.4962, val_acc:0.79619, val_f1:0.84361:  34%|███▎      | 63/188 [00:14<00:25,  4.96it/s]
# Epoch: 63, train_loss: 0.5007, train_acc:0.80503, val_loss: 0.4910, val_acc:0.79619, val_f1:0.84371:  34%|███▎      | 63/188 [00:14<00:25,  4.96it/s]
# Epoch: 63, train_loss: 0.5007, train_acc:0.80503, val_loss: 0.4910, val_acc:0.79619, val_f1:0.84371:  34%|███▍      | 64/188 [00:14<00:24,  4.98it/s]
# Epoch: 64, train_loss: 0.4957, train_acc:0.80768, val_loss: 0.4862, val_acc:0.79662, val_f1:0.84408:  34%|███▍      | 64/188 [00:14<00:24,  4.98it/s]
# Epoch: 64, train_loss: 0.4957, train_acc:0.80768, val_loss: 0.4862, val_acc:0.79662, val_f1:0.84408:  35%|███▍      | 65/188 [00:14<00:25,  4.90it/s]
# Epoch: 65, train_loss: 0.4903, train_acc:0.80841, val_loss: 0.4816, val_acc:0.79662, val_f1:0.84408:  35%|███▍      | 65/188 [00:14<00:25,  4.90it/s]
# Epoch: 65, train_loss: 0.4903, train_acc:0.80841, val_loss: 0.4816, val_acc:0.79662, val_f1:0.84408:  35%|███▌      | 66/188 [00:14<00:25,  4.85it/s]
# Epoch: 66, train_loss: 0.4861, train_acc:0.80599, val_loss: 0.4775, val_acc:0.79662, val_f1:0.84408:  35%|███▌      | 66/188 [00:15<00:25,  4.85it/s]
# Epoch: 66, train_loss: 0.4861, train_acc:0.80599, val_loss: 0.4775, val_acc:0.79662, val_f1:0.84408:  36%|███▌      | 67/188 [00:15<00:25,  4.78it/s]
# Epoch: 67, train_loss: 0.4808, train_acc:0.8078, val_loss: 0.4738, val_acc:0.79704, val_f1:0.84436:  36%|███▌      | 67/188 [00:15<00:25,  4.78it/s] 
# Epoch: 67, train_loss: 0.4808, train_acc:0.8078, val_loss: 0.4738, val_acc:0.79704, val_f1:0.84436:  36%|███▌      | 68/188 [00:15<00:25,  4.73it/s]
# Epoch: 68, train_loss: 0.4777, train_acc:0.80599, val_loss: 0.4704, val_acc:0.79746, val_f1:0.84463:  36%|███▌      | 68/188 [00:15<00:25,  4.73it/s]
# Epoch: 68, train_loss: 0.4777, train_acc:0.80599, val_loss: 0.4704, val_acc:0.79746, val_f1:0.84463:  37%|███▋      | 69/188 [00:15<00:25,  4.73it/s]
# Epoch: 69, train_loss: 0.4722, train_acc:0.80889, val_loss: 0.4671, val_acc:0.79831, val_f1:0.84508:  37%|███▋      | 69/188 [00:15<00:25,  4.73it/s]
# Epoch: 69, train_loss: 0.4722, train_acc:0.80889, val_loss: 0.4671, val_acc:0.79831, val_f1:0.84508:  37%|███▋      | 70/188 [00:15<00:24,  4.73it/s]
# Epoch: 70, train_loss: 0.4694, train_acc:0.80913, val_loss: 0.4638, val_acc:0.79958, val_f1:0.8459:  37%|███▋      | 70/188 [00:15<00:24,  4.73it/s] 
# Epoch: 70, train_loss: 0.4694, train_acc:0.80913, val_loss: 0.4638, val_acc:0.79958, val_f1:0.8459:  38%|███▊      | 71/188 [00:15<00:24,  4.73it/s]
# Epoch: 71, train_loss: 0.4656, train_acc:0.81119, val_loss: 0.4606, val_acc:0.8, val_f1:0.84578:  38%|███▊      | 71/188 [00:16<00:24,  4.73it/s]   
# Epoch: 71, train_loss: 0.4656, train_acc:0.81119, val_loss: 0.4606, val_acc:0.8, val_f1:0.84578:  38%|███▊      | 72/188 [00:16<00:24,  4.74it/s]
# Epoch: 72, train_loss: 0.4625, train_acc:0.81191, val_loss: 0.4575, val_acc:0.80085, val_f1:0.84603:  38%|███▊      | 72/188 [00:16<00:24,  4.74it/s]
# Epoch: 72, train_loss: 0.4625, train_acc:0.81191, val_loss: 0.4575, val_acc:0.80085, val_f1:0.84603:  39%|███▉      | 73/188 [00:16<00:24,  4.74it/s]
# Epoch: 73, train_loss: 0.4581, train_acc:0.8136, val_loss: 0.4543, val_acc:0.80507, val_f1:0.8487:  39%|███▉      | 73/188 [00:16<00:24,  4.74it/s]  
# Epoch: 73, train_loss: 0.4581, train_acc:0.8136, val_loss: 0.4543, val_acc:0.80507, val_f1:0.8487:  39%|███▉      | 74/188 [00:16<00:24,  4.74it/s]
# Epoch: 74, train_loss: 0.4538, train_acc:0.81493, val_loss: 0.4510, val_acc:0.80803, val_f1:0.85056:  39%|███▉      | 74/188 [00:16<00:24,  4.74it/s]
# Epoch: 74, train_loss: 0.4538, train_acc:0.81493, val_loss: 0.4510, val_acc:0.80803, val_f1:0.85056:  40%|███▉      | 75/188 [00:16<00:23,  4.73it/s]
# Epoch: 75, train_loss: 0.4519, train_acc:0.81409, val_loss: 0.4477, val_acc:0.8093, val_f1:0.85101:  40%|███▉      | 75/188 [00:16<00:23,  4.73it/s] 
# Epoch: 75, train_loss: 0.4519, train_acc:0.81409, val_loss: 0.4477, val_acc:0.8093, val_f1:0.85101:  40%|████      | 76/188 [00:16<00:23,  4.73it/s]
# Epoch: 76, train_loss: 0.4493, train_acc:0.81493, val_loss: 0.4443, val_acc:0.81311, val_f1:0.85325:  40%|████      | 76/188 [00:17<00:23,  4.73it/s]
# Epoch: 76, train_loss: 0.4493, train_acc:0.81493, val_loss: 0.4443, val_acc:0.81311, val_f1:0.85325:  41%|████      | 77/188 [00:17<00:23,  4.74it/s]
# Epoch: 77, train_loss: 0.4452, train_acc:0.81783, val_loss: 0.4407, val_acc:0.81776, val_f1:0.85609:  41%|████      | 77/188 [00:17<00:23,  4.74it/s]
# Epoch: 77, train_loss: 0.4452, train_acc:0.81783, val_loss: 0.4407, val_acc:0.81776, val_f1:0.85609:  41%|████▏     | 78/188 [00:17<00:23,  4.73it/s]
# Epoch: 78, train_loss: 0.4416, train_acc:0.82302, val_loss: 0.4370, val_acc:0.82368, val_f1:0.85993:  41%|████▏     | 78/188 [00:17<00:23,  4.73it/s]
# Epoch: 78, train_loss: 0.4416, train_acc:0.82302, val_loss: 0.4370, val_acc:0.82368, val_f1:0.85993:  42%|████▏     | 79/188 [00:17<00:23,  4.72it/s]
# Epoch: 79, train_loss: 0.4381, train_acc:0.82629, val_loss: 0.4331, val_acc:0.82918, val_f1:0.86305:  42%|████▏     | 79/188 [00:17<00:23,  4.72it/s]
# Epoch: 79, train_loss: 0.4381, train_acc:0.82629, val_loss: 0.4331, val_acc:0.82918, val_f1:0.86305:  43%|████▎     | 80/188 [00:17<00:22,  4.73it/s]
# Epoch: 80, train_loss: 0.4345, train_acc:0.82882, val_loss: 0.4290, val_acc:0.83425, val_f1:0.86649:  43%|████▎     | 80/188 [00:18<00:22,  4.73it/s]
# Epoch: 80, train_loss: 0.4345, train_acc:0.82882, val_loss: 0.4290, val_acc:0.83425, val_f1:0.86649:  43%|████▎     | 81/188 [00:18<00:22,  4.73it/s]
# Epoch: 81, train_loss: 0.4282, train_acc:0.83668, val_loss: 0.4248, val_acc:0.83848, val_f1:0.86945:  43%|████▎     | 81/188 [00:18<00:22,  4.73it/s]
# Epoch: 81, train_loss: 0.4282, train_acc:0.83668, val_loss: 0.4248, val_acc:0.83848, val_f1:0.86945:  44%|████▎     | 82/188 [00:18<00:22,  4.72it/s]
# Epoch: 82, train_loss: 0.4260, train_acc:0.83728, val_loss: 0.4206, val_acc:0.84186, val_f1:0.87165:  44%|████▎     | 82/188 [00:18<00:22,  4.72it/s]
# Epoch: 82, train_loss: 0.4260, train_acc:0.83728, val_loss: 0.4206, val_acc:0.84186, val_f1:0.87165:  44%|████▍     | 83/188 [00:18<00:25,  4.14it/s]
# Epoch: 83, train_loss: 0.4226, train_acc:0.84006, val_loss: 0.4166, val_acc:0.84355, val_f1:0.87276:  44%|████▍     | 83/188 [00:18<00:25,  4.14it/s]
# Epoch: 83, train_loss: 0.4226, train_acc:0.84006, val_loss: 0.4166, val_acc:0.84355, val_f1:0.87276:  45%|████▍     | 84/188 [00:18<00:24,  4.31it/s]
# Epoch: 84, train_loss: 0.4180, train_acc:0.84453, val_loss: 0.4129, val_acc:0.84567, val_f1:0.87366:  45%|████▍     | 84/188 [00:18<00:24,  4.31it/s]
# Epoch: 84, train_loss: 0.4180, train_acc:0.84453, val_loss: 0.4129, val_acc:0.84567, val_f1:0.87366:  45%|████▌     | 85/188 [00:18<00:23,  4.42it/s]
# Epoch: 85, train_loss: 0.4157, train_acc:0.84332, val_loss: 0.4094, val_acc:0.84736, val_f1:0.87461:  45%|████▌     | 85/188 [00:19<00:23,  4.42it/s]
# Epoch: 85, train_loss: 0.4157, train_acc:0.84332, val_loss: 0.4094, val_acc:0.84736, val_f1:0.87461:  46%|████▌     | 86/188 [00:19<00:22,  4.51it/s]
# Epoch: 86, train_loss: 0.4109, train_acc:0.84743, val_loss: 0.4062, val_acc:0.84778, val_f1:0.87483:  46%|████▌     | 86/188 [00:19<00:22,  4.51it/s]
# Epoch: 86, train_loss: 0.4109, train_acc:0.84743, val_loss: 0.4062, val_acc:0.84778, val_f1:0.87483:  46%|████▋     | 87/188 [00:19<00:22,  4.59it/s]
# Epoch: 87, train_loss: 0.4086, train_acc:0.84827, val_loss: 0.4031, val_acc:0.8482, val_f1:0.87513:  46%|████▋     | 87/188 [00:19<00:22,  4.59it/s] 
# Epoch: 87, train_loss: 0.4086, train_acc:0.84827, val_loss: 0.4031, val_acc:0.8482, val_f1:0.87513:  47%|████▋     | 88/188 [00:19<00:21,  4.64it/s]
# Epoch: 88, train_loss: 0.4055, train_acc:0.84586, val_loss: 0.3992, val_acc:0.84905, val_f1:0.876:  47%|████▋     | 88/188 [00:19<00:21,  4.64it/s] 
# Epoch: 88, train_loss: 0.4055, train_acc:0.84586, val_loss: 0.3992, val_acc:0.84905, val_f1:0.876:  47%|████▋     | 89/188 [00:19<00:21,  4.68it/s]
# Epoch: 89, train_loss: 0.4023, train_acc:0.85093, val_loss: 0.3958, val_acc:0.85074, val_f1:0.87756:  47%|████▋     | 89/188 [00:20<00:21,  4.68it/s]
# Epoch: 89, train_loss: 0.4023, train_acc:0.85093, val_loss: 0.3958, val_acc:0.85074, val_f1:0.87756:  48%|████▊     | 90/188 [00:20<00:20,  4.70it/s]
# Epoch: 90, train_loss: 0.3991, train_acc:0.85045, val_loss: 0.3931, val_acc:0.85116, val_f1:0.87786:  48%|████▊     | 90/188 [00:20<00:20,  4.70it/s]
# Epoch: 90, train_loss: 0.3991, train_acc:0.85045, val_loss: 0.3931, val_acc:0.85116, val_f1:0.87786:  48%|████▊     | 91/188 [00:20<00:20,  4.66it/s]
# Epoch: 91, train_loss: 0.3963, train_acc:0.85008, val_loss: 0.3907, val_acc:0.85159, val_f1:0.87817:  48%|████▊     | 91/188 [00:20<00:20,  4.66it/s]
# Epoch: 91, train_loss: 0.3963, train_acc:0.85008, val_loss: 0.3907, val_acc:0.85159, val_f1:0.87817:  49%|████▉     | 92/188 [00:20<00:20,  4.69it/s]
# Epoch: 92, train_loss: 0.3949, train_acc:0.85093, val_loss: 0.3888, val_acc:0.85032, val_f1:0.87674:  49%|████▉     | 92/188 [00:20<00:20,  4.69it/s]
# Epoch: 92, train_loss: 0.3949, train_acc:0.85093, val_loss: 0.3888, val_acc:0.85032, val_f1:0.87674:  49%|████▉     | 93/188 [00:20<00:19,  4.79it/s]
# Epoch: 93, train_loss: 0.3915, train_acc:0.84996, val_loss: 0.3868, val_acc:0.85032, val_f1:0.87657:  49%|████▉     | 93/188 [00:20<00:19,  4.79it/s]
# Epoch: 93, train_loss: 0.3915, train_acc:0.84996, val_loss: 0.3868, val_acc:0.85032, val_f1:0.87657:  50%|█████     | 94/188 [00:20<00:19,  4.86it/s]
# Epoch: 94, train_loss: 0.3884, train_acc:0.8531, val_loss: 0.3839, val_acc:0.84989, val_f1:0.87635:  50%|█████     | 94/188 [00:21<00:19,  4.86it/s] 
# Epoch: 94, train_loss: 0.3884, train_acc:0.8531, val_loss: 0.3839, val_acc:0.84989, val_f1:0.87635:  51%|█████     | 95/188 [00:21<00:18,  4.92it/s]
# Epoch: 95, train_loss: 0.3858, train_acc:0.8531, val_loss: 0.3807, val_acc:0.84947, val_f1:0.87604:  51%|█████     | 95/188 [00:21<00:18,  4.92it/s]
# Epoch: 95, train_loss: 0.3858, train_acc:0.8531, val_loss: 0.3807, val_acc:0.84947, val_f1:0.87604:  51%|█████     | 96/188 [00:21<00:18,  4.96it/s]
# Epoch: 96, train_loss: 0.3840, train_acc:0.85117, val_loss: 0.3773, val_acc:0.84989, val_f1:0.87644:  51%|█████     | 96/188 [00:21<00:18,  4.96it/s]
# Epoch: 96, train_loss: 0.3840, train_acc:0.85117, val_loss: 0.3773, val_acc:0.84989, val_f1:0.87644:  52%|█████▏    | 97/188 [00:21<00:18,  4.97it/s]
# Epoch: 97, train_loss: 0.3818, train_acc:0.85359, val_loss: 0.3746, val_acc:0.85032, val_f1:0.87666:  52%|█████▏    | 97/188 [00:21<00:18,  4.97it/s]
# Epoch: 97, train_loss: 0.3818, train_acc:0.85359, val_loss: 0.3746, val_acc:0.85032, val_f1:0.87666:  52%|█████▏    | 98/188 [00:21<00:18,  4.99it/s]
# Epoch: 98, train_loss: 0.3787, train_acc:0.85455, val_loss: 0.3725, val_acc:0.85285, val_f1:0.87841:  52%|█████▏    | 98/188 [00:21<00:18,  4.99it/s]
# Epoch: 98, train_loss: 0.3787, train_acc:0.85455, val_loss: 0.3725, val_acc:0.85285, val_f1:0.87841:  53%|█████▎    | 99/188 [00:21<00:18,  4.91it/s]
# Epoch: 99, train_loss: 0.3754, train_acc:0.85238, val_loss: 0.3703, val_acc:0.85328, val_f1:0.87829:  53%|█████▎    | 99/188 [00:22<00:18,  4.91it/s]
# Epoch: 99, train_loss: 0.3754, train_acc:0.85238, val_loss: 0.3703, val_acc:0.85328, val_f1:0.87829:  53%|█████▎    | 100/188 [00:22<00:18,  4.86it/s]
# Epoch: 100, train_loss: 0.3752, train_acc:0.85431, val_loss: 0.3678, val_acc:0.85497, val_f1:0.87952:  53%|█████▎    | 100/188 [00:22<00:18,  4.86it/s]
# Epoch: 100, train_loss: 0.3752, train_acc:0.85431, val_loss: 0.3678, val_acc:0.85497, val_f1:0.87952:  54%|█████▎    | 101/188 [00:22<00:18,  4.78it/s]
# Epoch: 101, train_loss: 0.3703, train_acc:0.85576, val_loss: 0.3652, val_acc:0.85455, val_f1:0.87913:  54%|█████▎    | 101/188 [00:22<00:18,  4.78it/s]
# Epoch: 101, train_loss: 0.3703, train_acc:0.85576, val_loss: 0.3652, val_acc:0.85455, val_f1:0.87913:  54%|█████▍    | 102/188 [00:22<00:17,  4.85it/s]
# Epoch: 102, train_loss: 0.3682, train_acc:0.85649, val_loss: 0.3628, val_acc:0.85666, val_f1:0.88084:  54%|█████▍    | 102/188 [00:22<00:17,  4.85it/s]
# Epoch: 102, train_loss: 0.3682, train_acc:0.85649, val_loss: 0.3628, val_acc:0.85666, val_f1:0.88084:  55%|█████▍    | 103/188 [00:22<00:17,  4.81it/s]
# Epoch: 103, train_loss: 0.3677, train_acc:0.85697, val_loss: 0.3604, val_acc:0.85539, val_f1:0.87975:  55%|█████▍    | 103/188 [00:22<00:17,  4.81it/s]
# Epoch: 103, train_loss: 0.3677, train_acc:0.85697, val_loss: 0.3604, val_acc:0.85539, val_f1:0.87975:  55%|█████▌    | 104/188 [00:22<00:17,  4.87it/s]
# Epoch: 104, train_loss: 0.3643, train_acc:0.85818, val_loss: 0.3579, val_acc:0.85666, val_f1:0.88093:  55%|█████▌    | 104/188 [00:23<00:17,  4.87it/s]
# Epoch: 104, train_loss: 0.3643, train_acc:0.85818, val_loss: 0.3579, val_acc:0.85666, val_f1:0.88093:  56%|█████▌    | 105/188 [00:23<00:17,  4.83it/s]
# Epoch: 105, train_loss: 0.3631, train_acc:0.85685, val_loss: 0.3557, val_acc:0.85666, val_f1:0.88093:  56%|█████▌    | 105/188 [00:23<00:17,  4.83it/s]
# Epoch: 105, train_loss: 0.3631, train_acc:0.85685, val_loss: 0.3557, val_acc:0.85666, val_f1:0.88093:  56%|█████▋    | 106/188 [00:23<00:17,  4.80it/s]
# Epoch: 106, train_loss: 0.3613, train_acc:0.85878, val_loss: 0.3540, val_acc:0.85751, val_f1:0.88146:  56%|█████▋    | 106/188 [00:23<00:17,  4.80it/s]
# Epoch: 106, train_loss: 0.3613, train_acc:0.85878, val_loss: 0.3540, val_acc:0.85751, val_f1:0.88146:  57%|█████▋    | 107/188 [00:23<00:16,  4.79it/s]
# Epoch: 107, train_loss: 0.3600, train_acc:0.86011, val_loss: 0.3526, val_acc:0.85877, val_f1:0.88215:  57%|█████▋    | 107/188 [00:23<00:16,  4.79it/s]
# Epoch: 107, train_loss: 0.3600, train_acc:0.86011, val_loss: 0.3526, val_acc:0.85877, val_f1:0.88215:  57%|█████▋    | 108/188 [00:23<00:16,  4.77it/s]
# Epoch: 108, train_loss: 0.3578, train_acc:0.85745, val_loss: 0.3515, val_acc:0.86258, val_f1:0.88471:  57%|█████▋    | 108/188 [00:23<00:16,  4.77it/s]
# Epoch: 108, train_loss: 0.3578, train_acc:0.85745, val_loss: 0.3515, val_acc:0.86258, val_f1:0.88471:  58%|█████▊    | 109/188 [00:23<00:16,  4.76it/s]
# Epoch: 109, train_loss: 0.3537, train_acc:0.85999, val_loss: 0.3496, val_acc:0.86216, val_f1:0.88456:  58%|█████▊    | 109/188 [00:24<00:16,  4.76it/s]
# Epoch: 109, train_loss: 0.3537, train_acc:0.85999, val_loss: 0.3496, val_acc:0.86216, val_f1:0.88456:  59%|█████▊    | 110/188 [00:24<00:16,  4.84it/s]
# Epoch: 110, train_loss: 0.3516, train_acc:0.86229, val_loss: 0.3473, val_acc:0.86258, val_f1:0.8852:  59%|█████▊    | 110/188 [00:24<00:16,  4.84it/s] 
# Epoch: 110, train_loss: 0.3516, train_acc:0.86229, val_loss: 0.3473, val_acc:0.86258, val_f1:0.8852:  59%|█████▉    | 111/188 [00:24<00:16,  4.80it/s]
# Epoch: 111, train_loss: 0.3503, train_acc:0.86084, val_loss: 0.3456, val_acc:0.86258, val_f1:0.8852:  59%|█████▉    | 111/188 [00:24<00:16,  4.80it/s]
# Epoch: 111, train_loss: 0.3503, train_acc:0.86084, val_loss: 0.3456, val_acc:0.86258, val_f1:0.8852:  60%|█████▉    | 112/188 [00:24<00:16,  4.75it/s]
# Epoch: 112, train_loss: 0.3477, train_acc:0.86192, val_loss: 0.3445, val_acc:0.86427, val_f1:0.88605:  60%|█████▉    | 112/188 [00:24<00:16,  4.75it/s]
# Epoch: 112, train_loss: 0.3477, train_acc:0.86192, val_loss: 0.3445, val_acc:0.86427, val_f1:0.88605:  60%|██████    | 113/188 [00:24<00:15,  4.74it/s]
# Epoch: 113, train_loss: 0.3451, train_acc:0.86337, val_loss: 0.3431, val_acc:0.86469, val_f1:0.8862:  60%|██████    | 113/188 [00:24<00:15,  4.74it/s] 
# Epoch: 113, train_loss: 0.3451, train_acc:0.86337, val_loss: 0.3431, val_acc:0.86469, val_f1:0.8862:  61%|██████    | 114/188 [00:24<00:15,  4.73it/s]
# Epoch: 114, train_loss: 0.3445, train_acc:0.86313, val_loss: 0.3412, val_acc:0.86554, val_f1:0.88691:  61%|██████    | 114/188 [00:25<00:15,  4.73it/s]
# Epoch: 114, train_loss: 0.3445, train_acc:0.86313, val_loss: 0.3412, val_acc:0.86554, val_f1:0.88691:  61%|██████    | 115/188 [00:25<00:15,  4.72it/s]
# Epoch: 115, train_loss: 0.3438, train_acc:0.86374, val_loss: 0.3390, val_acc:0.86173, val_f1:0.88441:  61%|██████    | 115/188 [00:25<00:15,  4.72it/s]
# Epoch: 115, train_loss: 0.3438, train_acc:0.86374, val_loss: 0.3390, val_acc:0.86173, val_f1:0.88441:  62%|██████▏   | 116/188 [00:25<00:14,  4.81it/s]
# Epoch: 116, train_loss: 0.3440, train_acc:0.86241, val_loss: 0.3376, val_acc:0.86342, val_f1:0.88566:  62%|██████▏   | 116/188 [00:25<00:14,  4.81it/s]
# Epoch: 116, train_loss: 0.3440, train_acc:0.86241, val_loss: 0.3376, val_acc:0.86342, val_f1:0.88566:  62%|██████▏   | 117/188 [00:25<00:14,  4.87it/s]
# Epoch: 117, train_loss: 0.3415, train_acc:0.86253, val_loss: 0.3364, val_acc:0.86258, val_f1:0.88487:  62%|██████▏   | 117/188 [00:25<00:14,  4.87it/s]
# Epoch: 117, train_loss: 0.3415, train_acc:0.86253, val_loss: 0.3364, val_acc:0.86258, val_f1:0.88487:  63%|██████▎   | 118/188 [00:25<00:14,  4.91it/s]
# Epoch: 118, train_loss: 0.3400, train_acc:0.86518, val_loss: 0.3354, val_acc:0.86131, val_f1:0.88377:  63%|██████▎   | 118/188 [00:25<00:14,  4.91it/s]
# Epoch: 118, train_loss: 0.3400, train_acc:0.86518, val_loss: 0.3354, val_acc:0.86131, val_f1:0.88377:  63%|██████▎   | 119/188 [00:25<00:13,  4.95it/s]
# Epoch: 119, train_loss: 0.3399, train_acc:0.86518, val_loss: 0.3345, val_acc:0.863, val_f1:0.88486:  63%|██████▎   | 119/188 [00:26<00:13,  4.95it/s]  
# Epoch: 119, train_loss: 0.3399, train_acc:0.86518, val_loss: 0.3345, val_acc:0.863, val_f1:0.88486:  64%|██████▍   | 120/188 [00:26<00:13,  4.97it/s]
# Epoch: 120, train_loss: 0.3375, train_acc:0.86482, val_loss: 0.3334, val_acc:0.86131, val_f1:0.88369:  64%|██████▍   | 120/188 [00:26<00:13,  4.97it/s]
# Epoch: 120, train_loss: 0.3375, train_acc:0.86482, val_loss: 0.3334, val_acc:0.86131, val_f1:0.88369:  64%|██████▍   | 121/188 [00:26<00:13,  4.99it/s]
# Epoch: 121, train_loss: 0.3345, train_acc:0.86591, val_loss: 0.3324, val_acc:0.86216, val_f1:0.88423:  64%|██████▍   | 121/188 [00:26<00:13,  4.99it/s]
# Epoch: 121, train_loss: 0.3345, train_acc:0.86591, val_loss: 0.3324, val_acc:0.86216, val_f1:0.88423:  65%|██████▍   | 122/188 [00:26<00:13,  5.01it/s]
# Epoch: 122, train_loss: 0.3345, train_acc:0.86422, val_loss: 0.3315, val_acc:0.86427, val_f1:0.88556:  65%|██████▍   | 122/188 [00:26<00:13,  5.01it/s]
# Epoch: 122, train_loss: 0.3345, train_acc:0.86422, val_loss: 0.3315, val_acc:0.86427, val_f1:0.88556:  65%|██████▌   | 123/188 [00:26<00:12,  5.01it/s]
# Epoch: 123, train_loss: 0.3322, train_acc:0.86845, val_loss: 0.3310, val_acc:0.86385, val_f1:0.88451:  65%|██████▌   | 123/188 [00:26<00:12,  5.01it/s]
# Epoch: 123, train_loss: 0.3322, train_acc:0.86845, val_loss: 0.3310, val_acc:0.86385, val_f1:0.88451:  66%|██████▌   | 124/188 [00:26<00:12,  5.01it/s]
# Epoch: 124, train_loss: 0.3309, train_acc:0.86615, val_loss: 0.3296, val_acc:0.863, val_f1:0.8842:  66%|██████▌   | 124/188 [00:27<00:12,  5.01it/s]   
# Epoch: 124, train_loss: 0.3309, train_acc:0.86615, val_loss: 0.3296, val_acc:0.863, val_f1:0.8842:  66%|██████▋   | 125/188 [00:27<00:12,  5.01it/s]
# Epoch: 125, train_loss: 0.3316, train_acc:0.86651, val_loss: 0.3287, val_acc:0.86131, val_f1:0.88336:  66%|██████▋   | 125/188 [00:27<00:12,  5.01it/s]
# Epoch: 125, train_loss: 0.3316, train_acc:0.86651, val_loss: 0.3287, val_acc:0.86131, val_f1:0.88336:  67%|██████▋   | 126/188 [00:27<00:12,  5.02it/s]
# Epoch: 126, train_loss: 0.3290, train_acc:0.86748, val_loss: 0.3279, val_acc:0.86131, val_f1:0.88361:  67%|██████▋   | 126/188 [00:27<00:12,  5.02it/s]
# Epoch: 126, train_loss: 0.3290, train_acc:0.86748, val_loss: 0.3279, val_acc:0.86131, val_f1:0.88361:  68%|██████▊   | 127/188 [00:27<00:12,  5.02it/s]
# Epoch: 127, train_loss: 0.3283, train_acc:0.867, val_loss: 0.3275, val_acc:0.86342, val_f1:0.8841:  68%|██████▊   | 127/188 [00:27<00:12,  5.02it/s]   
# Epoch: 127, train_loss: 0.3283, train_acc:0.867, val_loss: 0.3275, val_acc:0.86342, val_f1:0.8841:  68%|██████▊   | 128/188 [00:27<00:11,  5.03it/s]
# Epoch: 128, train_loss: 0.3264, train_acc:0.86833, val_loss: 0.3272, val_acc:0.86512, val_f1:0.88529:  68%|██████▊   | 128/188 [00:27<00:11,  5.03it/s]
# Epoch: 128, train_loss: 0.3264, train_acc:0.86833, val_loss: 0.3272, val_acc:0.86512, val_f1:0.88529:  69%|██████▊   | 129/188 [00:27<00:11,  5.02it/s]
# Epoch: 129, train_loss: 0.3249, train_acc:0.86833, val_loss: 0.3261, val_acc:0.86469, val_f1:0.88547:  69%|██████▊   | 129/188 [00:28<00:11,  5.02it/s]
# Epoch: 129, train_loss: 0.3249, train_acc:0.86833, val_loss: 0.3261, val_acc:0.86469, val_f1:0.88547:  69%|██████▉   | 130/188 [00:28<00:11,  5.03it/s]
# Epoch: 130, train_loss: 0.3262, train_acc:0.86941, val_loss: 0.3252, val_acc:0.86258, val_f1:0.88405:  69%|██████▉   | 130/188 [00:28<00:11,  5.03it/s]
# Epoch: 130, train_loss: 0.3262, train_acc:0.86941, val_loss: 0.3252, val_acc:0.86258, val_f1:0.88405:  70%|██████▉   | 131/188 [00:28<00:11,  5.03it/s]
# Epoch: 131, train_loss: 0.3254, train_acc:0.87002, val_loss: 0.3246, val_acc:0.86554, val_f1:0.88594:  70%|██████▉   | 131/188 [00:28<00:11,  5.03it/s]
# Epoch: 131, train_loss: 0.3254, train_acc:0.87002, val_loss: 0.3246, val_acc:0.86554, val_f1:0.88594:  70%|███████   | 132/188 [00:28<00:11,  4.94it/s]
# Epoch: 132, train_loss: 0.3216, train_acc:0.86978, val_loss: 0.3245, val_acc:0.86808, val_f1:0.88745:  70%|███████   | 132/188 [00:28<00:11,  4.94it/s]
# Epoch: 132, train_loss: 0.3216, train_acc:0.86978, val_loss: 0.3245, val_acc:0.86808, val_f1:0.88745:  71%|███████   | 133/188 [00:28<00:11,  4.88it/s]
# Epoch: 133, train_loss: 0.3227, train_acc:0.86917, val_loss: 0.3236, val_acc:0.8685, val_f1:0.88793:  71%|███████   | 133/188 [00:29<00:11,  4.88it/s] 
# Epoch: 133, train_loss: 0.3227, train_acc:0.86917, val_loss: 0.3236, val_acc:0.8685, val_f1:0.88793:  71%|███████▏  | 134/188 [00:29<00:11,  4.84it/s]
# Epoch: 134, train_loss: 0.3217, train_acc:0.87135, val_loss: 0.3225, val_acc:0.86342, val_f1:0.88452:  71%|███████▏  | 134/188 [00:29<00:11,  4.84it/s]
# Epoch: 134, train_loss: 0.3217, train_acc:0.87135, val_loss: 0.3225, val_acc:0.86342, val_f1:0.88452:  72%|███████▏  | 135/188 [00:29<00:10,  4.90it/s]
# Epoch: 135, train_loss: 0.3220, train_acc:0.86929, val_loss: 0.3223, val_acc:0.86131, val_f1:0.88344:  72%|███████▏  | 135/188 [00:29<00:10,  4.90it/s]
# Epoch: 135, train_loss: 0.3220, train_acc:0.86929, val_loss: 0.3223, val_acc:0.86131, val_f1:0.88344:  72%|███████▏  | 136/188 [00:29<00:10,  4.95it/s]
# Epoch: 136, train_loss: 0.3194, train_acc:0.87122, val_loss: 0.3218, val_acc:0.86427, val_f1:0.88499:  72%|███████▏  | 136/188 [00:29<00:10,  4.95it/s]
# Epoch: 136, train_loss: 0.3194, train_acc:0.87122, val_loss: 0.3218, val_acc:0.86427, val_f1:0.88499:  73%|███████▎  | 137/188 [00:29<00:10,  4.98it/s]
# Epoch: 137, train_loss: 0.3195, train_acc:0.87183, val_loss: 0.3220, val_acc:0.86596, val_f1:0.88577:  73%|███████▎  | 137/188 [00:29<00:10,  4.98it/s]
# Epoch: 137, train_loss: 0.3195, train_acc:0.87183, val_loss: 0.3220, val_acc:0.86596, val_f1:0.88577:  73%|███████▎  | 138/188 [00:29<00:09,  5.00it/s]
# Epoch: 138, train_loss: 0.3204, train_acc:0.86893, val_loss: 0.3218, val_acc:0.86681, val_f1:0.8864:  73%|███████▎  | 138/188 [00:29<00:09,  5.00it/s] 
# Epoch: 138, train_loss: 0.3204, train_acc:0.86893, val_loss: 0.3218, val_acc:0.86681, val_f1:0.8864:  74%|███████▍  | 139/188 [00:29<00:09,  5.01it/s]
# Epoch: 139, train_loss: 0.3174, train_acc:0.87074, val_loss: 0.3213, val_acc:0.86596, val_f1:0.88601:  74%|███████▍  | 139/188 [00:30<00:09,  5.01it/s]
# Epoch: 139, train_loss: 0.3174, train_acc:0.87074, val_loss: 0.3213, val_acc:0.86596, val_f1:0.88601:  74%|███████▍  | 140/188 [00:30<00:09,  4.98it/s]
# Epoch: 140, train_loss: 0.3177, train_acc:0.87098, val_loss: 0.3209, val_acc:0.86469, val_f1:0.88514:  74%|███████▍  | 140/188 [00:30<00:09,  4.98it/s]
# Epoch: 140, train_loss: 0.3177, train_acc:0.87098, val_loss: 0.3209, val_acc:0.86469, val_f1:0.88514:  75%|███████▌  | 141/188 [00:30<00:09,  4.95it/s]
# Epoch: 141, train_loss: 0.3173, train_acc:0.87147, val_loss: 0.3206, val_acc:0.86469, val_f1:0.88547:  75%|███████▌  | 141/188 [00:30<00:09,  4.95it/s]
# Epoch: 141, train_loss: 0.3173, train_acc:0.87147, val_loss: 0.3206, val_acc:0.86469, val_f1:0.88547:  76%|███████▌  | 142/188 [00:30<00:09,  4.94it/s]
# Epoch: 142, train_loss: 0.3168, train_acc:0.8728, val_loss: 0.3203, val_acc:0.86427, val_f1:0.8849:  76%|███████▌  | 142/188 [00:30<00:09,  4.94it/s]  
# Epoch: 142, train_loss: 0.3168, train_acc:0.8728, val_loss: 0.3203, val_acc:0.86427, val_f1:0.8849:  76%|███████▌  | 143/188 [00:30<00:09,  4.93it/s]
# Epoch: 143, train_loss: 0.3150, train_acc:0.87243, val_loss: 0.3201, val_acc:0.86554, val_f1:0.88569:  76%|███████▌  | 143/188 [00:31<00:09,  4.93it/s]
# Epoch: 143, train_loss: 0.3150, train_acc:0.87243, val_loss: 0.3201, val_acc:0.86554, val_f1:0.88569:  77%|███████▋  | 144/188 [00:31<00:08,  4.93it/s]
# Epoch: 144, train_loss: 0.3159, train_acc:0.87328, val_loss: 0.3197, val_acc:0.86342, val_f1:0.88452:  77%|███████▋  | 144/188 [00:31<00:08,  4.93it/s]
# Epoch: 144, train_loss: 0.3159, train_acc:0.87328, val_loss: 0.3197, val_acc:0.86342, val_f1:0.88452:  77%|███████▋  | 145/188 [00:31<00:08,  4.93it/s]
# Epoch: 145, train_loss: 0.3158, train_acc:0.87352, val_loss: 0.3196, val_acc:0.86216, val_f1:0.88382:  77%|███████▋  | 145/188 [00:31<00:08,  4.93it/s]
# Epoch: 145, train_loss: 0.3158, train_acc:0.87352, val_loss: 0.3196, val_acc:0.86216, val_f1:0.88382:  78%|███████▊  | 146/188 [00:31<00:08,  4.96it/s]
# Epoch: 146, train_loss: 0.3143, train_acc:0.87159, val_loss: 0.3194, val_acc:0.86173, val_f1:0.88359:  78%|███████▊  | 146/188 [00:31<00:08,  4.96it/s]
# Epoch: 146, train_loss: 0.3143, train_acc:0.87159, val_loss: 0.3194, val_acc:0.86173, val_f1:0.88359:  78%|███████▊  | 147/188 [00:31<00:08,  4.94it/s]
# Epoch: 147, train_loss: 0.3163, train_acc:0.86929, val_loss: 0.3188, val_acc:0.86512, val_f1:0.8857:  78%|███████▊  | 147/188 [00:31<00:08,  4.94it/s] 
# Epoch: 147, train_loss: 0.3163, train_acc:0.86929, val_loss: 0.3188, val_acc:0.86512, val_f1:0.8857:  79%|███████▊  | 148/188 [00:31<00:08,  4.95it/s]
# Epoch: 148, train_loss: 0.3133, train_acc:0.87086, val_loss: 0.3186, val_acc:0.86638, val_f1:0.88641:  79%|███████▊  | 148/188 [00:32<00:08,  4.95it/s]
# Epoch: 148, train_loss: 0.3133, train_acc:0.87086, val_loss: 0.3186, val_acc:0.86638, val_f1:0.88641:  79%|███████▉  | 149/188 [00:32<00:07,  4.99it/s]
# Epoch: 149, train_loss: 0.3137, train_acc:0.87316, val_loss: 0.3183, val_acc:0.86638, val_f1:0.88666:  79%|███████▉  | 149/188 [00:32<00:07,  4.99it/s]
# Epoch: 149, train_loss: 0.3137, train_acc:0.87316, val_loss: 0.3183, val_acc:0.86638, val_f1:0.88666:  80%|███████▉  | 150/188 [00:32<00:07,  5.01it/s]
# Epoch: 150, train_loss: 0.3129, train_acc:0.87267, val_loss: 0.3180, val_acc:0.86469, val_f1:0.88547:  80%|███████▉  | 150/188 [00:32<00:07,  5.01it/s]
# Epoch: 150, train_loss: 0.3129, train_acc:0.87267, val_loss: 0.3180, val_acc:0.86469, val_f1:0.88547:  80%|████████  | 151/188 [00:32<00:07,  5.01it/s]
# Epoch: 151, train_loss: 0.3127, train_acc:0.87485, val_loss: 0.3178, val_acc:0.86638, val_f1:0.88674:  80%|████████  | 151/188 [00:32<00:07,  5.01it/s]
# Epoch: 151, train_loss: 0.3127, train_acc:0.87485, val_loss: 0.3178, val_acc:0.86638, val_f1:0.88674:  81%|████████  | 152/188 [00:32<00:07,  5.02it/s]
# Epoch: 152, train_loss: 0.3112, train_acc:0.87424, val_loss: 0.3176, val_acc:0.86765, val_f1:0.88761:  81%|████████  | 152/188 [00:32<00:07,  5.02it/s]
# Epoch: 152, train_loss: 0.3112, train_acc:0.87424, val_loss: 0.3176, val_acc:0.86765, val_f1:0.88761:  81%|████████▏ | 153/188 [00:32<00:06,  5.02it/s]
# Epoch: 153, train_loss: 0.3115, train_acc:0.87255, val_loss: 0.3174, val_acc:0.86723, val_f1:0.88713:  81%|████████▏ | 153/188 [00:33<00:06,  5.02it/s]
# Epoch: 153, train_loss: 0.3115, train_acc:0.87255, val_loss: 0.3174, val_acc:0.86723, val_f1:0.88713:  82%|████████▏ | 154/188 [00:33<00:06,  5.02it/s]
# Epoch: 154, train_loss: 0.3109, train_acc:0.87267, val_loss: 0.3171, val_acc:0.86554, val_f1:0.88618:  82%|████████▏ | 154/188 [00:33<00:06,  5.02it/s]
# Epoch: 154, train_loss: 0.3109, train_acc:0.87267, val_loss: 0.3171, val_acc:0.86554, val_f1:0.88618:  82%|████████▏ | 155/188 [00:33<00:06,  5.03it/s]
# Epoch: 155, train_loss: 0.3098, train_acc:0.87376, val_loss: 0.3168, val_acc:0.86554, val_f1:0.88618:  82%|████████▏ | 155/188 [00:33<00:06,  5.03it/s]
# Epoch: 155, train_loss: 0.3098, train_acc:0.87376, val_loss: 0.3168, val_acc:0.86554, val_f1:0.88618:  83%|████████▎ | 156/188 [00:33<00:06,  5.04it/s]
# Epoch: 156, train_loss: 0.3090, train_acc:0.87183, val_loss: 0.3165, val_acc:0.86596, val_f1:0.88609:  83%|████████▎ | 156/188 [00:33<00:06,  5.04it/s]
# Epoch: 156, train_loss: 0.3090, train_acc:0.87183, val_loss: 0.3165, val_acc:0.86596, val_f1:0.88609:  84%|████████▎ | 157/188 [00:33<00:06,  5.04it/s]
# Epoch: 157, train_loss: 0.3099, train_acc:0.8734, val_loss: 0.3164, val_acc:0.86765, val_f1:0.88696:  84%|████████▎ | 157/188 [00:33<00:06,  5.04it/s] 
# Epoch: 157, train_loss: 0.3099, train_acc:0.8734, val_loss: 0.3164, val_acc:0.86765, val_f1:0.88696:  84%|████████▍ | 158/188 [00:33<00:05,  5.05it/s]
# Epoch: 158, train_loss: 0.3095, train_acc:0.87509, val_loss: 0.3160, val_acc:0.86596, val_f1:0.88601:  84%|████████▍ | 158/188 [00:34<00:05,  5.05it/s]
# Epoch: 158, train_loss: 0.3095, train_acc:0.87509, val_loss: 0.3160, val_acc:0.86596, val_f1:0.88601:  85%|████████▍ | 159/188 [00:34<00:05,  5.05it/s]
# Epoch: 159, train_loss: 0.3096, train_acc:0.87328, val_loss: 0.3158, val_acc:0.86554, val_f1:0.88594:  85%|████████▍ | 159/188 [00:34<00:05,  5.05it/s]
# Epoch: 159, train_loss: 0.3096, train_acc:0.87328, val_loss: 0.3158, val_acc:0.86554, val_f1:0.88594:  85%|████████▌ | 160/188 [00:34<00:05,  5.03it/s]
# Epoch: 160, train_loss: 0.3087, train_acc:0.87424, val_loss: 0.3157, val_acc:0.86554, val_f1:0.88586:  85%|████████▌ | 160/188 [00:34<00:05,  5.03it/s]
# Epoch: 160, train_loss: 0.3087, train_acc:0.87424, val_loss: 0.3157, val_acc:0.86554, val_f1:0.88586:  86%|████████▌ | 161/188 [00:34<00:05,  5.04it/s]
# Epoch: 161, train_loss: 0.3081, train_acc:0.87485, val_loss: 0.3154, val_acc:0.86765, val_f1:0.88737:  86%|████████▌ | 161/188 [00:34<00:05,  5.04it/s]
# Epoch: 161, train_loss: 0.3081, train_acc:0.87485, val_loss: 0.3154, val_acc:0.86765, val_f1:0.88737:  86%|████████▌ | 162/188 [00:34<00:05,  5.05it/s]
# Epoch: 162, train_loss: 0.3086, train_acc:0.87497, val_loss: 0.3155, val_acc:0.86765, val_f1:0.88688:  86%|████████▌ | 162/188 [00:34<00:05,  5.05it/s]
# Epoch: 162, train_loss: 0.3086, train_acc:0.87497, val_loss: 0.3155, val_acc:0.86765, val_f1:0.88688:  87%|████████▋ | 163/188 [00:34<00:04,  5.04it/s]
# Epoch: 163, train_loss: 0.3067, train_acc:0.87473, val_loss: 0.3151, val_acc:0.8685, val_f1:0.88785:  87%|████████▋ | 163/188 [00:35<00:04,  5.04it/s] 
# Epoch: 163, train_loss: 0.3067, train_acc:0.87473, val_loss: 0.3151, val_acc:0.8685, val_f1:0.88785:  87%|████████▋ | 164/188 [00:35<00:04,  4.95it/s]
# Epoch: 164, train_loss: 0.3071, train_acc:0.87352, val_loss: 0.3148, val_acc:0.86512, val_f1:0.8857:  87%|████████▋ | 164/188 [00:35<00:04,  4.95it/s]
# Epoch: 164, train_loss: 0.3071, train_acc:0.87352, val_loss: 0.3148, val_acc:0.86512, val_f1:0.8857:  88%|████████▊ | 165/188 [00:35<00:04,  4.98it/s]
# Epoch: 165, train_loss: 0.3080, train_acc:0.87594, val_loss: 0.3146, val_acc:0.86427, val_f1:0.88523:  88%|████████▊ | 165/188 [00:35<00:04,  4.98it/s]
# Epoch: 165, train_loss: 0.3080, train_acc:0.87594, val_loss: 0.3146, val_acc:0.86427, val_f1:0.88523:  88%|████████▊ | 166/188 [00:35<00:04,  5.00it/s]
# Epoch: 166, train_loss: 0.3098, train_acc:0.87062, val_loss: 0.3143, val_acc:0.86723, val_f1:0.88713:  88%|████████▊ | 166/188 [00:35<00:04,  5.00it/s]
# Epoch: 166, train_loss: 0.3098, train_acc:0.87062, val_loss: 0.3143, val_acc:0.86723, val_f1:0.88713:  89%|████████▉ | 167/188 [00:35<00:04,  5.01it/s]
# Epoch: 167, train_loss: 0.3074, train_acc:0.8734, val_loss: 0.3144, val_acc:0.86723, val_f1:0.88656:  89%|████████▉ | 167/188 [00:35<00:04,  5.01it/s] 
# Epoch: 167, train_loss: 0.3074, train_acc:0.8734, val_loss: 0.3144, val_acc:0.86723, val_f1:0.88656:  89%|████████▉ | 168/188 [00:35<00:03,  5.01it/s]
# Epoch: 168, train_loss: 0.3083, train_acc:0.87533, val_loss: 0.3143, val_acc:0.86765, val_f1:0.88696:  89%|████████▉ | 168/188 [00:36<00:03,  5.01it/s]
# Epoch: 168, train_loss: 0.3083, train_acc:0.87533, val_loss: 0.3143, val_acc:0.86765, val_f1:0.88696:  90%|████████▉ | 169/188 [00:36<00:03,  4.85it/s]
# Epoch: 169, train_loss: 0.3060, train_acc:0.87449, val_loss: 0.3140, val_acc:0.86554, val_f1:0.88586:  90%|████████▉ | 169/188 [00:36<00:03,  4.85it/s]
# Epoch: 169, train_loss: 0.3060, train_acc:0.87449, val_loss: 0.3140, val_acc:0.86554, val_f1:0.88586:  90%|█████████ | 170/188 [00:36<00:03,  4.79it/s]
# Epoch: 170, train_loss: 0.3051, train_acc:0.87485, val_loss: 0.3146, val_acc:0.86173, val_f1:0.88359:  90%|█████████ | 170/188 [00:36<00:03,  4.79it/s]
# Epoch: 170, train_loss: 0.3051, train_acc:0.87485, val_loss: 0.3146, val_acc:0.86173, val_f1:0.88359:  91%|█████████ | 171/188 [00:36<00:03,  4.66it/s]
# Epoch: 171, train_loss: 0.3045, train_acc:0.87352, val_loss: 0.3147, val_acc:0.86216, val_f1:0.8839:  91%|█████████ | 171/188 [00:36<00:03,  4.66it/s] 
# Epoch: 171, train_loss: 0.3045, train_acc:0.87352, val_loss: 0.3147, val_acc:0.86216, val_f1:0.8839:  91%|█████████▏| 172/188 [00:36<00:03,  4.52it/s]
# Epoch: 172, train_loss: 0.3055, train_acc:0.87437, val_loss: 0.3143, val_acc:0.86596, val_f1:0.88618:  91%|█████████▏| 172/188 [00:36<00:03,  4.52it/s]
# Epoch: 172, train_loss: 0.3055, train_acc:0.87437, val_loss: 0.3143, val_acc:0.86596, val_f1:0.88618:  92%|█████████▏| 173/188 [00:36<00:03,  4.57it/s]
# Epoch: 173, train_loss: 0.3048, train_acc:0.87533, val_loss: 0.3146, val_acc:0.86554, val_f1:0.88495:  92%|█████████▏| 173/188 [00:37<00:03,  4.57it/s]
# Epoch: 173, train_loss: 0.3048, train_acc:0.87533, val_loss: 0.3146, val_acc:0.86554, val_f1:0.88495:  93%|█████████▎| 174/188 [00:37<00:03,  4.58it/s]
# Epoch: 174, train_loss: 0.3051, train_acc:0.87545, val_loss: 0.3142, val_acc:0.86892, val_f1:0.88849:  93%|█████████▎| 174/188 [00:37<00:03,  4.58it/s]
# Epoch: 174, train_loss: 0.3051, train_acc:0.87545, val_loss: 0.3142, val_acc:0.86892, val_f1:0.88849:  93%|█████████▎| 175/188 [00:37<00:02,  4.46it/s]
# Epoch: 175, train_loss: 0.3045, train_acc:0.87509, val_loss: 0.3145, val_acc:0.86469, val_f1:0.8858:  93%|█████████▎| 175/188 [00:37<00:02,  4.46it/s] 
# Epoch: 175, train_loss: 0.3045, train_acc:0.87509, val_loss: 0.3145, val_acc:0.86469, val_f1:0.8858:  94%|█████████▎| 176/188 [00:37<00:02,  4.51it/s]
# Epoch: 176, train_loss: 0.3057, train_acc:0.87594, val_loss: 0.3144, val_acc:0.86427, val_f1:0.88548:  94%|█████████▎| 176/188 [00:37<00:02,  4.51it/s]
# Epoch: 176, train_loss: 0.3057, train_acc:0.87594, val_loss: 0.3144, val_acc:0.86427, val_f1:0.88548:  94%|█████████▍| 177/188 [00:37<00:02,  4.43it/s]
# Epoch: 177, train_loss: 0.3047, train_acc:0.87569, val_loss: 0.3140, val_acc:0.86469, val_f1:0.8853:  94%|█████████▍| 177/188 [00:38<00:02,  4.43it/s] 
# Epoch: 177, train_loss: 0.3047, train_acc:0.87569, val_loss: 0.3140, val_acc:0.86469, val_f1:0.8853:  95%|█████████▍| 178/188 [00:38<00:02,  4.44it/s]
# Epoch: 178, train_loss: 0.3043, train_acc:0.874, val_loss: 0.3137, val_acc:0.8685, val_f1:0.88801:  95%|█████████▍| 178/188 [00:38<00:02,  4.44it/s]  
# Epoch: 178, train_loss: 0.3043, train_acc:0.874, val_loss: 0.3137, val_acc:0.8685, val_f1:0.88801:  95%|█████████▌| 179/188 [00:38<00:02,  4.49it/s]
# Epoch: 179, train_loss: 0.3038, train_acc:0.87775, val_loss: 0.3137, val_acc:0.86723, val_f1:0.8864:  95%|█████████▌| 179/188 [00:38<00:02,  4.49it/s]
# Epoch: 179, train_loss: 0.3038, train_acc:0.87775, val_loss: 0.3137, val_acc:0.86723, val_f1:0.8864:  96%|█████████▌| 180/188 [00:38<00:01,  4.52it/s]
# Epoch: 180, train_loss: 0.3027, train_acc:0.87678, val_loss: 0.3134, val_acc:0.86765, val_f1:0.88713:  96%|█████████▌| 180/188 [00:38<00:01,  4.52it/s]
# Epoch: 180, train_loss: 0.3027, train_acc:0.87678, val_loss: 0.3134, val_acc:0.86765, val_f1:0.88713:  96%|█████████▋| 181/188 [00:38<00:01,  4.29it/s]
# Epoch: 181, train_loss: 0.3025, train_acc:0.8763, val_loss: 0.3131, val_acc:0.86638, val_f1:0.88649:  96%|█████████▋| 181/188 [00:39<00:01,  4.29it/s] 
# Epoch: 181, train_loss: 0.3025, train_acc:0.8763, val_loss: 0.3131, val_acc:0.86638, val_f1:0.88649:  97%|█████████▋| 182/188 [00:39<00:01,  4.00it/s]
# Epoch: 182, train_loss: 0.3037, train_acc:0.8728, val_loss: 0.3132, val_acc:0.86554, val_f1:0.88627:  97%|█████████▋| 182/188 [00:39<00:01,  4.00it/s]
# Epoch: 182, train_loss: 0.3037, train_acc:0.8728, val_loss: 0.3132, val_acc:0.86554, val_f1:0.88627:  97%|█████████▋| 183/188 [00:39<00:01,  4.19it/s]
# Epoch: 183, train_loss: 0.3033, train_acc:0.87654, val_loss: 0.3130, val_acc:0.86596, val_f1:0.88658:  97%|█████████▋| 183/188 [00:39<00:01,  4.19it/s]
# Epoch: 183, train_loss: 0.3033, train_acc:0.87654, val_loss: 0.3130, val_acc:0.86596, val_f1:0.88658:  98%|█████████▊| 184/188 [00:39<00:00,  4.30it/s]
# Epoch: 184, train_loss: 0.3030, train_acc:0.87557, val_loss: 0.3127, val_acc:0.86765, val_f1:0.88721:  98%|█████████▊| 184/188 [00:39<00:00,  4.30it/s]
# Epoch: 184, train_loss: 0.3030, train_acc:0.87557, val_loss: 0.3127, val_acc:0.86765, val_f1:0.88721:  98%|█████████▊| 185/188 [00:39<00:00,  4.34it/s]
# Epoch: 185, train_loss: 0.3021, train_acc:0.87582, val_loss: 0.3134, val_acc:0.86808, val_f1:0.88646:  98%|█████████▊| 185/188 [00:39<00:00,  4.34it/s]
# Epoch: 185, train_loss: 0.3021, train_acc:0.87582, val_loss: 0.3134, val_acc:0.86808, val_f1:0.88646:  99%|█████████▉| 186/188 [00:39<00:00,  4.46it/s]
# Epoch: 186, train_loss: 0.3024, train_acc:0.87557, val_loss: 0.3136, val_acc:0.86892, val_f1:0.88694:  99%|█████████▉| 186/188 [00:40<00:00,  4.46it/s]
# Epoch: 186, train_loss: 0.3024, train_acc:0.87557, val_loss: 0.3136, val_acc:0.86892, val_f1:0.88694:  99%|█████████▉| 187/188 [00:40<00:00,  4.37it/s]
# Epoch: 187, train_loss: 0.3011, train_acc:0.87582, val_loss: 0.3128, val_acc:0.86765, val_f1:0.88688:  99%|█████████▉| 187/188 [00:40<00:00,  4.37it/s]
# Epoch: 187, train_loss: 0.3011, train_acc:0.87582, val_loss: 0.3128, val_acc:0.86765, val_f1:0.88688: 100%|██████████| 188/188 [00:40<00:00,  4.44it/s]
# Epoch: 187, train_loss: 0.3011, train_acc:0.87582, val_loss: 0.3128, val_acc:0.86765, val_f1:0.88688: 100%|██████████| 188/188 [00:40<00:00,  4.66it/s]
--- Final-epoch-TestAcc: 0.8808, best-val-epoch-TestAcc: 0.8757, best-val-epoch: 186.
Saved embeddings data: visualizations_data/ours_Twibot-20_20260826_112220.npz
####### Run 1 #######
  0%|          | 0/200 [00:00<?, ?it/s]

# Epoch 0: train_loss: 0.2198740393:   0%|          | 0/200 [00:00<?, ?it/s]
# Epoch 0: train_loss: 0.2198740393:   0%|          | 1/200 [00:00<02:12,  1.50it/s]

# Epoch 1: train_loss: 0.1931748092:   0%|          | 1/200 [00:00<02:12,  1.50it/s]
# Epoch 1: train_loss: 0.1931748092:   1%|          | 2/200 [00:00<01:14,  2.66it/s]

# Epoch 2: train_loss: 0.1883917302:   1%|          | 2/200 [00:01<01:14,  2.66it/s]
# Epoch 2: train_loss: 0.1883917302:   2%|▏         | 3/200 [00:01<00:58,  3.35it/s]

# Epoch 3: train_loss: 0.1886123121:   2%|▏         | 3/200 [00:01<00:58,  3.35it/s]
# Epoch 3: train_loss: 0.1886123121:   2%|▏         | 4/200 [00:01<00:54,  3.57it/s]

# Epoch 4: train_loss: 0.1860866249:   2%|▏         | 4/200 [00:01<00:54,  3.57it/s]
# Epoch 4: train_loss: 0.1860866249:   2%|▎         | 5/200 [00:01<00:51,  3.77it/s]

# Epoch 5: train_loss: 0.1786865443:   2%|▎         | 5/200 [00:01<00:51,  3.77it/s]
# Epoch 5: train_loss: 0.1786865443:   3%|▎         | 6/200 [00:01<00:46,  4.17it/s]

# Epoch 6: train_loss: 0.1803953499:   3%|▎         | 6/200 [00:01<00:46,  4.17it/s]
# Epoch 6: train_loss: 0.1803953499:   4%|▎         | 7/200 [00:01<00:44,  4.33it/s]

# Epoch 7: train_loss: 0.1752399951:   4%|▎         | 7/200 [00:02<00:44,  4.33it/s]
# Epoch 7: train_loss: 0.1752399951:   4%|▍         | 8/200 [00:02<00:41,  4.62it/s]

# Epoch 8: train_loss: 0.1764886379:   4%|▍         | 8/200 [00:02<00:41,  4.62it/s]
# Epoch 8: train_loss: 0.1764886379:   4%|▍         | 9/200 [00:02<00:38,  4.93it/s]

# Epoch 9: train_loss: 0.1755905598:   4%|▍         | 9/200 [00:02<00:38,  4.93it/s]
# Epoch 9: train_loss: 0.1755905598:   5%|▌         | 10/200 [00:02<00:36,  5.16it/s]

# Epoch 10: train_loss: 0.1718904972:   5%|▌         | 10/200 [00:02<00:36,  5.16it/s]
# Epoch 10: train_loss: 0.1718904972:   6%|▌         | 11/200 [00:02<00:35,  5.30it/s]

# Epoch 11: train_loss: 0.1667060852:   6%|▌         | 11/200 [00:02<00:35,  5.30it/s]
# Epoch 11: train_loss: 0.1667060852:   6%|▌         | 12/200 [00:02<00:34,  5.44it/s]

# Epoch 12: train_loss: 0.1622296572:   6%|▌         | 12/200 [00:02<00:34,  5.44it/s]
# Epoch 12: train_loss: 0.1622296572:   6%|▋         | 13/200 [00:02<00:33,  5.55it/s]

# Epoch 13: train_loss: 0.1579105556:   6%|▋         | 13/200 [00:03<00:33,  5.55it/s]
# Epoch 13: train_loss: 0.1579105556:   7%|▋         | 14/200 [00:03<00:34,  5.38it/s]

# Epoch 14: train_loss: 0.1482654065:   7%|▋         | 14/200 [00:03<00:34,  5.38it/s]
# Epoch 14: train_loss: 0.1482654065:   8%|▊         | 15/200 [00:03<00:33,  5.49it/s]

# Epoch 15: train_loss: 0.1383279860:   8%|▊         | 15/200 [00:03<00:33,  5.49it/s]
# Epoch 15: train_loss: 0.1383279860:   8%|▊         | 16/200 [00:03<00:33,  5.57it/s]

# Epoch 16: train_loss: 0.1284143925:   8%|▊         | 16/200 [00:03<00:33,  5.57it/s]
# Epoch 16: train_loss: 0.1284143925:   8%|▊         | 17/200 [00:03<00:32,  5.64it/s]

# Epoch 17: train_loss: 0.1180818081:   8%|▊         | 17/200 [00:03<00:32,  5.64it/s]
# Epoch 17: train_loss: 0.1180818081:   9%|▉         | 18/200 [00:03<00:32,  5.65it/s]

# Epoch 18: train_loss: 0.1053322926:   9%|▉         | 18/200 [00:04<00:32,  5.65it/s]
# Epoch 18: train_loss: 0.1053322926:  10%|▉         | 19/200 [00:04<00:34,  5.29it/s]

# Epoch 19: train_loss: 0.0997864902:  10%|▉         | 19/200 [00:04<00:34,  5.29it/s]
# Epoch 19: train_loss: 0.0997864902:  10%|█         | 20/200 [00:04<00:34,  5.22it/s]

# Epoch 20: train_loss: 0.0880803540:  10%|█         | 20/200 [00:04<00:34,  5.22it/s]
# Epoch 20: train_loss: 0.0880803540:  10%|█         | 21/200 [00:04<00:34,  5.17it/s]

# Epoch 21: train_loss: 0.0800748542:  10%|█         | 21/200 [00:04<00:34,  5.17it/s]
# Epoch 21: train_loss: 0.0800748542:  11%|█         | 22/200 [00:04<00:35,  5.06it/s]

# Epoch 22: train_loss: 0.0715705529:  11%|█         | 22/200 [00:04<00:35,  5.06it/s]
# Epoch 22: train_loss: 0.0715705529:  12%|█▏        | 23/200 [00:04<00:37,  4.78it/s]

# Epoch 23: train_loss: 0.0702423751:  12%|█▏        | 23/200 [00:05<00:37,  4.78it/s]
# Epoch 23: train_loss: 0.0702423751:  12%|█▏        | 24/200 [00:05<00:38,  4.57it/s]

# Epoch 24: train_loss: 0.0657583177:  12%|█▏        | 24/200 [00:05<00:38,  4.57it/s]
# Epoch 24: train_loss: 0.0657583177:  12%|█▎        | 25/200 [00:05<00:36,  4.83it/s]

# Epoch 25: train_loss: 0.0649586171:  12%|█▎        | 25/200 [00:05<00:36,  4.83it/s]
# Epoch 25: train_loss: 0.0649586171:  13%|█▎        | 26/200 [00:05<00:34,  5.12it/s]

# Epoch 26: train_loss: 0.0573970750:  13%|█▎        | 26/200 [00:05<00:34,  5.12it/s]
# Epoch 26: train_loss: 0.0573970750:  14%|█▎        | 27/200 [00:05<00:32,  5.36it/s]

# Epoch 27: train_loss: 0.0518948399:  14%|█▎        | 27/200 [00:05<00:32,  5.36it/s]
# Epoch 27: train_loss: 0.0518948399:  14%|█▍        | 28/200 [00:05<00:31,  5.52it/s]

# Epoch 28: train_loss: 0.0457672849:  14%|█▍        | 28/200 [00:06<00:31,  5.52it/s]
# Epoch 28: train_loss: 0.0457672849:  14%|█▍        | 29/200 [00:06<00:30,  5.66it/s]

# Epoch 29: train_loss: 0.0438714065:  14%|█▍        | 29/200 [00:06<00:30,  5.66it/s]
# Epoch 29: train_loss: 0.0438714065:  15%|█▌        | 30/200 [00:06<00:29,  5.75it/s]

# Epoch 30: train_loss: 0.0437043458:  15%|█▌        | 30/200 [00:06<00:29,  5.75it/s]
# Epoch 30: train_loss: 0.0437043458:  16%|█▌        | 31/200 [00:06<00:29,  5.82it/s]

# Epoch 31: train_loss: 0.0386739001:  16%|█▌        | 31/200 [00:06<00:29,  5.82it/s]
# Epoch 31: train_loss: 0.0386739001:  16%|█▌        | 32/200 [00:06<00:28,  5.88it/s]

# Epoch 32: train_loss: 0.0399913378:  16%|█▌        | 32/200 [00:06<00:28,  5.88it/s]
# Epoch 32: train_loss: 0.0399913378:  16%|█▋        | 33/200 [00:06<00:28,  5.92it/s]

# Epoch 33: train_loss: 0.0391737968:  16%|█▋        | 33/200 [00:06<00:28,  5.92it/s]
# Epoch 33: train_loss: 0.0391737968:  17%|█▋        | 34/200 [00:06<00:27,  5.95it/s]

# Epoch 34: train_loss: 0.0369547606:  17%|█▋        | 34/200 [00:07<00:27,  5.95it/s]
# Epoch 34: train_loss: 0.0369547606:  18%|█▊        | 35/200 [00:07<00:27,  5.96it/s]

# Epoch 35: train_loss: 0.0329915583:  18%|█▊        | 35/200 [00:07<00:27,  5.96it/s]
# Epoch 35: train_loss: 0.0329915583:  18%|█▊        | 36/200 [00:07<00:27,  5.94it/s]

# Epoch 36: train_loss: 0.0322555415:  18%|█▊        | 36/200 [00:07<00:27,  5.94it/s]
# Epoch 36: train_loss: 0.0322555415:  18%|█▊        | 37/200 [00:07<00:27,  5.94it/s]

# Epoch 37: train_loss: 0.0311982501:  18%|█▊        | 37/200 [00:07<00:27,  5.94it/s]
# Epoch 37: train_loss: 0.0311982501:  19%|█▉        | 38/200 [00:07<00:27,  5.96it/s]

# Epoch 38: train_loss: 0.0317270160:  19%|█▉        | 38/200 [00:07<00:27,  5.96it/s]
# Epoch 38: train_loss: 0.0317270160:  20%|█▉        | 39/200 [00:07<00:27,  5.96it/s]

# Epoch 39: train_loss: 0.0294766091:  20%|█▉        | 39/200 [00:07<00:27,  5.96it/s]
# Epoch 39: train_loss: 0.0294766091:  20%|██        | 40/200 [00:07<00:26,  5.97it/s]

# Epoch 40: train_loss: 0.0286839232:  20%|██        | 40/200 [00:08<00:26,  5.97it/s]
# Epoch 40: train_loss: 0.0286839232:  20%|██        | 41/200 [00:08<00:26,  5.93it/s]

# Epoch 41: train_loss: 0.0285553634:  20%|██        | 41/200 [00:08<00:26,  5.93it/s]
# Epoch 41: train_loss: 0.0285553634:  21%|██        | 42/200 [00:08<00:26,  5.93it/s]

# Epoch 42: train_loss: 0.0277087949:  21%|██        | 42/200 [00:08<00:26,  5.93it/s]
# Epoch 42: train_loss: 0.0277087949:  22%|██▏       | 43/200 [00:08<00:26,  5.93it/s]

# Epoch 43: train_loss: 0.0271532778:  22%|██▏       | 43/200 [00:08<00:26,  5.93it/s]
# Epoch 43: train_loss: 0.0271532778:  22%|██▏       | 44/200 [00:08<00:26,  5.94it/s]

# Epoch 44: train_loss: 0.0254828017:  22%|██▏       | 44/200 [00:08<00:26,  5.94it/s]
# Epoch 44: train_loss: 0.0254828017:  22%|██▎       | 45/200 [00:08<00:26,  5.94it/s]

# Epoch 45: train_loss: 0.0245538559:  22%|██▎       | 45/200 [00:08<00:26,  5.94it/s]
# Epoch 45: train_loss: 0.0245538559:  23%|██▎       | 46/200 [00:08<00:25,  5.95it/s]

# Epoch 46: train_loss: 0.0261789337:  23%|██▎       | 46/200 [00:09<00:25,  5.95it/s]
# Epoch 46: train_loss: 0.0261789337:  24%|██▎       | 47/200 [00:09<00:25,  5.95it/s]

# Epoch 47: train_loss: 0.0253775809:  24%|██▎       | 47/200 [00:09<00:25,  5.95it/s]
# Epoch 47: train_loss: 0.0253775809:  24%|██▍       | 48/200 [00:09<00:25,  5.93it/s]

# Epoch 48: train_loss: 0.0262109414:  24%|██▍       | 48/200 [00:09<00:25,  5.93it/s]
# Epoch 48: train_loss: 0.0262109414:  24%|██▍       | 49/200 [00:09<00:25,  5.93it/s]

# Epoch 49: train_loss: 0.0244324356:  24%|██▍       | 49/200 [00:09<00:25,  5.93it/s]
# Epoch 49: train_loss: 0.0244324356:  25%|██▌       | 50/200 [00:09<00:25,  5.93it/s]

# Epoch 50: train_loss: 0.0250037573:  25%|██▌       | 50/200 [00:09<00:25,  5.93it/s]
# Epoch 50: train_loss: 0.0250037573:  26%|██▌       | 51/200 [00:09<00:25,  5.92it/s]

# Epoch 51: train_loss: 0.0244258717:  26%|██▌       | 51/200 [00:09<00:25,  5.92it/s]
# Epoch 51: train_loss: 0.0244258717:  26%|██▌       | 52/200 [00:09<00:24,  5.95it/s]

# Epoch 52: train_loss: 0.0247421954:  26%|██▌       | 52/200 [00:10<00:24,  5.95it/s]
# Epoch 52: train_loss: 0.0247421954:  26%|██▋       | 53/200 [00:10<00:24,  5.96it/s]

# Epoch 53: train_loss: 0.0237197764:  26%|██▋       | 53/200 [00:10<00:24,  5.96it/s]
# Epoch 53: train_loss: 0.0237197764:  27%|██▋       | 54/200 [00:10<00:24,  5.96it/s]

# Epoch 54: train_loss: 0.0250119455:  27%|██▋       | 54/200 [00:10<00:24,  5.96it/s]
# Epoch 54: train_loss: 0.0250119455:  28%|██▊       | 55/200 [00:10<00:24,  5.98it/s]

# Epoch 55: train_loss: 0.0238899384:  28%|██▊       | 55/200 [00:10<00:24,  5.98it/s]
# Epoch 55: train_loss: 0.0238899384:  28%|██▊       | 56/200 [00:10<00:24,  5.98it/s]

# Epoch 56: train_loss: 0.0241779983:  28%|██▊       | 56/200 [00:10<00:24,  5.98it/s]
# Epoch 56: train_loss: 0.0241779983:  28%|██▊       | 57/200 [00:10<00:23,  5.98it/s]

# Epoch 57: train_loss: 0.0244982019:  28%|██▊       | 57/200 [00:10<00:23,  5.98it/s]
# Epoch 57: train_loss: 0.0244982019:  29%|██▉       | 58/200 [00:10<00:23,  5.98it/s]

# Epoch 58: train_loss: 0.0224706847:  29%|██▉       | 58/200 [00:11<00:23,  5.98it/s]
# Epoch 58: train_loss: 0.0224706847:  30%|██▉       | 59/200 [00:11<00:23,  5.98it/s]

# Epoch 59: train_loss: 0.0225227606:  30%|██▉       | 59/200 [00:11<00:23,  5.98it/s]
# Epoch 59: train_loss: 0.0225227606:  30%|███       | 60/200 [00:11<00:23,  5.98it/s]

# Epoch 60: train_loss: 0.0231820196:  30%|███       | 60/200 [00:11<00:23,  5.98it/s]
# Epoch 60: train_loss: 0.0231820196:  30%|███       | 61/200 [00:11<00:23,  5.98it/s]

# Epoch 61: train_loss: 0.0237843525:  30%|███       | 61/200 [00:11<00:23,  5.98it/s]
# Epoch 61: train_loss: 0.0237843525:  31%|███       | 62/200 [00:11<00:23,  5.99it/s]

# Epoch 62: train_loss: 0.0220934432:  31%|███       | 62/200 [00:11<00:23,  5.99it/s]
# Epoch 62: train_loss: 0.0220934432:  32%|███▏      | 63/200 [00:11<00:22,  5.99it/s]

# Epoch 63: train_loss: 0.0238263905:  32%|███▏      | 63/200 [00:11<00:22,  5.99it/s]
# Epoch 63: train_loss: 0.0238263905:  32%|███▏      | 64/200 [00:11<00:22,  5.98it/s]

# Epoch 64: train_loss: 0.0233926363:  32%|███▏      | 64/200 [00:12<00:22,  5.98it/s]
# Epoch 64: train_loss: 0.0233926363:  32%|███▎      | 65/200 [00:12<00:22,  5.98it/s]

# Epoch 65: train_loss: 0.0226639267:  32%|███▎      | 65/200 [00:12<00:22,  5.98it/s]
# Epoch 65: train_loss: 0.0226639267:  33%|███▎      | 66/200 [00:12<00:22,  5.98it/s]

# Epoch 66: train_loss: 0.0225435253:  33%|███▎      | 66/200 [00:12<00:22,  5.98it/s]
# Epoch 66: train_loss: 0.0225435253:  34%|███▎      | 67/200 [00:12<00:22,  5.98it/s]

# Epoch 67: train_loss: 0.0224451870:  34%|███▎      | 67/200 [00:12<00:22,  5.98it/s]
# Epoch 67: train_loss: 0.0224451870:  34%|███▍      | 68/200 [00:12<00:22,  5.97it/s]

# Epoch 68: train_loss: 0.0234480184:  34%|███▍      | 68/200 [00:12<00:22,  5.97it/s]
# Epoch 68: train_loss: 0.0234480184:  34%|███▍      | 69/200 [00:12<00:21,  5.97it/s]

# Epoch 69: train_loss: 0.0236618128:  34%|███▍      | 69/200 [00:12<00:21,  5.97it/s]
# Epoch 69: train_loss: 0.0236618128:  35%|███▌      | 70/200 [00:12<00:21,  5.97it/s]

# Epoch 70: train_loss: 0.0239416510:  35%|███▌      | 70/200 [00:13<00:21,  5.97it/s]
# Epoch 70: train_loss: 0.0239416510:  36%|███▌      | 71/200 [00:13<00:21,  5.96it/s]

# Epoch 71: train_loss: 0.0220126789:  36%|███▌      | 71/200 [00:13<00:21,  5.96it/s]
# Epoch 71: train_loss: 0.0220126789:  36%|███▌      | 72/200 [00:13<00:21,  5.96it/s]

# Epoch 72: train_loss: 0.0220384635:  36%|███▌      | 72/200 [00:13<00:21,  5.96it/s]
# Epoch 72: train_loss: 0.0220384635:  36%|███▋      | 73/200 [00:13<00:21,  5.96it/s]

# Epoch 73: train_loss: 0.0236121193:  36%|███▋      | 73/200 [00:13<00:21,  5.96it/s]
# Epoch 73: train_loss: 0.0236121193:  37%|███▋      | 74/200 [00:13<00:21,  5.96it/s]

# Epoch 74: train_loss: 0.0222884081:  37%|███▋      | 74/200 [00:13<00:21,  5.96it/s]
# Epoch 74: train_loss: 0.0222884081:  38%|███▊      | 75/200 [00:13<00:20,  5.96it/s]

# Epoch 75: train_loss: 0.0231011342:  38%|███▊      | 75/200 [00:13<00:20,  5.96it/s]
# Epoch 75: train_loss: 0.0231011342:  38%|███▊      | 76/200 [00:13<00:20,  5.96it/s]

# Epoch 76: train_loss: 0.0234756507:  38%|███▊      | 76/200 [00:14<00:20,  5.96it/s]
# Epoch 76: train_loss: 0.0234756507:  38%|███▊      | 77/200 [00:14<00:20,  5.96it/s]

# Epoch 77: train_loss: 0.0237071794:  38%|███▊      | 77/200 [00:14<00:20,  5.96it/s]
# Epoch 77: train_loss: 0.0237071794:  39%|███▉      | 78/200 [00:14<00:20,  5.96it/s]

# Epoch 78: train_loss: 0.0245708525:  39%|███▉      | 78/200 [00:14<00:20,  5.96it/s]
# Epoch 78: train_loss: 0.0245708525:  40%|███▉      | 79/200 [00:14<00:20,  5.96it/s]

# Epoch 79: train_loss: 0.0227521136:  40%|███▉      | 79/200 [00:14<00:20,  5.96it/s]
# Epoch 79: train_loss: 0.0227521136:  40%|████      | 80/200 [00:14<00:20,  5.96it/s]

# Epoch 80: train_loss: 0.0227683149:  40%|████      | 80/200 [00:14<00:20,  5.96it/s]
# Epoch 80: train_loss: 0.0227683149:  40%|████      | 81/200 [00:14<00:19,  5.96it/s]

# Epoch 81: train_loss: 0.0228766967:  40%|████      | 81/200 [00:14<00:19,  5.96it/s]
# Epoch 81: train_loss: 0.0228766967:  41%|████      | 82/200 [00:14<00:19,  5.97it/s]

# Epoch 82: train_loss: 0.0241040662:  41%|████      | 82/200 [00:15<00:19,  5.97it/s]
# Epoch 82: train_loss: 0.0241040662:  42%|████▏     | 83/200 [00:15<00:19,  5.96it/s]

# Epoch 83: train_loss: 0.0227678586:  42%|████▏     | 83/200 [00:15<00:19,  5.96it/s]
# Epoch 83: train_loss: 0.0227678586:  42%|████▏     | 84/200 [00:15<00:19,  5.97it/s]

# Epoch 84: train_loss: 0.0232492182:  42%|████▏     | 84/200 [00:15<00:19,  5.97it/s]
# Epoch 84: train_loss: 0.0232492182:  42%|████▎     | 85/200 [00:15<00:19,  5.98it/s]

# Epoch 85: train_loss: 0.0225680340:  42%|████▎     | 85/200 [00:15<00:19,  5.98it/s]
# Epoch 85: train_loss: 0.0225680340:  43%|████▎     | 86/200 [00:15<00:19,  5.97it/s]

# Epoch 86: train_loss: 0.0227166750:  43%|████▎     | 86/200 [00:15<00:19,  5.97it/s]
# Epoch 86: train_loss: 0.0227166750:  44%|████▎     | 87/200 [00:15<00:18,  5.98it/s]

# Epoch 87: train_loss: 0.0243166555:  44%|████▎     | 87/200 [00:15<00:18,  5.98it/s]
# Epoch 87: train_loss: 0.0243166555:  44%|████▍     | 88/200 [00:15<00:18,  5.97it/s]

# Epoch 88: train_loss: 0.0231537484:  44%|████▍     | 88/200 [00:16<00:18,  5.97it/s]
# Epoch 88: train_loss: 0.0231537484:  44%|████▍     | 89/200 [00:16<00:18,  5.97it/s]

# Epoch 89: train_loss: 0.0239144582:  44%|████▍     | 89/200 [00:16<00:18,  5.97it/s]
# Epoch 89: train_loss: 0.0239144582:  45%|████▌     | 90/200 [00:16<00:18,  5.96it/s]

# Epoch 90: train_loss: 0.0238047596:  45%|████▌     | 90/200 [00:16<00:18,  5.96it/s]
# Epoch 90: train_loss: 0.0238047596:  46%|████▌     | 91/200 [00:16<00:18,  5.96it/s]

# Epoch 91: train_loss: 0.0235057324:  46%|████▌     | 91/200 [00:16<00:18,  5.96it/s]
# Epoch 91: train_loss: 0.0235057324:  46%|████▌     | 92/200 [00:16<00:18,  5.96it/s]

# Epoch 92: train_loss: 0.0230543800:  46%|████▌     | 92/200 [00:16<00:18,  5.96it/s]
# Epoch 92: train_loss: 0.0230543800:  46%|████▋     | 93/200 [00:16<00:17,  5.96it/s]

# Epoch 93: train_loss: 0.0234837383:  46%|████▋     | 93/200 [00:16<00:17,  5.96it/s]
# Epoch 93: train_loss: 0.0234837383:  47%|████▋     | 94/200 [00:16<00:17,  5.97it/s]

# Epoch 94: train_loss: 0.0239910018:  47%|████▋     | 94/200 [00:17<00:17,  5.97it/s]
# Epoch 94: train_loss: 0.0239910018:  48%|████▊     | 95/200 [00:17<00:17,  5.95it/s]

# Epoch 95: train_loss: 0.0216300227:  48%|████▊     | 95/200 [00:17<00:17,  5.95it/s]
# Epoch 95: train_loss: 0.0216300227:  48%|████▊     | 96/200 [00:17<00:17,  5.95it/s]

# Epoch 96: train_loss: 0.0222587101:  48%|████▊     | 96/200 [00:17<00:17,  5.95it/s]
# Epoch 96: train_loss: 0.0222587101:  48%|████▊     | 97/200 [00:17<00:17,  5.95it/s]

# Epoch 97: train_loss: 0.0222783163:  48%|████▊     | 97/200 [00:17<00:17,  5.95it/s]
# Epoch 97: train_loss: 0.0222783163:  49%|████▉     | 98/200 [00:17<00:17,  5.96it/s]

# Epoch 98: train_loss: 0.0230468865:  49%|████▉     | 98/200 [00:17<00:17,  5.96it/s]
# Epoch 98: train_loss: 0.0230468865:  50%|████▉     | 99/200 [00:17<00:16,  5.96it/s]

# Epoch 99: train_loss: 0.0218478590:  50%|████▉     | 99/200 [00:17<00:16,  5.96it/s]
# Epoch 99: train_loss: 0.0218478590:  50%|█████     | 100/200 [00:17<00:16,  5.96it/s]

# Epoch 100: train_loss: -0.1824872941:  50%|█████     | 100/200 [00:18<00:16,  5.96it/s]
# Epoch 100: train_loss: -0.1824872941:  50%|█████     | 101/200 [00:18<00:17,  5.78it/s]

# Epoch 101: train_loss: -0.1798785329:  50%|█████     | 101/200 [00:18<00:17,  5.78it/s]
# Epoch 101: train_loss: -0.1798785329:  51%|█████     | 102/200 [00:18<00:17,  5.68it/s]

# Epoch 102: train_loss: -0.1807550341:  51%|█████     | 102/200 [00:18<00:17,  5.68it/s]
# Epoch 102: train_loss: -0.1807550341:  52%|█████▏    | 103/200 [00:18<00:17,  5.58it/s]

# Epoch 103: train_loss: -0.1807054281:  52%|█████▏    | 103/200 [00:18<00:17,  5.58it/s]
# Epoch 103: train_loss: -0.1807054281:  52%|█████▏    | 104/200 [00:18<00:17,  5.54it/s]

# Epoch 104: train_loss: -0.1809357703:  52%|█████▏    | 104/200 [00:18<00:17,  5.54it/s]
# Epoch 104: train_loss: -0.1809357703:  52%|█████▎    | 105/200 [00:18<00:17,  5.52it/s]

# Epoch 105: train_loss: -0.1814332455:  52%|█████▎    | 105/200 [00:19<00:17,  5.52it/s]
# Epoch 105: train_loss: -0.1814332455:  53%|█████▎    | 106/200 [00:19<00:17,  5.50it/s]

# Epoch 106: train_loss: -0.1811994016:  53%|█████▎    | 106/200 [00:19<00:17,  5.50it/s]
# Epoch 106: train_loss: -0.1811994016:  54%|█████▎    | 107/200 [00:19<00:16,  5.50it/s]

# Epoch 107: train_loss: -0.1820696294:  54%|█████▎    | 107/200 [00:19<00:16,  5.50it/s]
# Epoch 107: train_loss: -0.1820696294:  54%|█████▍    | 108/200 [00:19<00:16,  5.50it/s]

# Epoch 108: train_loss: -0.1815406084:  54%|█████▍    | 108/200 [00:19<00:16,  5.50it/s]
# Epoch 108: train_loss: -0.1815406084:  55%|█████▍    | 109/200 [00:19<00:16,  5.49it/s]

# Epoch 109: train_loss: -0.1831471026:  55%|█████▍    | 109/200 [00:19<00:16,  5.49it/s]
# Epoch 109: train_loss: -0.1831471026:  55%|█████▌    | 110/200 [00:19<00:16,  5.49it/s]

# Epoch 110: train_loss: -0.1854111552:  55%|█████▌    | 110/200 [00:19<00:16,  5.49it/s]
# Epoch 110: train_loss: -0.1854111552:  56%|█████▌    | 111/200 [00:19<00:16,  5.49it/s]

# Epoch 111: train_loss: -0.1876927316:  56%|█████▌    | 111/200 [00:20<00:16,  5.49it/s]
# Epoch 111: train_loss: -0.1876927316:  56%|█████▌    | 112/200 [00:20<00:16,  5.48it/s]

# Epoch 112: train_loss: -0.1862962842:  56%|█████▌    | 112/200 [00:20<00:16,  5.48it/s]
# Epoch 112: train_loss: -0.1862962842:  56%|█████▋    | 113/200 [00:20<00:15,  5.48it/s]

# Epoch 113: train_loss: -0.1896259934:  56%|█████▋    | 113/200 [00:20<00:15,  5.48it/s]
# Epoch 113: train_loss: -0.1896259934:  57%|█████▋    | 114/200 [00:20<00:15,  5.48it/s]

# Epoch 114: train_loss: -0.1922487170:  57%|█████▋    | 114/200 [00:20<00:15,  5.48it/s]
# Epoch 114: train_loss: -0.1922487170:  57%|█████▊    | 115/200 [00:20<00:15,  5.48it/s]

# Epoch 115: train_loss: -0.1947460473:  57%|█████▊    | 115/200 [00:20<00:15,  5.48it/s]
# Epoch 115: train_loss: -0.1947460473:  58%|█████▊    | 116/200 [00:20<00:15,  5.47it/s]

# Epoch 116: train_loss: -0.1980422735:  58%|█████▊    | 116/200 [00:21<00:15,  5.47it/s]
# Epoch 116: train_loss: -0.1980422735:  58%|█████▊    | 117/200 [00:21<00:15,  5.47it/s]

# Epoch 117: train_loss: -0.1991744041:  58%|█████▊    | 117/200 [00:21<00:15,  5.47it/s]
# Epoch 117: train_loss: -0.1991744041:  59%|█████▉    | 118/200 [00:21<00:14,  5.47it/s]

# Epoch 118: train_loss: -0.2028275281:  59%|█████▉    | 118/200 [00:21<00:14,  5.47it/s]
# Epoch 118: train_loss: -0.2028275281:  60%|█████▉    | 119/200 [00:21<00:14,  5.47it/s]

# Epoch 119: train_loss: -0.2082130164:  60%|█████▉    | 119/200 [00:21<00:14,  5.47it/s]
# Epoch 119: train_loss: -0.2082130164:  60%|██████    | 120/200 [00:21<00:14,  5.46it/s]

# Epoch 120: train_loss: -0.2102942914:  60%|██████    | 120/200 [00:21<00:14,  5.46it/s]
# Epoch 120: train_loss: -0.2102942914:  60%|██████    | 121/200 [00:21<00:14,  5.46it/s]

# Epoch 121: train_loss: -0.2148837298:  60%|██████    | 121/200 [00:21<00:14,  5.46it/s]
# Epoch 121: train_loss: -0.2148837298:  61%|██████    | 122/200 [00:21<00:14,  5.46it/s]

# Epoch 122: train_loss: -0.2197539955:  61%|██████    | 122/200 [00:22<00:14,  5.46it/s]
# Epoch 122: train_loss: -0.2197539955:  62%|██████▏   | 123/200 [00:22<00:14,  5.46it/s]

# Epoch 123: train_loss: -0.2239492983:  62%|██████▏   | 123/200 [00:22<00:14,  5.46it/s]
# Epoch 123: train_loss: -0.2239492983:  62%|██████▏   | 124/200 [00:22<00:13,  5.47it/s]

# Epoch 124: train_loss: -0.2280060500:  62%|██████▏   | 124/200 [00:22<00:13,  5.47it/s]
# Epoch 124: train_loss: -0.2280060500:  62%|██████▎   | 125/200 [00:22<00:13,  5.48it/s]

# Epoch 125: train_loss: -0.2350444198:  62%|██████▎   | 125/200 [00:22<00:13,  5.48it/s]
# Epoch 125: train_loss: -0.2350444198:  63%|██████▎   | 126/200 [00:22<00:13,  5.48it/s]

# Epoch 126: train_loss: -0.2415540963:  63%|██████▎   | 126/200 [00:22<00:13,  5.48it/s]
# Epoch 126: train_loss: -0.2415540963:  64%|██████▎   | 127/200 [00:22<00:13,  5.48it/s]

# Epoch 127: train_loss: -0.2493385077:  64%|██████▎   | 127/200 [00:23<00:13,  5.48it/s]
# Epoch 127: train_loss: -0.2493385077:  64%|██████▍   | 128/200 [00:23<00:13,  5.47it/s]

# Epoch 128: train_loss: -0.2575302422:  64%|██████▍   | 128/200 [00:23<00:13,  5.47it/s]
# Epoch 128: train_loss: -0.2575302422:  64%|██████▍   | 129/200 [00:23<00:12,  5.47it/s]

# Epoch 129: train_loss: -0.2665938437:  64%|██████▍   | 129/200 [00:23<00:12,  5.47it/s]
# Epoch 129: train_loss: -0.2665938437:  65%|██████▌   | 130/200 [00:23<00:12,  5.48it/s]

# Epoch 130: train_loss: -0.2754574716:  65%|██████▌   | 130/200 [00:23<00:12,  5.48it/s]
# Epoch 130: train_loss: -0.2754574716:  66%|██████▌   | 131/200 [00:23<00:12,  5.48it/s]

# Epoch 131: train_loss: -0.2894389331:  66%|██████▌   | 131/200 [00:23<00:12,  5.48it/s]
# Epoch 131: train_loss: -0.2894389331:  66%|██████▌   | 132/200 [00:23<00:12,  5.49it/s]

# Epoch 132: train_loss: -0.2973663211:  66%|██████▌   | 132/200 [00:23<00:12,  5.49it/s]
# Epoch 132: train_loss: -0.2973663211:  66%|██████▋   | 133/200 [00:23<00:12,  5.46it/s]

# Epoch 133: train_loss: -0.3104020953:  66%|██████▋   | 133/200 [00:24<00:12,  5.46it/s]
# Epoch 133: train_loss: -0.3104020953:  67%|██████▋   | 134/200 [00:24<00:12,  5.45it/s]

# Epoch 134: train_loss: -0.3219306171:  67%|██████▋   | 134/200 [00:24<00:12,  5.45it/s]
# Epoch 134: train_loss: -0.3219306171:  68%|██████▊   | 135/200 [00:24<00:11,  5.45it/s]

# Epoch 135: train_loss: -0.3333085179:  68%|██████▊   | 135/200 [00:24<00:11,  5.45it/s]
# Epoch 135: train_loss: -0.3333085179:  68%|██████▊   | 136/200 [00:24<00:11,  5.45it/s]

# Epoch 136: train_loss: -0.3443909287:  68%|██████▊   | 136/200 [00:24<00:11,  5.45it/s]
# Epoch 136: train_loss: -0.3443909287:  68%|██████▊   | 137/200 [00:24<00:11,  5.46it/s]

# Epoch 137: train_loss: -0.3567991555:  68%|██████▊   | 137/200 [00:24<00:11,  5.46it/s]
# Epoch 137: train_loss: -0.3567991555:  69%|██████▉   | 138/200 [00:24<00:11,  5.45it/s]

# Epoch 138: train_loss: -0.3678767085:  69%|██████▉   | 138/200 [00:25<00:11,  5.45it/s]
# Epoch 138: train_loss: -0.3678767085:  70%|██████▉   | 139/200 [00:25<00:11,  5.43it/s]

# Epoch 139: train_loss: -0.3766088188:  70%|██████▉   | 139/200 [00:25<00:11,  5.43it/s]
# Epoch 139: train_loss: -0.3766088188:  70%|███████   | 140/200 [00:25<00:11,  5.44it/s]

# Epoch 140: train_loss: -0.3833793402:  70%|███████   | 140/200 [00:25<00:11,  5.44it/s]
# Epoch 140: train_loss: -0.3833793402:  70%|███████   | 141/200 [00:25<00:10,  5.44it/s]

# Epoch 141: train_loss: -0.3896158040:  70%|███████   | 141/200 [00:25<00:10,  5.44it/s]
# Epoch 141: train_loss: -0.3896158040:  71%|███████   | 142/200 [00:25<00:10,  5.42it/s]

# Epoch 142: train_loss: -0.3959749639:  71%|███████   | 142/200 [00:25<00:10,  5.42it/s]
# Epoch 142: train_loss: -0.3959749639:  72%|███████▏  | 143/200 [00:25<00:10,  5.43it/s]

# Epoch 143: train_loss: -0.4002292752:  72%|███████▏  | 143/200 [00:25<00:10,  5.43it/s]
# Epoch 143: train_loss: -0.4002292752:  72%|███████▏  | 144/200 [00:26<00:10,  5.44it/s]

# Epoch 144: train_loss: -0.4054925442:  72%|███████▏  | 144/200 [00:26<00:10,  5.44it/s]
# Epoch 144: train_loss: -0.4054925442:  72%|███████▎  | 145/200 [00:26<00:10,  5.44it/s]

# Epoch 145: train_loss: -0.4060954750:  72%|███████▎  | 145/200 [00:26<00:10,  5.44it/s]
# Epoch 145: train_loss: -0.4060954750:  73%|███████▎  | 146/200 [00:26<00:09,  5.44it/s]

# Epoch 146: train_loss: -0.4082765579:  73%|███████▎  | 146/200 [00:26<00:09,  5.44it/s]
# Epoch 146: train_loss: -0.4082765579:  74%|███████▎  | 147/200 [00:26<00:09,  5.45it/s]

# Epoch 147: train_loss: -0.4087238312:  74%|███████▎  | 147/200 [00:26<00:09,  5.45it/s]
# Epoch 147: train_loss: -0.4087238312:  74%|███████▍  | 148/200 [00:26<00:09,  5.45it/s]

# Epoch 148: train_loss: -0.4105143249:  74%|███████▍  | 148/200 [00:26<00:09,  5.45it/s]
# Epoch 148: train_loss: -0.4105143249:  74%|███████▍  | 149/200 [00:26<00:09,  5.46it/s]

# Epoch 149: train_loss: -0.4117863178:  74%|███████▍  | 149/200 [00:27<00:09,  5.46it/s]
# Epoch 149: train_loss: -0.4117863178:  75%|███████▌  | 150/200 [00:27<00:09,  5.46it/s]

# Epoch 150: train_loss: -0.4106636643:  75%|███████▌  | 150/200 [00:27<00:09,  5.46it/s]
# Epoch 150: train_loss: -0.4106636643:  76%|███████▌  | 151/200 [00:27<00:08,  5.46it/s]

# Epoch 151: train_loss: -0.4090844393:  76%|███████▌  | 151/200 [00:27<00:08,  5.46it/s]
# Epoch 151: train_loss: -0.4090844393:  76%|███████▌  | 152/200 [00:27<00:08,  5.46it/s]

# Epoch 152: train_loss: -0.4093537927:  76%|███████▌  | 152/200 [00:27<00:08,  5.46it/s]
# Epoch 152: train_loss: -0.4093537927:  76%|███████▋  | 153/200 [00:27<00:08,  5.46it/s]

# Epoch 153: train_loss: -0.4100336134:  76%|███████▋  | 153/200 [00:27<00:08,  5.46it/s]
# Epoch 153: train_loss: -0.4100336134:  77%|███████▋  | 154/200 [00:27<00:08,  5.46it/s]

# Epoch 154: train_loss: -0.4131913483:  77%|███████▋  | 154/200 [00:28<00:08,  5.46it/s]
# Epoch 154: train_loss: -0.4131913483:  78%|███████▊  | 155/200 [00:28<00:08,  5.40it/s]

# Epoch 155: train_loss: -0.4141196012:  78%|███████▊  | 155/200 [00:28<00:08,  5.40it/s]
# Epoch 155: train_loss: -0.4141196012:  78%|███████▊  | 156/200 [00:28<00:08,  5.42it/s]

# Epoch 156: train_loss: -0.4165790081:  78%|███████▊  | 156/200 [00:28<00:08,  5.42it/s]
# Epoch 156: train_loss: -0.4165790081:  78%|███████▊  | 157/200 [00:28<00:07,  5.44it/s]

# Epoch 157: train_loss: -0.4174852073:  78%|███████▊  | 157/200 [00:28<00:07,  5.44it/s]
# Epoch 157: train_loss: -0.4174852073:  79%|███████▉  | 158/200 [00:28<00:07,  5.44it/s]

# Epoch 158: train_loss: -0.4187744260:  79%|███████▉  | 158/200 [00:28<00:07,  5.44it/s]
# Epoch 158: train_loss: -0.4187744260:  80%|███████▉  | 159/200 [00:28<00:07,  5.45it/s]

# Epoch 159: train_loss: -0.4197470248:  80%|███████▉  | 159/200 [00:28<00:07,  5.45it/s]
# Epoch 159: train_loss: -0.4197470248:  80%|████████  | 160/200 [00:28<00:07,  5.45it/s]

# Epoch 160: train_loss: -0.4225511253:  80%|████████  | 160/200 [00:29<00:07,  5.45it/s]
# Epoch 160: train_loss: -0.4225511253:  80%|████████  | 161/200 [00:29<00:07,  5.45it/s]

# Epoch 161: train_loss: -0.4238945544:  80%|████████  | 161/200 [00:29<00:07,  5.45it/s]
# Epoch 161: train_loss: -0.4238945544:  81%|████████  | 162/200 [00:29<00:07,  5.28it/s]

# Epoch 162: train_loss: -0.4268965423:  81%|████████  | 162/200 [00:29<00:07,  5.28it/s]
# Epoch 162: train_loss: -0.4268965423:  82%|████████▏ | 163/200 [00:29<00:07,  5.18it/s]

# Epoch 163: train_loss: -0.4262010455:  82%|████████▏ | 163/200 [00:29<00:07,  5.18it/s]
# Epoch 163: train_loss: -0.4262010455:  82%|████████▏ | 164/200 [00:29<00:07,  5.04it/s]

# Epoch 164: train_loss: -0.4286324680:  82%|████████▏ | 164/200 [00:29<00:07,  5.04it/s]
# Epoch 164: train_loss: -0.4286324680:  82%|████████▎ | 165/200 [00:29<00:06,  5.07it/s]

# Epoch 165: train_loss: -0.4291726053:  82%|████████▎ | 165/200 [00:30<00:06,  5.07it/s]
# Epoch 165: train_loss: -0.4291726053:  83%|████████▎ | 166/200 [00:30<00:06,  5.10it/s]

# Epoch 166: train_loss: -0.4300341606:  83%|████████▎ | 166/200 [00:30<00:06,  5.10it/s]
# Epoch 166: train_loss: -0.4300341606:  84%|████████▎ | 167/200 [00:30<00:06,  5.05it/s]

# Epoch 167: train_loss: -0.4308734834:  84%|████████▎ | 167/200 [00:30<00:06,  5.05it/s]
# Epoch 167: train_loss: -0.4308734834:  84%|████████▍ | 168/200 [00:30<00:06,  5.11it/s]

# Epoch 168: train_loss: -0.4311205447:  84%|████████▍ | 168/200 [00:30<00:06,  5.11it/s]
# Epoch 168: train_loss: -0.4311205447:  84%|████████▍ | 169/200 [00:30<00:06,  5.15it/s]

# Epoch 169: train_loss: -0.4334346652:  84%|████████▍ | 169/200 [00:30<00:06,  5.15it/s]
# Epoch 169: train_loss: -0.4334346652:  85%|████████▌ | 170/200 [00:30<00:05,  5.19it/s]

# Epoch 170: train_loss: -0.4339057505:  85%|████████▌ | 170/200 [00:31<00:05,  5.19it/s]
# Epoch 170: train_loss: -0.4339057505:  86%|████████▌ | 171/200 [00:31<00:05,  5.20it/s]

# Epoch 171: train_loss: -0.4349936843:  86%|████████▌ | 171/200 [00:31<00:05,  5.20it/s]
# Epoch 171: train_loss: -0.4349936843:  86%|████████▌ | 172/200 [00:31<00:05,  5.21it/s]

# Epoch 172: train_loss: -0.4341535270:  86%|████████▌ | 172/200 [00:31<00:05,  5.21it/s]
# Epoch 172: train_loss: -0.4341535270:  86%|████████▋ | 173/200 [00:31<00:05,  5.22it/s]

# Epoch 173: train_loss: -0.4350487888:  86%|████████▋ | 173/200 [00:31<00:05,  5.22it/s]
# Epoch 173: train_loss: -0.4350487888:  87%|████████▋ | 174/200 [00:31<00:04,  5.22it/s]

# Epoch 174: train_loss: -0.4365443289:  87%|████████▋ | 174/200 [00:31<00:04,  5.22it/s]
# Epoch 174: train_loss: -0.4365443289:  88%|████████▊ | 175/200 [00:31<00:04,  5.23it/s]

# Epoch 175: train_loss: -0.4369767010:  88%|████████▊ | 175/200 [00:32<00:04,  5.23it/s]
# Epoch 175: train_loss: -0.4369767010:  88%|████████▊ | 176/200 [00:32<00:04,  5.23it/s]

# Epoch 176: train_loss: -0.4365026653:  88%|████████▊ | 176/200 [00:32<00:04,  5.23it/s]
# Epoch 176: train_loss: -0.4365026653:  88%|████████▊ | 177/200 [00:32<00:04,  5.16it/s]

# Epoch 177: train_loss: -0.4378309548:  88%|████████▊ | 177/200 [00:32<00:04,  5.16it/s]
# Epoch 177: train_loss: -0.4378309548:  89%|████████▉ | 178/200 [00:32<00:04,  5.19it/s]

# Epoch 178: train_loss: -0.4389891624:  89%|████████▉ | 178/200 [00:32<00:04,  5.19it/s]
# Epoch 178: train_loss: -0.4389891624:  90%|████████▉ | 179/200 [00:32<00:04,  5.20it/s]

# Epoch 179: train_loss: -0.4416511357:  90%|████████▉ | 179/200 [00:32<00:04,  5.20it/s]
# Epoch 179: train_loss: -0.4416511357:  90%|█████████ | 180/200 [00:32<00:03,  5.18it/s]

# Epoch 180: train_loss: -0.4421693087:  90%|█████████ | 180/200 [00:33<00:03,  5.18it/s]
# Epoch 180: train_loss: -0.4421693087:  90%|█████████ | 181/200 [00:33<00:03,  4.99it/s]

# Epoch 181: train_loss: -0.4444251359:  90%|█████████ | 181/200 [00:33<00:03,  4.99it/s]
# Epoch 181: train_loss: -0.4444251359:  91%|█████████ | 182/200 [00:33<00:03,  4.88it/s]

# Epoch 182: train_loss: -0.4494202733:  91%|█████████ | 182/200 [00:33<00:03,  4.88it/s]
# Epoch 182: train_loss: -0.4494202733:  92%|█████████▏| 183/200 [00:33<00:03,  4.79it/s]

# Epoch 183: train_loss: -0.4547987282:  92%|█████████▏| 183/200 [00:33<00:03,  4.79it/s]
# Epoch 183: train_loss: -0.4547987282:  92%|█████████▏| 184/200 [00:33<00:03,  4.92it/s]

# Epoch 184: train_loss: -0.4624047875:  92%|█████████▏| 184/200 [00:33<00:03,  4.92it/s]
# Epoch 184: train_loss: -0.4624047875:  92%|█████████▎| 185/200 [00:33<00:02,  5.02it/s]

# Epoch 185: train_loss: -0.4705761373:  92%|█████████▎| 185/200 [00:34<00:02,  5.02it/s]
# Epoch 185: train_loss: -0.4705761373:  93%|█████████▎| 186/200 [00:34<00:02,  5.01it/s]

# Epoch 186: train_loss: -0.4787745774:  93%|█████████▎| 186/200 [00:34<00:02,  5.01it/s]
# Epoch 186: train_loss: -0.4787745774:  94%|█████████▎| 187/200 [00:34<00:02,  5.07it/s]

# Epoch 187: train_loss: -0.4895139337:  94%|█████████▎| 187/200 [00:34<00:02,  5.07it/s]
# Epoch 187: train_loss: -0.4895139337:  94%|█████████▍| 188/200 [00:34<00:02,  5.13it/s]

# Epoch 188: train_loss: -0.4941273928:  94%|█████████▍| 188/200 [00:34<00:02,  5.13it/s]
# Epoch 188: train_loss: -0.4941273928:  94%|█████████▍| 189/200 [00:34<00:02,  5.16it/s]

# Epoch 189: train_loss: -0.4990147054:  94%|█████████▍| 189/200 [00:34<00:02,  5.16it/s]
# Epoch 189: train_loss: -0.4990147054:  95%|█████████▌| 190/200 [00:34<00:01,  5.15it/s]

# Epoch 190: train_loss: -0.5045186281:  95%|█████████▌| 190/200 [00:35<00:01,  5.15it/s]
# Epoch 190: train_loss: -0.5045186281:  96%|█████████▌| 191/200 [00:35<00:01,  5.17it/s]

# Epoch 191: train_loss: -0.5075658560:  96%|█████████▌| 191/200 [00:35<00:01,  5.17it/s]
# Epoch 191: train_loss: -0.5075658560:  96%|█████████▌| 192/200 [00:35<00:01,  5.18it/s]

# Epoch 192: train_loss: -0.5041699409:  96%|█████████▌| 192/200 [00:35<00:01,  5.18it/s]
# Epoch 192: train_loss: -0.5041699409:  96%|█████████▋| 193/200 [00:35<00:01,  5.20it/s]

# Epoch 193: train_loss: -0.5066193342:  96%|█████████▋| 193/200 [00:35<00:01,  5.20it/s]
# Epoch 193: train_loss: -0.5066193342:  97%|█████████▋| 194/200 [00:35<00:01,  5.21it/s]

# Epoch 194: train_loss: -0.5063775778:  97%|█████████▋| 194/200 [00:35<00:01,  5.21it/s]
# Epoch 194: train_loss: -0.5063775778:  98%|█████████▊| 195/200 [00:35<00:00,  5.23it/s]

# Epoch 195: train_loss: -0.5119048953:  98%|█████████▊| 195/200 [00:35<00:00,  5.23it/s]
# Epoch 195: train_loss: -0.5119048953:  98%|█████████▊| 196/200 [00:35<00:00,  5.14it/s]

# Epoch 196: train_loss: -0.5094692707:  98%|█████████▊| 196/200 [00:36<00:00,  5.14it/s]
# Epoch 196: train_loss: -0.5094692707:  98%|█████████▊| 197/200 [00:36<00:00,  4.94it/s]

# Epoch 197: train_loss: -0.5162294507:  98%|█████████▊| 197/200 [00:36<00:00,  4.94it/s]
# Epoch 197: train_loss: -0.5162294507:  99%|█████████▉| 198/200 [00:36<00:00,  5.02it/s]

# Epoch 198: train_loss: -0.5157907009:  99%|█████████▉| 198/200 [00:36<00:00,  5.02it/s]
# Epoch 198: train_loss: -0.5157907009: 100%|█████████▉| 199/200 [00:36<00:00,  5.02it/s]

# Epoch 199: train_loss: -0.5178544521: 100%|█████████▉| 199/200 [00:36<00:00,  5.02it/s]
# Epoch 199: train_loss: -0.5178544521: 100%|██████████| 200/200 [00:36<00:00,  5.04it/s]
# Epoch 199: train_loss: -0.5178544521: 100%|██████████| 200/200 [00:36<00:00,  5.44it/s]

  0%|          | 0/167 [00:00<?, ?it/s]
# Epoch: 0, train_loss: 0.7185, train_acc:0.56125, val_loss: 0.6886, val_acc:0.55095, val_f1:0.71047:   0%|          | 0/167 [00:00<?, ?it/s]
# Epoch: 0, train_loss: 0.7185, train_acc:0.56125, val_loss: 0.6886, val_acc:0.55095, val_f1:0.71047:   1%|          | 1/167 [00:00<00:48,  3.44it/s]
# Epoch: 1, train_loss: 0.7123, train_acc:0.56125, val_loss: 0.6873, val_acc:0.55095, val_f1:0.71047:   1%|          | 1/167 [00:00<00:48,  3.44it/s]
# Epoch: 1, train_loss: 0.7123, train_acc:0.56125, val_loss: 0.6873, val_acc:0.55095, val_f1:0.71047:   1%|          | 2/167 [00:00<00:43,  3.77it/s]
# Epoch: 2, train_loss: 0.7069, train_acc:0.56125, val_loss: 0.6862, val_acc:0.55095, val_f1:0.71047:   1%|          | 2/167 [00:00<00:43,  3.77it/s]
# Epoch: 2, train_loss: 0.7069, train_acc:0.56125, val_loss: 0.6862, val_acc:0.55095, val_f1:0.71047:   2%|▏         | 3/167 [00:00<00:41,  3.98it/s]
# Epoch: 3, train_loss: 0.7028, train_acc:0.56125, val_loss: 0.6850, val_acc:0.55095, val_f1:0.71047:   2%|▏         | 3/167 [00:01<00:41,  3.98it/s]
# Epoch: 3, train_loss: 0.7028, train_acc:0.56125, val_loss: 0.6850, val_acc:0.55095, val_f1:0.71047:   2%|▏         | 4/167 [00:01<00:40,  4.05it/s]
# Epoch: 4, train_loss: 0.6994, train_acc:0.56125, val_loss: 0.6837, val_acc:0.55095, val_f1:0.71047:   2%|▏         | 4/167 [00:01<00:40,  4.05it/s]
# Epoch: 4, train_loss: 0.6994, train_acc:0.56125, val_loss: 0.6837, val_acc:0.55095, val_f1:0.71047:   3%|▎         | 5/167 [00:01<00:40,  4.02it/s]
# Epoch: 5, train_loss: 0.6968, train_acc:0.56125, val_loss: 0.6824, val_acc:0.55095, val_f1:0.71047:   3%|▎         | 5/167 [00:01<00:40,  4.02it/s]
# Epoch: 5, train_loss: 0.6968, train_acc:0.56125, val_loss: 0.6824, val_acc:0.55095, val_f1:0.71047:   4%|▎         | 6/167 [00:01<00:41,  3.92it/s]
# Epoch: 6, train_loss: 0.6935, train_acc:0.56137, val_loss: 0.6810, val_acc:0.55095, val_f1:0.71047:   4%|▎         | 6/167 [00:01<00:41,  3.92it/s]
# Epoch: 6, train_loss: 0.6935, train_acc:0.56137, val_loss: 0.6810, val_acc:0.55095, val_f1:0.71047:   4%|▍         | 7/167 [00:01<00:38,  4.14it/s]
# Epoch: 7, train_loss: 0.6914, train_acc:0.56149, val_loss: 0.6796, val_acc:0.55095, val_f1:0.71047:   4%|▍         | 7/167 [00:01<00:38,  4.14it/s]
# Epoch: 7, train_loss: 0.6914, train_acc:0.56149, val_loss: 0.6796, val_acc:0.55095, val_f1:0.71047:   5%|▍         | 8/167 [00:01<00:37,  4.29it/s]
# Epoch: 8, train_loss: 0.6894, train_acc:0.56149, val_loss: 0.6782, val_acc:0.55095, val_f1:0.71047:   5%|▍         | 8/167 [00:02<00:37,  4.29it/s]
# Epoch: 8, train_loss: 0.6894, train_acc:0.56149, val_loss: 0.6782, val_acc:0.55095, val_f1:0.71047:   5%|▌         | 9/167 [00:02<00:35,  4.40it/s]
# Epoch: 9, train_loss: 0.6884, train_acc:0.56161, val_loss: 0.6769, val_acc:0.55137, val_f1:0.71066:   5%|▌         | 9/167 [00:02<00:35,  4.40it/s]
# Epoch: 9, train_loss: 0.6884, train_acc:0.56161, val_loss: 0.6769, val_acc:0.55137, val_f1:0.71066:   6%|▌         | 10/167 [00:02<00:35,  4.48it/s]
# Epoch: 10, train_loss: 0.6868, train_acc:0.56137, val_loss: 0.6756, val_acc:0.55137, val_f1:0.71066:   6%|▌         | 10/167 [00:02<00:35,  4.48it/s]
# Epoch: 10, train_loss: 0.6868, train_acc:0.56137, val_loss: 0.6756, val_acc:0.55137, val_f1:0.71066:   7%|▋         | 11/167 [00:02<00:34,  4.56it/s]
# Epoch: 11, train_loss: 0.6850, train_acc:0.56149, val_loss: 0.6744, val_acc:0.5518, val_f1:0.71086:   7%|▋         | 11/167 [00:02<00:34,  4.56it/s] 
# Epoch: 11, train_loss: 0.6850, train_acc:0.56149, val_loss: 0.6744, val_acc:0.5518, val_f1:0.71086:   7%|▋         | 12/167 [00:02<00:33,  4.61it/s]
# Epoch: 12, train_loss: 0.6841, train_acc:0.5627, val_loss: 0.6733, val_acc:0.5518, val_f1:0.71086:   7%|▋         | 12/167 [00:03<00:33,  4.61it/s] 
# Epoch: 12, train_loss: 0.6841, train_acc:0.5627, val_loss: 0.6733, val_acc:0.5518, val_f1:0.71086:   8%|▊         | 13/167 [00:03<00:33,  4.63it/s]
# Epoch: 13, train_loss: 0.6827, train_acc:0.56173, val_loss: 0.6723, val_acc:0.5518, val_f1:0.71086:   8%|▊         | 13/167 [00:03<00:33,  4.63it/s]
# Epoch: 13, train_loss: 0.6827, train_acc:0.56173, val_loss: 0.6723, val_acc:0.5518, val_f1:0.71086:   8%|▊         | 14/167 [00:03<00:33,  4.62it/s]
# Epoch: 14, train_loss: 0.6818, train_acc:0.56197, val_loss: 0.6713, val_acc:0.5518, val_f1:0.71086:   8%|▊         | 14/167 [00:03<00:33,  4.62it/s]
# Epoch: 14, train_loss: 0.6818, train_acc:0.56197, val_loss: 0.6713, val_acc:0.5518, val_f1:0.71086:   9%|▉         | 15/167 [00:03<00:32,  4.61it/s]
# Epoch: 15, train_loss: 0.6808, train_acc:0.56354, val_loss: 0.6705, val_acc:0.55264, val_f1:0.71124:   9%|▉         | 15/167 [00:03<00:32,  4.61it/s]
# Epoch: 15, train_loss: 0.6808, train_acc:0.56354, val_loss: 0.6705, val_acc:0.55264, val_f1:0.71124:  10%|▉         | 16/167 [00:03<00:32,  4.65it/s]
# Epoch: 16, train_loss: 0.6800, train_acc:0.5627, val_loss: 0.6697, val_acc:0.55307, val_f1:0.71144:  10%|▉         | 16/167 [00:03<00:32,  4.65it/s] 
# Epoch: 16, train_loss: 0.6800, train_acc:0.5627, val_loss: 0.6697, val_acc:0.55307, val_f1:0.71144:  10%|█         | 17/167 [00:03<00:32,  4.66it/s]
# Epoch: 17, train_loss: 0.6788, train_acc:0.56306, val_loss: 0.6689, val_acc:0.5556, val_f1:0.71261:  10%|█         | 17/167 [00:04<00:32,  4.66it/s]
# Epoch: 17, train_loss: 0.6788, train_acc:0.56306, val_loss: 0.6689, val_acc:0.5556, val_f1:0.71261:  11%|█         | 18/167 [00:04<00:31,  4.69it/s]
# Epoch: 18, train_loss: 0.6783, train_acc:0.56378, val_loss: 0.6681, val_acc:0.55603, val_f1:0.7128:  11%|█         | 18/167 [00:04<00:31,  4.69it/s]
# Epoch: 18, train_loss: 0.6783, train_acc:0.56378, val_loss: 0.6681, val_acc:0.55603, val_f1:0.7128:  11%|█▏        | 19/167 [00:04<00:31,  4.69it/s]
# Epoch: 19, train_loss: 0.6769, train_acc:0.56523, val_loss: 0.6674, val_acc:0.55645, val_f1:0.713:  11%|█▏        | 19/167 [00:04<00:31,  4.69it/s] 
# Epoch: 19, train_loss: 0.6769, train_acc:0.56523, val_loss: 0.6674, val_acc:0.55645, val_f1:0.713:  12%|█▏        | 20/167 [00:04<00:31,  4.70it/s]
# Epoch: 20, train_loss: 0.6763, train_acc:0.56499, val_loss: 0.6668, val_acc:0.55729, val_f1:0.71339:  12%|█▏        | 20/167 [00:04<00:31,  4.70it/s]
# Epoch: 20, train_loss: 0.6763, train_acc:0.56499, val_loss: 0.6668, val_acc:0.55729, val_f1:0.71339:  13%|█▎        | 21/167 [00:04<00:35,  4.16it/s]
# Epoch: 21, train_loss: 0.6756, train_acc:0.56668, val_loss: 0.6661, val_acc:0.55941, val_f1:0.71436:  13%|█▎        | 21/167 [00:05<00:35,  4.16it/s]
# Epoch: 21, train_loss: 0.6756, train_acc:0.56668, val_loss: 0.6661, val_acc:0.55941, val_f1:0.71436:  13%|█▎        | 22/167 [00:05<00:33,  4.32it/s]
# Epoch: 22, train_loss: 0.6749, train_acc:0.56813, val_loss: 0.6655, val_acc:0.5611, val_f1:0.71515:  13%|█▎        | 22/167 [00:05<00:33,  4.32it/s] 
# Epoch: 22, train_loss: 0.6749, train_acc:0.56813, val_loss: 0.6655, val_acc:0.5611, val_f1:0.71515:  14%|█▍        | 23/167 [00:05<00:32,  4.43it/s]
# Epoch: 23, train_loss: 0.6733, train_acc:0.56922, val_loss: 0.6648, val_acc:0.56364, val_f1:0.71633:  14%|█▍        | 23/167 [00:05<00:32,  4.43it/s]
# Epoch: 23, train_loss: 0.6733, train_acc:0.56922, val_loss: 0.6648, val_acc:0.56364, val_f1:0.71633:  14%|█▍        | 24/167 [00:05<00:31,  4.51it/s]
# Epoch: 24, train_loss: 0.6728, train_acc:0.57091, val_loss: 0.6642, val_acc:0.56533, val_f1:0.71712:  14%|█▍        | 24/167 [00:05<00:31,  4.51it/s]
# Epoch: 24, train_loss: 0.6728, train_acc:0.57091, val_loss: 0.6642, val_acc:0.56533, val_f1:0.71712:  15%|█▍        | 25/167 [00:05<00:31,  4.58it/s]
# Epoch: 25, train_loss: 0.6721, train_acc:0.572, val_loss: 0.6635, val_acc:0.5666, val_f1:0.71771:  15%|█▍        | 25/167 [00:05<00:31,  4.58it/s]   
# Epoch: 25, train_loss: 0.6721, train_acc:0.572, val_loss: 0.6635, val_acc:0.5666, val_f1:0.71771:  16%|█▌        | 26/167 [00:05<00:30,  4.58it/s]
# Epoch: 26, train_loss: 0.6715, train_acc:0.57405, val_loss: 0.6629, val_acc:0.56871, val_f1:0.7187:  16%|█▌        | 26/167 [00:06<00:30,  4.58it/s]
# Epoch: 26, train_loss: 0.6715, train_acc:0.57405, val_loss: 0.6629, val_acc:0.56871, val_f1:0.7187:  16%|█▌        | 27/167 [00:06<00:30,  4.60it/s]
# Epoch: 27, train_loss: 0.6705, train_acc:0.5749, val_loss: 0.6622, val_acc:0.57082, val_f1:0.71969:  16%|█▌        | 27/167 [00:06<00:30,  4.60it/s]
# Epoch: 27, train_loss: 0.6705, train_acc:0.5749, val_loss: 0.6622, val_acc:0.57082, val_f1:0.71969:  17%|█▋        | 28/167 [00:06<00:29,  4.64it/s]
# Epoch: 28, train_loss: 0.6690, train_acc:0.57707, val_loss: 0.6615, val_acc:0.57463, val_f1:0.72148:  17%|█▋        | 28/167 [00:06<00:29,  4.64it/s]
# Epoch: 28, train_loss: 0.6690, train_acc:0.57707, val_loss: 0.6615, val_acc:0.57463, val_f1:0.72148:  17%|█▋        | 29/167 [00:06<00:29,  4.67it/s]
# Epoch: 29, train_loss: 0.6683, train_acc:0.57888, val_loss: 0.6608, val_acc:0.57801, val_f1:0.72309:  17%|█▋        | 29/167 [00:06<00:29,  4.67it/s]
# Epoch: 29, train_loss: 0.6683, train_acc:0.57888, val_loss: 0.6608, val_acc:0.57801, val_f1:0.72309:  18%|█▊        | 30/167 [00:06<00:29,  4.70it/s]
# Epoch: 30, train_loss: 0.6677, train_acc:0.58202, val_loss: 0.6601, val_acc:0.58013, val_f1:0.72409:  18%|█▊        | 30/167 [00:06<00:29,  4.70it/s]
# Epoch: 30, train_loss: 0.6677, train_acc:0.58202, val_loss: 0.6601, val_acc:0.58013, val_f1:0.72409:  19%|█▊        | 31/167 [00:06<00:28,  4.71it/s]
# Epoch: 31, train_loss: 0.6671, train_acc:0.58384, val_loss: 0.6593, val_acc:0.58436, val_f1:0.72611:  19%|█▊        | 31/167 [00:07<00:28,  4.71it/s]
# Epoch: 31, train_loss: 0.6671, train_acc:0.58384, val_loss: 0.6593, val_acc:0.58436, val_f1:0.72611:  19%|█▉        | 32/167 [00:07<00:29,  4.63it/s]
# Epoch: 32, train_loss: 0.6656, train_acc:0.59048, val_loss: 0.6585, val_acc:0.58689, val_f1:0.72732:  19%|█▉        | 32/167 [00:07<00:29,  4.63it/s]
# Epoch: 32, train_loss: 0.6656, train_acc:0.59048, val_loss: 0.6585, val_acc:0.58689, val_f1:0.72732:  20%|█▉        | 33/167 [00:07<00:28,  4.66it/s]
# Epoch: 33, train_loss: 0.6647, train_acc:0.59447, val_loss: 0.6577, val_acc:0.58858, val_f1:0.72814:  20%|█▉        | 33/167 [00:07<00:28,  4.66it/s]
# Epoch: 33, train_loss: 0.6647, train_acc:0.59447, val_loss: 0.6577, val_acc:0.58858, val_f1:0.72814:  20%|██        | 34/167 [00:07<00:28,  4.69it/s]
# Epoch: 34, train_loss: 0.6639, train_acc:0.59688, val_loss: 0.6568, val_acc:0.59281, val_f1:0.73018:  20%|██        | 34/167 [00:07<00:28,  4.69it/s]
# Epoch: 34, train_loss: 0.6639, train_acc:0.59688, val_loss: 0.6568, val_acc:0.59281, val_f1:0.73018:  21%|██        | 35/167 [00:07<00:28,  4.58it/s]
# Epoch: 35, train_loss: 0.6624, train_acc:0.60196, val_loss: 0.6558, val_acc:0.59789, val_f1:0.73264:  21%|██        | 35/167 [00:08<00:28,  4.58it/s]
# Epoch: 35, train_loss: 0.6624, train_acc:0.60196, val_loss: 0.6558, val_acc:0.59789, val_f1:0.73264:  22%|██▏       | 36/167 [00:08<00:28,  4.62it/s]
# Epoch: 36, train_loss: 0.6612, train_acc:0.60522, val_loss: 0.6548, val_acc:0.60127, val_f1:0.73429:  22%|██▏       | 36/167 [00:08<00:28,  4.62it/s]
# Epoch: 36, train_loss: 0.6612, train_acc:0.60522, val_loss: 0.6548, val_acc:0.60127, val_f1:0.73429:  22%|██▏       | 37/167 [00:08<00:27,  4.65it/s]
# Epoch: 37, train_loss: 0.6604, train_acc:0.61102, val_loss: 0.6536, val_acc:0.60592, val_f1:0.73643:  22%|██▏       | 37/167 [00:08<00:27,  4.65it/s]
# Epoch: 37, train_loss: 0.6604, train_acc:0.61102, val_loss: 0.6536, val_acc:0.60592, val_f1:0.73643:  23%|██▎       | 38/167 [00:08<00:27,  4.68it/s]
# Epoch: 38, train_loss: 0.6590, train_acc:0.61742, val_loss: 0.6524, val_acc:0.61268, val_f1:0.73977:  23%|██▎       | 38/167 [00:08<00:27,  4.68it/s]
# Epoch: 38, train_loss: 0.6590, train_acc:0.61742, val_loss: 0.6524, val_acc:0.61268, val_f1:0.73977:  23%|██▎       | 39/167 [00:08<00:27,  4.68it/s]
# Epoch: 39, train_loss: 0.6581, train_acc:0.6208, val_loss: 0.6511, val_acc:0.61691, val_f1:0.74173:  23%|██▎       | 39/167 [00:08<00:27,  4.68it/s] 
# Epoch: 39, train_loss: 0.6581, train_acc:0.6208, val_loss: 0.6511, val_acc:0.61691, val_f1:0.74173:  24%|██▍       | 40/167 [00:08<00:27,  4.70it/s]
# Epoch: 40, train_loss: 0.6572, train_acc:0.62503, val_loss: 0.6498, val_acc:0.62156, val_f1:0.74407:  24%|██▍       | 40/167 [00:09<00:27,  4.70it/s]
# Epoch: 40, train_loss: 0.6572, train_acc:0.62503, val_loss: 0.6498, val_acc:0.62156, val_f1:0.74407:  25%|██▍       | 41/167 [00:09<00:26,  4.72it/s]
# Epoch: 41, train_loss: 0.6544, train_acc:0.63204, val_loss: 0.6485, val_acc:0.6241, val_f1:0.74535:  25%|██▍       | 41/167 [00:09<00:26,  4.72it/s] 
# Epoch: 41, train_loss: 0.6544, train_acc:0.63204, val_loss: 0.6485, val_acc:0.6241, val_f1:0.74535:  25%|██▌       | 42/167 [00:09<00:26,  4.73it/s]
# Epoch: 42, train_loss: 0.6526, train_acc:0.6388, val_loss: 0.6470, val_acc:0.62918, val_f1:0.74792:  25%|██▌       | 42/167 [00:09<00:26,  4.73it/s]
# Epoch: 42, train_loss: 0.6526, train_acc:0.6388, val_loss: 0.6470, val_acc:0.62918, val_f1:0.74792:  26%|██▌       | 43/167 [00:09<00:26,  4.71it/s]
# Epoch: 43, train_loss: 0.6510, train_acc:0.64581, val_loss: 0.6453, val_acc:0.63425, val_f1:0.7505:  26%|██▌       | 43/167 [00:09<00:26,  4.71it/s]
# Epoch: 43, train_loss: 0.6510, train_acc:0.64581, val_loss: 0.6453, val_acc:0.63425, val_f1:0.7505:  26%|██▋       | 44/167 [00:09<00:26,  4.72it/s]
# Epoch: 44, train_loss: 0.6491, train_acc:0.65137, val_loss: 0.6434, val_acc:0.64101, val_f1:0.75398:  26%|██▋       | 44/167 [00:09<00:26,  4.72it/s]
# Epoch: 44, train_loss: 0.6491, train_acc:0.65137, val_loss: 0.6434, val_acc:0.64101, val_f1:0.75398:  27%|██▋       | 45/167 [00:09<00:25,  4.73it/s]
# Epoch: 45, train_loss: 0.6477, train_acc:0.66187, val_loss: 0.6414, val_acc:0.64947, val_f1:0.75824:  27%|██▋       | 45/167 [00:10<00:25,  4.73it/s]
# Epoch: 45, train_loss: 0.6477, train_acc:0.66187, val_loss: 0.6414, val_acc:0.64947, val_f1:0.75824:  28%|██▊       | 46/167 [00:10<00:25,  4.73it/s]
# Epoch: 46, train_loss: 0.6446, train_acc:0.66985, val_loss: 0.6390, val_acc:0.66004, val_f1:0.76381:  28%|██▊       | 46/167 [00:10<00:25,  4.73it/s]
# Epoch: 46, train_loss: 0.6446, train_acc:0.66985, val_loss: 0.6390, val_acc:0.66004, val_f1:0.76381:  28%|██▊       | 47/167 [00:10<00:25,  4.70it/s]
# Epoch: 47, train_loss: 0.6417, train_acc:0.67951, val_loss: 0.6366, val_acc:0.67188, val_f1:0.77001:  28%|██▊       | 47/167 [00:10<00:25,  4.70it/s]
# Epoch: 47, train_loss: 0.6417, train_acc:0.67951, val_loss: 0.6366, val_acc:0.67188, val_f1:0.77001:  29%|██▊       | 48/167 [00:10<00:25,  4.70it/s]
# Epoch: 48, train_loss: 0.6388, train_acc:0.68543, val_loss: 0.6341, val_acc:0.68457, val_f1:0.77651:  29%|██▊       | 48/167 [00:10<00:25,  4.70it/s]
# Epoch: 48, train_loss: 0.6388, train_acc:0.68543, val_loss: 0.6341, val_acc:0.68457, val_f1:0.77651:  29%|██▉       | 49/167 [00:10<00:25,  4.69it/s]
# Epoch: 49, train_loss: 0.6366, train_acc:0.69449, val_loss: 0.6313, val_acc:0.70698, val_f1:0.78904:  29%|██▉       | 49/167 [00:11<00:25,  4.69it/s]
# Epoch: 49, train_loss: 0.6366, train_acc:0.69449, val_loss: 0.6313, val_acc:0.70698, val_f1:0.78904:  30%|██▉       | 50/167 [00:11<00:25,  4.68it/s]
# Epoch: 50, train_loss: 0.6335, train_acc:0.7044, val_loss: 0.6283, val_acc:0.72431, val_f1:0.79889:  30%|██▉       | 50/167 [00:11<00:25,  4.68it/s] 
# Epoch: 50, train_loss: 0.6335, train_acc:0.7044, val_loss: 0.6283, val_acc:0.72431, val_f1:0.79889:  31%|███       | 51/167 [00:11<00:24,  4.66it/s]
# Epoch: 51, train_loss: 0.6306, train_acc:0.71539, val_loss: 0.6251, val_acc:0.73827, val_f1:0.80711:  31%|███       | 51/167 [00:11<00:24,  4.66it/s]
# Epoch: 51, train_loss: 0.6306, train_acc:0.71539, val_loss: 0.6251, val_acc:0.73827, val_f1:0.80711:  31%|███       | 52/167 [00:11<00:24,  4.66it/s]
# Epoch: 52, train_loss: 0.6266, train_acc:0.72385, val_loss: 0.6216, val_acc:0.75137, val_f1:0.81498:  31%|███       | 52/167 [00:11<00:24,  4.66it/s]
# Epoch: 52, train_loss: 0.6266, train_acc:0.72385, val_loss: 0.6216, val_acc:0.75137, val_f1:0.81498:  32%|███▏      | 53/167 [00:11<00:24,  4.68it/s]
# Epoch: 53, train_loss: 0.6231, train_acc:0.73122, val_loss: 0.6179, val_acc:0.75772, val_f1:0.81884:  32%|███▏      | 53/167 [00:11<00:24,  4.68it/s]
# Epoch: 53, train_loss: 0.6231, train_acc:0.73122, val_loss: 0.6179, val_acc:0.75772, val_f1:0.81884:  32%|███▏      | 54/167 [00:11<00:24,  4.70it/s]
# Epoch: 54, train_loss: 0.6184, train_acc:0.74378, val_loss: 0.6139, val_acc:0.76913, val_f1:0.82589:  32%|███▏      | 54/167 [00:12<00:24,  4.70it/s]
# Epoch: 54, train_loss: 0.6184, train_acc:0.74378, val_loss: 0.6139, val_acc:0.76913, val_f1:0.82589:  33%|███▎      | 55/167 [00:12<00:23,  4.68it/s]
# Epoch: 55, train_loss: 0.6160, train_acc:0.75139, val_loss: 0.6096, val_acc:0.7759, val_f1:0.83013:  33%|███▎      | 55/167 [00:12<00:23,  4.68it/s] 
# Epoch: 55, train_loss: 0.6160, train_acc:0.75139, val_loss: 0.6096, val_acc:0.7759, val_f1:0.83013:  34%|███▎      | 56/167 [00:12<00:23,  4.68it/s]
# Epoch: 56, train_loss: 0.6111, train_acc:0.76033, val_loss: 0.6052, val_acc:0.77717, val_f1:0.83093:  34%|███▎      | 56/167 [00:12<00:23,  4.68it/s]
# Epoch: 56, train_loss: 0.6111, train_acc:0.76033, val_loss: 0.6052, val_acc:0.77717, val_f1:0.83093:  34%|███▍      | 57/167 [00:12<00:23,  4.69it/s]
# Epoch: 57, train_loss: 0.6072, train_acc:0.76806, val_loss: 0.6005, val_acc:0.78097, val_f1:0.83333:  34%|███▍      | 57/167 [00:12<00:23,  4.69it/s]
# Epoch: 57, train_loss: 0.6072, train_acc:0.76806, val_loss: 0.6005, val_acc:0.78097, val_f1:0.83333:  35%|███▍      | 58/167 [00:12<00:23,  4.71it/s]
# Epoch: 58, train_loss: 0.6020, train_acc:0.77519, val_loss: 0.5956, val_acc:0.78309, val_f1:0.83478:  35%|███▍      | 58/167 [00:12<00:23,  4.71it/s]
# Epoch: 58, train_loss: 0.6020, train_acc:0.77519, val_loss: 0.5956, val_acc:0.78309, val_f1:0.83478:  35%|███▌      | 59/167 [00:12<00:22,  4.72it/s]
# Epoch: 59, train_loss: 0.5971, train_acc:0.78123, val_loss: 0.5905, val_acc:0.78605, val_f1:0.83677:  35%|███▌      | 59/167 [00:13<00:22,  4.72it/s]
# Epoch: 59, train_loss: 0.5971, train_acc:0.78123, val_loss: 0.5905, val_acc:0.78605, val_f1:0.83677:  36%|███▌      | 60/167 [00:13<00:22,  4.73it/s]
# Epoch: 60, train_loss: 0.5921, train_acc:0.78437, val_loss: 0.5852, val_acc:0.78816, val_f1:0.83813:  36%|███▌      | 60/167 [00:13<00:22,  4.73it/s]
# Epoch: 60, train_loss: 0.5921, train_acc:0.78437, val_loss: 0.5852, val_acc:0.78816, val_f1:0.83813:  37%|███▋      | 61/167 [00:13<00:22,  4.73it/s]
# Epoch: 61, train_loss: 0.5875, train_acc:0.78896, val_loss: 0.5798, val_acc:0.7907, val_f1:0.83986:  37%|███▋      | 61/167 [00:13<00:22,  4.73it/s] 
# Epoch: 61, train_loss: 0.5875, train_acc:0.78896, val_loss: 0.5798, val_acc:0.7907, val_f1:0.83986:  37%|███▋      | 62/167 [00:13<00:22,  4.72it/s]
# Epoch: 62, train_loss: 0.5804, train_acc:0.79452, val_loss: 0.5745, val_acc:0.7945, val_f1:0.84241:  37%|███▋      | 62/167 [00:13<00:22,  4.72it/s]
# Epoch: 62, train_loss: 0.5804, train_acc:0.79452, val_loss: 0.5745, val_acc:0.7945, val_f1:0.84241:  38%|███▊      | 63/167 [00:13<00:22,  4.72it/s]
# Epoch: 63, train_loss: 0.5766, train_acc:0.79766, val_loss: 0.5693, val_acc:0.7945, val_f1:0.84241:  38%|███▊      | 63/167 [00:13<00:22,  4.72it/s]
# Epoch: 63, train_loss: 0.5766, train_acc:0.79766, val_loss: 0.5693, val_acc:0.7945, val_f1:0.84241:  38%|███▊      | 64/167 [00:13<00:21,  4.73it/s]
# Epoch: 64, train_loss: 0.5700, train_acc:0.79947, val_loss: 0.5638, val_acc:0.79493, val_f1:0.84269:  38%|███▊      | 64/167 [00:14<00:21,  4.73it/s]
# Epoch: 64, train_loss: 0.5700, train_acc:0.79947, val_loss: 0.5638, val_acc:0.79493, val_f1:0.84269:  39%|███▉      | 65/167 [00:14<00:21,  4.72it/s]
# Epoch: 65, train_loss: 0.5639, train_acc:0.80333, val_loss: 0.5577, val_acc:0.79493, val_f1:0.84269:  39%|███▉      | 65/167 [00:14<00:21,  4.72it/s]
# Epoch: 65, train_loss: 0.5639, train_acc:0.80333, val_loss: 0.5577, val_acc:0.79493, val_f1:0.84269:  40%|███▉      | 66/167 [00:14<00:21,  4.72it/s]
# Epoch: 66, train_loss: 0.5574, train_acc:0.80503, val_loss: 0.5511, val_acc:0.79493, val_f1:0.84269:  40%|███▉      | 66/167 [00:14<00:21,  4.72it/s]
# Epoch: 66, train_loss: 0.5574, train_acc:0.80503, val_loss: 0.5511, val_acc:0.79493, val_f1:0.84269:  40%|████      | 67/167 [00:14<00:21,  4.71it/s]
# Epoch: 67, train_loss: 0.5526, train_acc:0.80515, val_loss: 0.5442, val_acc:0.79535, val_f1:0.84296:  40%|████      | 67/167 [00:14<00:21,  4.71it/s]
# Epoch: 67, train_loss: 0.5526, train_acc:0.80515, val_loss: 0.5442, val_acc:0.79535, val_f1:0.84296:  41%|████      | 68/167 [00:14<00:21,  4.71it/s]
# Epoch: 68, train_loss: 0.5455, train_acc:0.80684, val_loss: 0.5375, val_acc:0.79577, val_f1:0.84323:  41%|████      | 68/167 [00:15<00:21,  4.71it/s]
# Epoch: 68, train_loss: 0.5455, train_acc:0.80684, val_loss: 0.5375, val_acc:0.79577, val_f1:0.84323:  41%|████▏     | 69/167 [00:15<00:20,  4.72it/s]
# Epoch: 69, train_loss: 0.5396, train_acc:0.80647, val_loss: 0.5310, val_acc:0.79577, val_f1:0.84323:  41%|████▏     | 69/167 [00:15<00:20,  4.72it/s]
# Epoch: 69, train_loss: 0.5396, train_acc:0.80647, val_loss: 0.5310, val_acc:0.79577, val_f1:0.84323:  42%|████▏     | 70/167 [00:15<00:20,  4.72it/s]
# Epoch: 70, train_loss: 0.5338, train_acc:0.80684, val_loss: 0.5251, val_acc:0.79662, val_f1:0.84398:  42%|████▏     | 70/167 [00:15<00:20,  4.72it/s]
# Epoch: 70, train_loss: 0.5338, train_acc:0.80684, val_loss: 0.5251, val_acc:0.79662, val_f1:0.84398:  43%|████▎     | 71/167 [00:15<00:20,  4.72it/s]
# Epoch: 71, train_loss: 0.5267, train_acc:0.8095, val_loss: 0.5195, val_acc:0.79704, val_f1:0.84436:  43%|████▎     | 71/167 [00:15<00:20,  4.72it/s] 
# Epoch: 71, train_loss: 0.5267, train_acc:0.8095, val_loss: 0.5195, val_acc:0.79704, val_f1:0.84436:  43%|████▎     | 72/167 [00:15<00:22,  4.22it/s]
# Epoch: 72, train_loss: 0.5179, train_acc:0.80937, val_loss: 0.5117, val_acc:0.79704, val_f1:0.84426:  43%|████▎     | 72/167 [00:15<00:22,  4.22it/s]
# Epoch: 72, train_loss: 0.5179, train_acc:0.80937, val_loss: 0.5117, val_acc:0.79704, val_f1:0.84426:  44%|████▎     | 73/167 [00:15<00:21,  4.36it/s]
# Epoch: 73, train_loss: 0.5127, train_acc:0.80962, val_loss: 0.5032, val_acc:0.79831, val_f1:0.84457:  44%|████▎     | 73/167 [00:16<00:21,  4.36it/s]
# Epoch: 73, train_loss: 0.5127, train_acc:0.80962, val_loss: 0.5032, val_acc:0.79831, val_f1:0.84457:  44%|████▍     | 74/167 [00:16<00:20,  4.47it/s]
# Epoch: 74, train_loss: 0.5049, train_acc:0.813, val_loss: 0.4953, val_acc:0.80085, val_f1:0.84613:  44%|████▍     | 74/167 [00:16<00:20,  4.47it/s]  
# Epoch: 74, train_loss: 0.5049, train_acc:0.813, val_loss: 0.4953, val_acc:0.80085, val_f1:0.84613:  45%|████▍     | 75/167 [00:16<00:20,  4.54it/s]
# Epoch: 75, train_loss: 0.4993, train_acc:0.81276, val_loss: 0.4878, val_acc:0.80127, val_f1:0.8462:  45%|████▍     | 75/167 [00:16<00:20,  4.54it/s]
# Epoch: 75, train_loss: 0.4993, train_acc:0.81276, val_loss: 0.4878, val_acc:0.80127, val_f1:0.8462:  46%|████▌     | 76/167 [00:16<00:19,  4.60it/s]
# Epoch: 76, train_loss: 0.4931, train_acc:0.81541, val_loss: 0.4809, val_acc:0.80423, val_f1:0.84795:  46%|████▌     | 76/167 [00:16<00:19,  4.60it/s]
# Epoch: 76, train_loss: 0.4931, train_acc:0.81541, val_loss: 0.4809, val_acc:0.80423, val_f1:0.84795:  46%|████▌     | 77/167 [00:16<00:19,  4.63it/s]
# Epoch: 77, train_loss: 0.4864, train_acc:0.81662, val_loss: 0.4743, val_acc:0.80803, val_f1:0.85066:  46%|████▌     | 77/167 [00:17<00:19,  4.63it/s]
# Epoch: 77, train_loss: 0.4864, train_acc:0.81662, val_loss: 0.4743, val_acc:0.80803, val_f1:0.85066:  47%|████▋     | 78/167 [00:17<00:19,  4.67it/s]
# Epoch: 78, train_loss: 0.4782, train_acc:0.81783, val_loss: 0.4672, val_acc:0.81142, val_f1:0.85251:  47%|████▋     | 78/167 [00:17<00:19,  4.67it/s]
# Epoch: 78, train_loss: 0.4782, train_acc:0.81783, val_loss: 0.4672, val_acc:0.81142, val_f1:0.85251:  47%|████▋     | 79/167 [00:17<00:18,  4.69it/s]
# Epoch: 79, train_loss: 0.4723, train_acc:0.82375, val_loss: 0.4601, val_acc:0.82241, val_f1:0.85972:  47%|████▋     | 79/167 [00:17<00:18,  4.69it/s]
# Epoch: 79, train_loss: 0.4723, train_acc:0.82375, val_loss: 0.4601, val_acc:0.82241, val_f1:0.85972:  48%|████▊     | 80/167 [00:17<00:18,  4.70it/s]
# Epoch: 80, train_loss: 0.4669, train_acc:0.82399, val_loss: 0.4528, val_acc:0.8296, val_f1:0.86381:  48%|████▊     | 80/167 [00:17<00:18,  4.70it/s] 
# Epoch: 80, train_loss: 0.4669, train_acc:0.82399, val_loss: 0.4528, val_acc:0.8296, val_f1:0.86381:  49%|████▊     | 81/167 [00:17<00:18,  4.72it/s]
# Epoch: 81, train_loss: 0.4585, train_acc:0.83003, val_loss: 0.4461, val_acc:0.83721, val_f1:0.86838:  49%|████▊     | 81/167 [00:17<00:18,  4.72it/s]
# Epoch: 81, train_loss: 0.4585, train_acc:0.83003, val_loss: 0.4461, val_acc:0.83721, val_f1:0.86838:  49%|████▉     | 82/167 [00:17<00:18,  4.70it/s]
# Epoch: 82, train_loss: 0.4535, train_acc:0.83462, val_loss: 0.4404, val_acc:0.84101, val_f1:0.87043:  49%|████▉     | 82/167 [00:18<00:18,  4.70it/s]
# Epoch: 82, train_loss: 0.4535, train_acc:0.83462, val_loss: 0.4404, val_acc:0.84101, val_f1:0.87043:  50%|████▉     | 83/167 [00:18<00:17,  4.70it/s]
# Epoch: 83, train_loss: 0.4468, train_acc:0.838, val_loss: 0.4347, val_acc:0.84271, val_f1:0.87155:  50%|████▉     | 83/167 [00:18<00:17,  4.70it/s]  
# Epoch: 83, train_loss: 0.4468, train_acc:0.838, val_loss: 0.4347, val_acc:0.84271, val_f1:0.87155:  50%|█████     | 84/167 [00:18<00:17,  4.71it/s]
# Epoch: 84, train_loss: 0.4416, train_acc:0.84078, val_loss: 0.4293, val_acc:0.84355, val_f1:0.87233:  50%|█████     | 84/167 [00:18<00:17,  4.71it/s]
# Epoch: 84, train_loss: 0.4416, train_acc:0.84078, val_loss: 0.4293, val_acc:0.84355, val_f1:0.87233:  51%|█████     | 85/167 [00:18<00:17,  4.70it/s]
# Epoch: 85, train_loss: 0.4369, train_acc:0.84368, val_loss: 0.4241, val_acc:0.84397, val_f1:0.87263:  51%|█████     | 85/167 [00:18<00:17,  4.70it/s]
# Epoch: 85, train_loss: 0.4369, train_acc:0.84368, val_loss: 0.4241, val_acc:0.84397, val_f1:0.87263:  51%|█████▏    | 86/167 [00:18<00:17,  4.72it/s]
# Epoch: 86, train_loss: 0.4303, train_acc:0.8461, val_loss: 0.4191, val_acc:0.84693, val_f1:0.87465:  51%|█████▏    | 86/167 [00:18<00:17,  4.72it/s] 
# Epoch: 86, train_loss: 0.4303, train_acc:0.8461, val_loss: 0.4191, val_acc:0.84693, val_f1:0.87465:  52%|█████▏    | 87/167 [00:18<00:16,  4.73it/s]
# Epoch: 87, train_loss: 0.4244, train_acc:0.84839, val_loss: 0.4145, val_acc:0.84693, val_f1:0.87439:  52%|█████▏    | 87/167 [00:19<00:16,  4.73it/s]
# Epoch: 87, train_loss: 0.4244, train_acc:0.84839, val_loss: 0.4145, val_acc:0.84693, val_f1:0.87439:  53%|█████▎    | 88/167 [00:19<00:16,  4.73it/s]
# Epoch: 88, train_loss: 0.4218, train_acc:0.84719, val_loss: 0.4106, val_acc:0.84778, val_f1:0.87456:  53%|█████▎    | 88/167 [00:19<00:16,  4.73it/s]
# Epoch: 88, train_loss: 0.4218, train_acc:0.84719, val_loss: 0.4106, val_acc:0.84778, val_f1:0.87456:  53%|█████▎    | 89/167 [00:19<00:16,  4.73it/s]
# Epoch: 89, train_loss: 0.4157, train_acc:0.8496, val_loss: 0.4070, val_acc:0.84736, val_f1:0.87373:  53%|█████▎    | 89/167 [00:19<00:16,  4.73it/s] 
# Epoch: 89, train_loss: 0.4157, train_acc:0.8496, val_loss: 0.4070, val_acc:0.84736, val_f1:0.87373:  54%|█████▍    | 90/167 [00:19<00:15,  4.82it/s]
# Epoch: 90, train_loss: 0.4122, train_acc:0.85057, val_loss: 0.4035, val_acc:0.84778, val_f1:0.87386:  54%|█████▍    | 90/167 [00:19<00:15,  4.82it/s]
# Epoch: 90, train_loss: 0.4122, train_acc:0.85057, val_loss: 0.4035, val_acc:0.84778, val_f1:0.87386:  54%|█████▍    | 91/167 [00:19<00:15,  4.78it/s]
# Epoch: 91, train_loss: 0.4088, train_acc:0.85141, val_loss: 0.4002, val_acc:0.84693, val_f1:0.87307:  54%|█████▍    | 91/167 [00:19<00:15,  4.78it/s]
# Epoch: 91, train_loss: 0.4088, train_acc:0.85141, val_loss: 0.4002, val_acc:0.84693, val_f1:0.87307:  55%|█████▌    | 92/167 [00:19<00:15,  4.86it/s]
# Epoch: 92, train_loss: 0.4057, train_acc:0.85202, val_loss: 0.3972, val_acc:0.84651, val_f1:0.87259:  55%|█████▌    | 92/167 [00:20<00:15,  4.86it/s]
# Epoch: 92, train_loss: 0.4057, train_acc:0.85202, val_loss: 0.3972, val_acc:0.84651, val_f1:0.87259:  56%|█████▌    | 93/167 [00:20<00:15,  4.91it/s]
# Epoch: 93, train_loss: 0.4021, train_acc:0.85214, val_loss: 0.3943, val_acc:0.84693, val_f1:0.87271:  56%|█████▌    | 93/167 [00:20<00:15,  4.91it/s]
# Epoch: 93, train_loss: 0.4021, train_acc:0.85214, val_loss: 0.3943, val_acc:0.84693, val_f1:0.87271:  56%|█████▋    | 94/167 [00:20<00:14,  4.95it/s]
# Epoch: 94, train_loss: 0.3974, train_acc:0.85298, val_loss: 0.3912, val_acc:0.84863, val_f1:0.87421:  56%|█████▋    | 94/167 [00:20<00:14,  4.95it/s]
# Epoch: 94, train_loss: 0.3974, train_acc:0.85298, val_loss: 0.3912, val_acc:0.84863, val_f1:0.87421:  57%|█████▋    | 95/167 [00:20<00:14,  4.89it/s]
# Epoch: 95, train_loss: 0.3937, train_acc:0.8531, val_loss: 0.3882, val_acc:0.84989, val_f1:0.87548:  57%|█████▋    | 95/167 [00:20<00:14,  4.89it/s] 
# Epoch: 95, train_loss: 0.3937, train_acc:0.8531, val_loss: 0.3882, val_acc:0.84989, val_f1:0.87548:  57%|█████▋    | 96/167 [00:20<00:14,  4.83it/s]
# Epoch: 96, train_loss: 0.3906, train_acc:0.85468, val_loss: 0.3854, val_acc:0.85159, val_f1:0.87714:  57%|█████▋    | 96/167 [00:21<00:14,  4.83it/s]
# Epoch: 96, train_loss: 0.3906, train_acc:0.85468, val_loss: 0.3854, val_acc:0.85159, val_f1:0.87714:  58%|█████▊    | 97/167 [00:21<00:14,  4.78it/s]
# Epoch: 97, train_loss: 0.3865, train_acc:0.856, val_loss: 0.3830, val_acc:0.85159, val_f1:0.87697:  58%|█████▊    | 97/167 [00:21<00:14,  4.78it/s]  
# Epoch: 97, train_loss: 0.3865, train_acc:0.856, val_loss: 0.3830, val_acc:0.85159, val_f1:0.87697:  59%|█████▊    | 98/167 [00:21<00:14,  4.76it/s]
# Epoch: 98, train_loss: 0.3842, train_acc:0.85468, val_loss: 0.3808, val_acc:0.85285, val_f1:0.87764:  59%|█████▊    | 98/167 [00:21<00:14,  4.76it/s]
# Epoch: 98, train_loss: 0.3842, train_acc:0.85468, val_loss: 0.3808, val_acc:0.85285, val_f1:0.87764:  59%|█████▉    | 99/167 [00:21<00:14,  4.74it/s]
# Epoch: 99, train_loss: 0.3812, train_acc:0.85588, val_loss: 0.3785, val_acc:0.85581, val_f1:0.87955:  59%|█████▉    | 99/167 [00:21<00:14,  4.74it/s]
# Epoch: 99, train_loss: 0.3812, train_acc:0.85588, val_loss: 0.3785, val_acc:0.85581, val_f1:0.87955:  60%|█████▉    | 100/167 [00:21<00:14,  4.73it/s]
# Epoch: 100, train_loss: 0.3793, train_acc:0.85564, val_loss: 0.3761, val_acc:0.85708, val_f1:0.88014:  60%|█████▉    | 100/167 [00:21<00:14,  4.73it/s]
# Epoch: 100, train_loss: 0.3793, train_acc:0.85564, val_loss: 0.3761, val_acc:0.85708, val_f1:0.88014:  60%|██████    | 101/167 [00:21<00:13,  4.73it/s]
# Epoch: 101, train_loss: 0.3762, train_acc:0.85588, val_loss: 0.3732, val_acc:0.85877, val_f1:0.88156:  60%|██████    | 101/167 [00:22<00:13,  4.73it/s]
# Epoch: 101, train_loss: 0.3762, train_acc:0.85588, val_loss: 0.3732, val_acc:0.85877, val_f1:0.88156:  61%|██████    | 102/167 [00:22<00:13,  4.71it/s]
# Epoch: 102, train_loss: 0.3760, train_acc:0.85588, val_loss: 0.3702, val_acc:0.86004, val_f1:0.88283:  61%|██████    | 102/167 [00:22<00:13,  4.71it/s]
# Epoch: 102, train_loss: 0.3760, train_acc:0.85588, val_loss: 0.3702, val_acc:0.86004, val_f1:0.88283:  62%|██████▏   | 103/167 [00:22<00:13,  4.71it/s]
# Epoch: 103, train_loss: 0.3715, train_acc:0.85733, val_loss: 0.3675, val_acc:0.8592, val_f1:0.88262:  62%|██████▏   | 103/167 [00:22<00:13,  4.71it/s] 
# Epoch: 103, train_loss: 0.3715, train_acc:0.85733, val_loss: 0.3675, val_acc:0.8592, val_f1:0.88262:  62%|██████▏   | 104/167 [00:22<00:13,  4.81it/s]
# Epoch: 104, train_loss: 0.3680, train_acc:0.85939, val_loss: 0.3652, val_acc:0.85962, val_f1:0.88302:  62%|██████▏   | 104/167 [00:22<00:13,  4.81it/s]
# Epoch: 104, train_loss: 0.3680, train_acc:0.85939, val_loss: 0.3652, val_acc:0.85962, val_f1:0.88302:  63%|██████▎   | 105/167 [00:22<00:12,  4.88it/s]
# Epoch: 105, train_loss: 0.3656, train_acc:0.85806, val_loss: 0.3631, val_acc:0.86131, val_f1:0.8841:  63%|██████▎   | 105/167 [00:22<00:12,  4.88it/s] 
# Epoch: 105, train_loss: 0.3656, train_acc:0.85806, val_loss: 0.3631, val_acc:0.86131, val_f1:0.8841:  63%|██████▎   | 106/167 [00:22<00:12,  4.84it/s]
# Epoch: 106, train_loss: 0.3619, train_acc:0.85963, val_loss: 0.3613, val_acc:0.86216, val_f1:0.88432:  63%|██████▎   | 106/167 [00:23<00:12,  4.84it/s]
# Epoch: 106, train_loss: 0.3619, train_acc:0.85963, val_loss: 0.3613, val_acc:0.86216, val_f1:0.88432:  64%|██████▍   | 107/167 [00:23<00:12,  4.79it/s]
# Epoch: 107, train_loss: 0.3607, train_acc:0.85975, val_loss: 0.3596, val_acc:0.86638, val_f1:0.8873:  64%|██████▍   | 107/167 [00:23<00:12,  4.79it/s] 
# Epoch: 107, train_loss: 0.3607, train_acc:0.85975, val_loss: 0.3596, val_acc:0.86638, val_f1:0.8873:  65%|██████▍   | 108/167 [00:23<00:12,  4.76it/s]
# Epoch: 108, train_loss: 0.3591, train_acc:0.8618, val_loss: 0.3577, val_acc:0.86808, val_f1:0.88833:  65%|██████▍   | 108/167 [00:23<00:12,  4.76it/s]
# Epoch: 108, train_loss: 0.3591, train_acc:0.8618, val_loss: 0.3577, val_acc:0.86808, val_f1:0.88833:  65%|██████▌   | 109/167 [00:23<00:12,  4.76it/s]
# Epoch: 109, train_loss: 0.3551, train_acc:0.86325, val_loss: 0.3541, val_acc:0.86596, val_f1:0.88715:  65%|██████▌   | 109/167 [00:23<00:12,  4.76it/s]
# Epoch: 109, train_loss: 0.3551, train_acc:0.86325, val_loss: 0.3541, val_acc:0.86596, val_f1:0.88715:  66%|██████▌   | 110/167 [00:23<00:11,  4.84it/s]
# Epoch: 110, train_loss: 0.3537, train_acc:0.86277, val_loss: 0.3515, val_acc:0.86427, val_f1:0.88629:  66%|██████▌   | 110/167 [00:23<00:11,  4.84it/s]
# Epoch: 110, train_loss: 0.3537, train_acc:0.86277, val_loss: 0.3515, val_acc:0.86427, val_f1:0.88629:  66%|██████▋   | 111/167 [00:23<00:11,  4.90it/s]
# Epoch: 111, train_loss: 0.3525, train_acc:0.8618, val_loss: 0.3495, val_acc:0.86385, val_f1:0.88614:  66%|██████▋   | 111/167 [00:24<00:11,  4.90it/s] 
# Epoch: 111, train_loss: 0.3525, train_acc:0.8618, val_loss: 0.3495, val_acc:0.86385, val_f1:0.88614:  67%|██████▋   | 112/167 [00:24<00:11,  4.94it/s]
# Epoch: 112, train_loss: 0.3472, train_acc:0.86229, val_loss: 0.3476, val_acc:0.86554, val_f1:0.88699:  67%|██████▋   | 112/167 [00:24<00:11,  4.94it/s]
# Epoch: 112, train_loss: 0.3472, train_acc:0.86229, val_loss: 0.3476, val_acc:0.86554, val_f1:0.88699:  68%|██████▊   | 113/167 [00:24<00:10,  4.96it/s]
# Epoch: 113, train_loss: 0.3465, train_acc:0.86543, val_loss: 0.3463, val_acc:0.86723, val_f1:0.88762:  68%|██████▊   | 113/167 [00:24<00:10,  4.96it/s]
# Epoch: 113, train_loss: 0.3465, train_acc:0.86543, val_loss: 0.3463, val_acc:0.86723, val_f1:0.88762:  68%|██████▊   | 114/167 [00:24<00:10,  4.98it/s]
# Epoch: 114, train_loss: 0.3453, train_acc:0.86736, val_loss: 0.3445, val_acc:0.86681, val_f1:0.8873:  68%|██████▊   | 114/167 [00:24<00:10,  4.98it/s] 
# Epoch: 114, train_loss: 0.3453, train_acc:0.86736, val_loss: 0.3445, val_acc:0.86681, val_f1:0.8873:  69%|██████▉   | 115/167 [00:24<00:10,  5.00it/s]
# Epoch: 115, train_loss: 0.3431, train_acc:0.86518, val_loss: 0.3425, val_acc:0.86638, val_f1:0.88714:  69%|██████▉   | 115/167 [00:24<00:10,  5.00it/s]
# Epoch: 115, train_loss: 0.3431, train_acc:0.86518, val_loss: 0.3425, val_acc:0.86638, val_f1:0.88714:  69%|██████▉   | 116/167 [00:24<00:10,  5.01it/s]
# Epoch: 116, train_loss: 0.3395, train_acc:0.86796, val_loss: 0.3408, val_acc:0.86554, val_f1:0.88691:  69%|██████▉   | 116/167 [00:25<00:10,  5.01it/s]
# Epoch: 116, train_loss: 0.3395, train_acc:0.86796, val_loss: 0.3408, val_acc:0.86554, val_f1:0.88691:  70%|███████   | 117/167 [00:25<00:09,  5.01it/s]
# Epoch: 117, train_loss: 0.3400, train_acc:0.86398, val_loss: 0.3394, val_acc:0.86554, val_f1:0.88723:  70%|███████   | 117/167 [00:25<00:09,  5.01it/s]
# Epoch: 117, train_loss: 0.3400, train_acc:0.86398, val_loss: 0.3394, val_acc:0.86554, val_f1:0.88723:  71%|███████   | 118/167 [00:25<00:09,  5.01it/s]
# Epoch: 118, train_loss: 0.3383, train_acc:0.86482, val_loss: 0.3379, val_acc:0.86596, val_f1:0.88747:  71%|███████   | 118/167 [00:25<00:09,  5.01it/s]
# Epoch: 118, train_loss: 0.3383, train_acc:0.86482, val_loss: 0.3379, val_acc:0.86596, val_f1:0.88747:  71%|███████▏  | 119/167 [00:25<00:09,  5.00it/s]
# Epoch: 119, train_loss: 0.3347, train_acc:0.86663, val_loss: 0.3364, val_acc:0.86596, val_f1:0.88691:  71%|███████▏  | 119/167 [00:25<00:09,  5.00it/s]
# Epoch: 119, train_loss: 0.3347, train_acc:0.86663, val_loss: 0.3364, val_acc:0.86596, val_f1:0.88691:  72%|███████▏  | 120/167 [00:25<00:09,  4.74it/s]
# Epoch: 120, train_loss: 0.3343, train_acc:0.86869, val_loss: 0.3353, val_acc:0.8685, val_f1:0.88833:  72%|███████▏  | 120/167 [00:25<00:09,  4.74it/s] 
# Epoch: 120, train_loss: 0.3343, train_acc:0.86869, val_loss: 0.3353, val_acc:0.8685, val_f1:0.88833:  72%|███████▏  | 121/167 [00:25<00:10,  4.57it/s]
# Epoch: 121, train_loss: 0.3329, train_acc:0.86712, val_loss: 0.3339, val_acc:0.86808, val_f1:0.88801:  72%|███████▏  | 121/167 [00:26<00:10,  4.57it/s]
# Epoch: 121, train_loss: 0.3329, train_acc:0.86712, val_loss: 0.3339, val_acc:0.86808, val_f1:0.88801:  73%|███████▎  | 122/167 [00:26<00:09,  4.63it/s]
# Epoch: 122, train_loss: 0.3306, train_acc:0.87038, val_loss: 0.3330, val_acc:0.86512, val_f1:0.88644:  73%|███████▎  | 122/167 [00:26<00:09,  4.63it/s]
# Epoch: 122, train_loss: 0.3306, train_acc:0.87038, val_loss: 0.3330, val_acc:0.86512, val_f1:0.88644:  74%|███████▎  | 123/167 [00:26<00:09,  4.62it/s]
# Epoch: 123, train_loss: 0.3310, train_acc:0.86772, val_loss: 0.3321, val_acc:0.86469, val_f1:0.88612:  74%|███████▎  | 123/167 [00:26<00:09,  4.62it/s]
# Epoch: 123, train_loss: 0.3310, train_acc:0.86772, val_loss: 0.3321, val_acc:0.86469, val_f1:0.88612:  74%|███████▍  | 124/167 [00:26<00:09,  4.62it/s]
# Epoch: 124, train_loss: 0.3273, train_acc:0.86833, val_loss: 0.3312, val_acc:0.86554, val_f1:0.88651:  74%|███████▍  | 124/167 [00:26<00:09,  4.62it/s]
# Epoch: 124, train_loss: 0.3273, train_acc:0.86833, val_loss: 0.3312, val_acc:0.86554, val_f1:0.88651:  75%|███████▍  | 125/167 [00:26<00:09,  4.64it/s]
# Epoch: 125, train_loss: 0.3272, train_acc:0.867, val_loss: 0.3304, val_acc:0.86808, val_f1:0.88785:  75%|███████▍  | 125/167 [00:27<00:09,  4.64it/s]  
# Epoch: 125, train_loss: 0.3272, train_acc:0.867, val_loss: 0.3304, val_acc:0.86808, val_f1:0.88785:  75%|███████▌  | 126/167 [00:27<00:08,  4.63it/s]
# Epoch: 126, train_loss: 0.3267, train_acc:0.87086, val_loss: 0.3298, val_acc:0.87061, val_f1:0.88969:  75%|███████▌  | 126/167 [00:27<00:08,  4.63it/s]
# Epoch: 126, train_loss: 0.3267, train_acc:0.87086, val_loss: 0.3298, val_acc:0.87061, val_f1:0.88969:  76%|███████▌  | 127/167 [00:27<00:09,  4.41it/s]
# Epoch: 127, train_loss: 0.3253, train_acc:0.87038, val_loss: 0.3290, val_acc:0.87019, val_f1:0.88937:  76%|███████▌  | 127/167 [00:27<00:09,  4.41it/s]
# Epoch: 127, train_loss: 0.3253, train_acc:0.87038, val_loss: 0.3290, val_acc:0.87019, val_f1:0.88937:  77%|███████▋  | 128/167 [00:27<00:09,  4.32it/s]
# Epoch: 128, train_loss: 0.3233, train_acc:0.87122, val_loss: 0.3286, val_acc:0.86512, val_f1:0.88603:  77%|███████▋  | 128/167 [00:27<00:09,  4.32it/s]
# Epoch: 128, train_loss: 0.3233, train_acc:0.87122, val_loss: 0.3286, val_acc:0.86512, val_f1:0.88603:  77%|███████▋  | 129/167 [00:27<00:08,  4.39it/s]
# Epoch: 129, train_loss: 0.3214, train_acc:0.87207, val_loss: 0.3284, val_acc:0.86342, val_f1:0.88501:  77%|███████▋  | 129/167 [00:27<00:08,  4.39it/s]
# Epoch: 129, train_loss: 0.3214, train_acc:0.87207, val_loss: 0.3284, val_acc:0.86342, val_f1:0.88501:  78%|███████▊  | 130/167 [00:27<00:08,  4.47it/s]
# Epoch: 130, train_loss: 0.3220, train_acc:0.87038, val_loss: 0.3276, val_acc:0.86596, val_f1:0.88675:  78%|███████▊  | 130/167 [00:28<00:08,  4.47it/s]
# Epoch: 130, train_loss: 0.3220, train_acc:0.87038, val_loss: 0.3276, val_acc:0.86596, val_f1:0.88675:  78%|███████▊  | 131/167 [00:28<00:07,  4.51it/s]
# Epoch: 131, train_loss: 0.3210, train_acc:0.87062, val_loss: 0.3268, val_acc:0.86808, val_f1:0.88777:  78%|███████▊  | 131/167 [00:28<00:07,  4.51it/s]
# Epoch: 131, train_loss: 0.3210, train_acc:0.87062, val_loss: 0.3268, val_acc:0.86808, val_f1:0.88777:  79%|███████▉  | 132/167 [00:28<00:07,  4.52it/s]
# Epoch: 132, train_loss: 0.3199, train_acc:0.87219, val_loss: 0.3261, val_acc:0.86934, val_f1:0.88825:  79%|███████▉  | 132/167 [00:28<00:07,  4.52it/s]
# Epoch: 132, train_loss: 0.3199, train_acc:0.87219, val_loss: 0.3261, val_acc:0.86934, val_f1:0.88825:  80%|███████▉  | 133/167 [00:28<00:07,  4.55it/s]
# Epoch: 133, train_loss: 0.3188, train_acc:0.87231, val_loss: 0.3254, val_acc:0.86892, val_f1:0.88849:  80%|███████▉  | 133/167 [00:28<00:07,  4.55it/s]
# Epoch: 133, train_loss: 0.3188, train_acc:0.87231, val_loss: 0.3254, val_acc:0.86892, val_f1:0.88849:  80%|████████  | 134/167 [00:28<00:07,  4.49it/s]
# Epoch: 134, train_loss: 0.3183, train_acc:0.87135, val_loss: 0.3251, val_acc:0.86512, val_f1:0.88619:  80%|████████  | 134/167 [00:29<00:07,  4.49it/s]
# Epoch: 134, train_loss: 0.3183, train_acc:0.87135, val_loss: 0.3251, val_acc:0.86512, val_f1:0.88619:  81%|████████  | 135/167 [00:29<00:07,  4.50it/s]
# Epoch: 135, train_loss: 0.3186, train_acc:0.8734, val_loss: 0.3239, val_acc:0.86554, val_f1:0.8861:  81%|████████  | 135/167 [00:29<00:07,  4.50it/s]  
# Epoch: 135, train_loss: 0.3186, train_acc:0.8734, val_loss: 0.3239, val_acc:0.86554, val_f1:0.8861:  81%|████████▏ | 136/167 [00:29<00:06,  4.53it/s]
# Epoch: 136, train_loss: 0.3172, train_acc:0.87376, val_loss: 0.3233, val_acc:0.86808, val_f1:0.88696:  81%|████████▏ | 136/167 [00:29<00:06,  4.53it/s]
# Epoch: 136, train_loss: 0.3172, train_acc:0.87376, val_loss: 0.3233, val_acc:0.86808, val_f1:0.88696:  82%|████████▏ | 137/167 [00:29<00:06,  4.41it/s]
# Epoch: 137, train_loss: 0.3159, train_acc:0.87533, val_loss: 0.3230, val_acc:0.8685, val_f1:0.8872:  82%|████████▏ | 137/167 [00:29<00:06,  4.41it/s]  
# Epoch: 137, train_loss: 0.3159, train_acc:0.87533, val_loss: 0.3230, val_acc:0.8685, val_f1:0.8872:  83%|████████▎ | 138/167 [00:29<00:06,  4.26it/s]
# Epoch: 138, train_loss: 0.3151, train_acc:0.87473, val_loss: 0.3223, val_acc:0.86723, val_f1:0.88705:  83%|████████▎ | 138/167 [00:30<00:06,  4.26it/s]
# Epoch: 138, train_loss: 0.3151, train_acc:0.87473, val_loss: 0.3223, val_acc:0.86723, val_f1:0.88705:  83%|████████▎ | 139/167 [00:30<00:06,  4.41it/s]
# Epoch: 139, train_loss: 0.3143, train_acc:0.87038, val_loss: 0.3222, val_acc:0.86638, val_f1:0.88666:  83%|████████▎ | 139/167 [00:30<00:06,  4.41it/s]
# Epoch: 139, train_loss: 0.3143, train_acc:0.87038, val_loss: 0.3222, val_acc:0.86638, val_f1:0.88666:  84%|████████▍ | 140/167 [00:30<00:05,  4.51it/s]
# Epoch: 140, train_loss: 0.3148, train_acc:0.87328, val_loss: 0.3219, val_acc:0.86765, val_f1:0.88769:  84%|████████▍ | 140/167 [00:30<00:05,  4.51it/s]
# Epoch: 140, train_loss: 0.3148, train_acc:0.87328, val_loss: 0.3219, val_acc:0.86765, val_f1:0.88769:  84%|████████▍ | 141/167 [00:30<00:05,  4.56it/s]
# Epoch: 141, train_loss: 0.3137, train_acc:0.87219, val_loss: 0.3211, val_acc:0.86681, val_f1:0.88632:  84%|████████▍ | 141/167 [00:30<00:05,  4.56it/s]
# Epoch: 141, train_loss: 0.3137, train_acc:0.87219, val_loss: 0.3211, val_acc:0.86681, val_f1:0.88632:  85%|████████▌ | 142/167 [00:30<00:05,  4.60it/s]
# Epoch: 142, train_loss: 0.3137, train_acc:0.87316, val_loss: 0.3209, val_acc:0.86892, val_f1:0.88752:  85%|████████▌ | 142/167 [00:30<00:05,  4.60it/s]
# Epoch: 142, train_loss: 0.3137, train_acc:0.87316, val_loss: 0.3209, val_acc:0.86892, val_f1:0.88752:  86%|████████▌ | 143/167 [00:30<00:05,  4.65it/s]
# Epoch: 143, train_loss: 0.3130, train_acc:0.87437, val_loss: 0.3204, val_acc:0.8685, val_f1:0.8872:  86%|████████▌ | 143/167 [00:31<00:05,  4.65it/s]  
# Epoch: 143, train_loss: 0.3130, train_acc:0.87437, val_loss: 0.3204, val_acc:0.8685, val_f1:0.8872:  86%|████████▌ | 144/167 [00:31<00:05,  4.45it/s]
# Epoch: 144, train_loss: 0.3119, train_acc:0.87267, val_loss: 0.3200, val_acc:0.86681, val_f1:0.88689:  86%|████████▌ | 144/167 [00:31<00:05,  4.45it/s]
# Epoch: 144, train_loss: 0.3119, train_acc:0.87267, val_loss: 0.3200, val_acc:0.86681, val_f1:0.88689:  87%|████████▋ | 145/167 [00:31<00:04,  4.49it/s]
# Epoch: 145, train_loss: 0.3107, train_acc:0.87328, val_loss: 0.3199, val_acc:0.86512, val_f1:0.88579:  87%|████████▋ | 145/167 [00:31<00:04,  4.49it/s]
# Epoch: 145, train_loss: 0.3107, train_acc:0.87328, val_loss: 0.3199, val_acc:0.86512, val_f1:0.88579:  87%|████████▋ | 146/167 [00:31<00:04,  4.57it/s]
# Epoch: 146, train_loss: 0.3101, train_acc:0.87473, val_loss: 0.3196, val_acc:0.86638, val_f1:0.88641:  87%|████████▋ | 146/167 [00:31<00:04,  4.57it/s]
# Epoch: 146, train_loss: 0.3101, train_acc:0.87473, val_loss: 0.3196, val_acc:0.86638, val_f1:0.88641:  88%|████████▊ | 147/167 [00:31<00:04,  4.33it/s]
# Epoch: 147, train_loss: 0.3106, train_acc:0.87388, val_loss: 0.3195, val_acc:0.86723, val_f1:0.88681:  88%|████████▊ | 147/167 [00:32<00:04,  4.33it/s]
# Epoch: 147, train_loss: 0.3106, train_acc:0.87388, val_loss: 0.3195, val_acc:0.86723, val_f1:0.88681:  89%|████████▊ | 148/167 [00:32<00:04,  4.34it/s]
# Epoch: 148, train_loss: 0.3104, train_acc:0.87582, val_loss: 0.3193, val_acc:0.86638, val_f1:0.886:  89%|████████▊ | 148/167 [00:32<00:04,  4.34it/s]  
# Epoch: 148, train_loss: 0.3104, train_acc:0.87582, val_loss: 0.3193, val_acc:0.86638, val_f1:0.886:  89%|████████▉ | 149/167 [00:32<00:04,  4.36it/s]
# Epoch: 149, train_loss: 0.3104, train_acc:0.87437, val_loss: 0.3191, val_acc:0.86596, val_f1:0.88568:  89%|████████▉ | 149/167 [00:32<00:04,  4.36it/s]
# Epoch: 149, train_loss: 0.3104, train_acc:0.87437, val_loss: 0.3191, val_acc:0.86596, val_f1:0.88568:  90%|████████▉ | 150/167 [00:32<00:03,  4.44it/s]
# Epoch: 150, train_loss: 0.3097, train_acc:0.8734, val_loss: 0.3191, val_acc:0.86681, val_f1:0.88698:  90%|████████▉ | 150/167 [00:32<00:03,  4.44it/s] 
# Epoch: 150, train_loss: 0.3097, train_acc:0.8734, val_loss: 0.3191, val_acc:0.86681, val_f1:0.88698:  90%|█████████ | 151/167 [00:32<00:03,  4.53it/s]
# Epoch: 151, train_loss: 0.3088, train_acc:0.87497, val_loss: 0.3195, val_acc:0.86385, val_f1:0.88508:  90%|█████████ | 151/167 [00:32<00:03,  4.53it/s]
# Epoch: 151, train_loss: 0.3088, train_acc:0.87497, val_loss: 0.3195, val_acc:0.86385, val_f1:0.88508:  91%|█████████ | 152/167 [00:32<00:03,  4.56it/s]
# Epoch: 152, train_loss: 0.3079, train_acc:0.87473, val_loss: 0.3191, val_acc:0.86512, val_f1:0.8857:  91%|█████████ | 152/167 [00:33<00:03,  4.56it/s] 
# Epoch: 152, train_loss: 0.3079, train_acc:0.87473, val_loss: 0.3191, val_acc:0.86512, val_f1:0.8857:  92%|█████████▏| 153/167 [00:33<00:03,  4.56it/s]
# Epoch: 153, train_loss: 0.3089, train_acc:0.87364, val_loss: 0.3188, val_acc:0.86385, val_f1:0.88451:  92%|█████████▏| 153/167 [00:33<00:03,  4.56it/s]
# Epoch: 153, train_loss: 0.3089, train_acc:0.87364, val_loss: 0.3188, val_acc:0.86385, val_f1:0.88451:  92%|█████████▏| 154/167 [00:33<00:02,  4.53it/s]
# Epoch: 154, train_loss: 0.3075, train_acc:0.87533, val_loss: 0.3187, val_acc:0.86342, val_f1:0.8841:  92%|█████████▏| 154/167 [00:33<00:02,  4.53it/s] 
# Epoch: 154, train_loss: 0.3075, train_acc:0.87533, val_loss: 0.3187, val_acc:0.86342, val_f1:0.8841:  93%|█████████▎| 155/167 [00:33<00:02,  4.39it/s]
# Epoch: 155, train_loss: 0.3072, train_acc:0.87461, val_loss: 0.3185, val_acc:0.86554, val_f1:0.88586:  93%|█████████▎| 155/167 [00:33<00:02,  4.39it/s]
# Epoch: 155, train_loss: 0.3072, train_acc:0.87461, val_loss: 0.3185, val_acc:0.86554, val_f1:0.88586:  93%|█████████▎| 156/167 [00:33<00:02,  3.84it/s]
# Epoch: 156, train_loss: 0.3070, train_acc:0.87485, val_loss: 0.3183, val_acc:0.86512, val_f1:0.8857:  93%|█████████▎| 156/167 [00:34<00:02,  3.84it/s] 
# Epoch: 156, train_loss: 0.3070, train_acc:0.87485, val_loss: 0.3183, val_acc:0.86512, val_f1:0.8857:  94%|█████████▍| 157/167 [00:34<00:02,  3.88it/s]
# Epoch: 157, train_loss: 0.3066, train_acc:0.87352, val_loss: 0.3183, val_acc:0.86427, val_f1:0.88515:  94%|█████████▍| 157/167 [00:34<00:02,  3.88it/s]
# Epoch: 157, train_loss: 0.3066, train_acc:0.87352, val_loss: 0.3183, val_acc:0.86427, val_f1:0.88515:  95%|█████████▍| 158/167 [00:34<00:02,  3.87it/s]
# Epoch: 158, train_loss: 0.3058, train_acc:0.87485, val_loss: 0.3176, val_acc:0.86512, val_f1:0.88546:  95%|█████████▍| 158/167 [00:34<00:02,  3.87it/s]
# Epoch: 158, train_loss: 0.3058, train_acc:0.87485, val_loss: 0.3176, val_acc:0.86512, val_f1:0.88546:  95%|█████████▌| 159/167 [00:34<00:01,  4.08it/s]
# Epoch: 159, train_loss: 0.3047, train_acc:0.87557, val_loss: 0.3174, val_acc:0.87061, val_f1:0.88865:  95%|█████████▌| 159/167 [00:34<00:01,  4.08it/s]
# Epoch: 159, train_loss: 0.3047, train_acc:0.87557, val_loss: 0.3174, val_acc:0.87061, val_f1:0.88865:  96%|█████████▌| 160/167 [00:34<00:01,  4.10it/s]
# Epoch: 160, train_loss: 0.3047, train_acc:0.87714, val_loss: 0.3172, val_acc:0.86977, val_f1:0.888:  96%|█████████▌| 160/167 [00:35<00:01,  4.10it/s]  
# Epoch: 160, train_loss: 0.3047, train_acc:0.87714, val_loss: 0.3172, val_acc:0.86977, val_f1:0.888:  96%|█████████▋| 161/167 [00:35<00:01,  4.20it/s]
# Epoch: 161, train_loss: 0.3059, train_acc:0.87545, val_loss: 0.3168, val_acc:0.86596, val_f1:0.88593:  96%|█████████▋| 161/167 [00:35<00:01,  4.20it/s]
# Epoch: 161, train_loss: 0.3059, train_acc:0.87545, val_loss: 0.3168, val_acc:0.86596, val_f1:0.88593:  97%|█████████▋| 162/167 [00:35<00:01,  4.10it/s]
# Epoch: 162, train_loss: 0.3052, train_acc:0.87557, val_loss: 0.3168, val_acc:0.86427, val_f1:0.88507:  97%|█████████▋| 162/167 [00:35<00:01,  4.10it/s]
# Epoch: 162, train_loss: 0.3052, train_acc:0.87557, val_loss: 0.3168, val_acc:0.86427, val_f1:0.88507:  98%|█████████▊| 163/167 [00:35<00:00,  4.15it/s]
# Epoch: 163, train_loss: 0.3046, train_acc:0.87594, val_loss: 0.3164, val_acc:0.86427, val_f1:0.88499:  98%|█████████▊| 163/167 [00:35<00:00,  4.15it/s]
# Epoch: 163, train_loss: 0.3046, train_acc:0.87594, val_loss: 0.3164, val_acc:0.86427, val_f1:0.88499:  98%|█████████▊| 164/167 [00:35<00:00,  4.10it/s]
# Epoch: 164, train_loss: 0.3043, train_acc:0.8763, val_loss: 0.3159, val_acc:0.86723, val_f1:0.88689:  98%|█████████▊| 164/167 [00:36<00:00,  4.10it/s] 
# Epoch: 164, train_loss: 0.3043, train_acc:0.8763, val_loss: 0.3159, val_acc:0.86723, val_f1:0.88689:  99%|█████████▉| 165/167 [00:36<00:00,  4.32it/s]
# Epoch: 165, train_loss: 0.3048, train_acc:0.87666, val_loss: 0.3158, val_acc:0.86892, val_f1:0.88744:  99%|█████████▉| 165/167 [00:36<00:00,  4.32it/s]
# Epoch: 165, train_loss: 0.3048, train_acc:0.87666, val_loss: 0.3158, val_acc:0.86892, val_f1:0.88744:  99%|█████████▉| 166/167 [00:36<00:00,  4.39it/s]
# Epoch: 166, train_loss: 0.3046, train_acc:0.87509, val_loss: 0.3157, val_acc:0.86892, val_f1:0.88735:  99%|█████████▉| 166/167 [00:36<00:00,  4.39it/s]
# Epoch: 166, train_loss: 0.3046, train_acc:0.87509, val_loss: 0.3157, val_acc:0.86892, val_f1:0.88735: 100%|██████████| 167/167 [00:36<00:00,  4.39it/s]
# Epoch: 166, train_loss: 0.3046, train_acc:0.87509, val_loss: 0.3157, val_acc:0.86892, val_f1:0.88735: 100%|██████████| 167/167 [00:36<00:00,  4.58it/s]
--- Final-epoch-TestAcc: 0.8808, best-val-epoch-TestAcc: 0.8783, best-val-epoch: 159.
####### Run 2 #######
  0%|          | 0/200 [00:00<?, ?it/s]

# Epoch 0: train_loss: 0.2281340659:   0%|          | 0/200 [00:00<?, ?it/s]
# Epoch 0: train_loss: 0.2281340659:   0%|          | 1/200 [00:00<01:26,  2.29it/s]

# Epoch 1: train_loss: 0.1952771246:   0%|          | 1/200 [00:00<01:26,  2.29it/s]
# Epoch 1: train_loss: 0.1952771246:   1%|          | 2/200 [00:00<01:04,  3.09it/s]

# Epoch 2: train_loss: 0.1971208751:   1%|          | 2/200 [00:00<01:04,  3.09it/s]
# Epoch 2: train_loss: 0.1971208751:   2%|▏         | 3/200 [00:00<00:53,  3.68it/s]

# Epoch 3: train_loss: 0.1839867979:   2%|▏         | 3/200 [00:01<00:53,  3.68it/s]
# Epoch 3: train_loss: 0.1839867979:   2%|▏         | 4/200 [00:01<00:46,  4.23it/s]

# Epoch 4: train_loss: 0.1819216758:   2%|▏         | 4/200 [00:01<00:46,  4.23it/s]
# Epoch 4: train_loss: 0.1819216758:   2%|▎         | 5/200 [00:01<00:42,  4.57it/s]

# Epoch 5: train_loss: 0.1784554422:   2%|▎         | 5/200 [00:01<00:42,  4.57it/s]
# Epoch 5: train_loss: 0.1784554422:   3%|▎         | 6/200 [00:01<00:39,  4.91it/s]

# Epoch 6: train_loss: 0.1760339290:   3%|▎         | 6/200 [00:01<00:39,  4.91it/s]
# Epoch 6: train_loss: 0.1760339290:   4%|▎         | 7/200 [00:01<00:37,  5.16it/s]

# Epoch 7: train_loss: 0.1784622967:   4%|▎         | 7/200 [00:01<00:37,  5.16it/s]
# Epoch 7: train_loss: 0.1784622967:   4%|▍         | 8/200 [00:01<00:36,  5.32it/s]

# Epoch 8: train_loss: 0.1707455069:   4%|▍         | 8/200 [00:01<00:36,  5.32it/s]
# Epoch 8: train_loss: 0.1707455069:   4%|▍         | 9/200 [00:01<00:35,  5.44it/s]

# Epoch 9: train_loss: 0.1652098447:   4%|▍         | 9/200 [00:02<00:35,  5.44it/s]
# Epoch 9: train_loss: 0.1652098447:   5%|▌         | 10/200 [00:02<00:34,  5.54it/s]

# Epoch 10: train_loss: 0.1607162058:   5%|▌         | 10/200 [00:02<00:34,  5.54it/s]
# Epoch 10: train_loss: 0.1607162058:   6%|▌         | 11/200 [00:02<00:33,  5.60it/s]

# Epoch 11: train_loss: 0.1547618806:   6%|▌         | 11/200 [00:02<00:33,  5.60it/s]
# Epoch 11: train_loss: 0.1547618806:   6%|▌         | 12/200 [00:02<00:33,  5.66it/s]

# Epoch 12: train_loss: 0.1431969851:   6%|▌         | 12/200 [00:02<00:33,  5.66it/s]
# Epoch 12: train_loss: 0.1431969851:   6%|▋         | 13/200 [00:02<00:32,  5.69it/s]

# Epoch 13: train_loss: 0.1327526420:   6%|▋         | 13/200 [00:02<00:32,  5.69it/s]
# Epoch 13: train_loss: 0.1327526420:   7%|▋         | 14/200 [00:02<00:32,  5.71it/s]

# Epoch 14: train_loss: 0.1183435991:   7%|▋         | 14/200 [00:03<00:32,  5.71it/s]
# Epoch 14: train_loss: 0.1183435991:   8%|▊         | 15/200 [00:03<00:32,  5.64it/s]

# Epoch 15: train_loss: 0.1101811230:   8%|▊         | 15/200 [00:03<00:32,  5.64it/s]
# Epoch 15: train_loss: 0.1101811230:   8%|▊         | 16/200 [00:03<00:36,  5.10it/s]

# Epoch 16: train_loss: 0.1048480421:   8%|▊         | 16/200 [00:03<00:36,  5.10it/s]
# Epoch 16: train_loss: 0.1048480421:   8%|▊         | 17/200 [00:03<00:36,  5.02it/s]

# Epoch 17: train_loss: 0.0967625529:   8%|▊         | 17/200 [00:03<00:36,  5.02it/s]
# Epoch 17: train_loss: 0.0967625529:   9%|▉         | 18/200 [00:03<00:38,  4.70it/s]

# Epoch 18: train_loss: 0.0847478285:   9%|▉         | 18/200 [00:03<00:38,  4.70it/s]
# Epoch 18: train_loss: 0.0847478285:  10%|▉         | 19/200 [00:03<00:36,  4.91it/s]

# Epoch 19: train_loss: 0.0804461166:  10%|▉         | 19/200 [00:04<00:36,  4.91it/s]
# Epoch 19: train_loss: 0.0804461166:  10%|█         | 20/200 [00:04<00:34,  5.15it/s]

# Epoch 20: train_loss: 0.0738635436:  10%|█         | 20/200 [00:04<00:34,  5.15it/s]
# Epoch 20: train_loss: 0.0738635436:  10%|█         | 21/200 [00:04<00:33,  5.30it/s]

# Epoch 21: train_loss: 0.0709111765:  10%|█         | 21/200 [00:04<00:33,  5.30it/s]
# Epoch 21: train_loss: 0.0709111765:  11%|█         | 22/200 [00:04<00:32,  5.41it/s]

# Epoch 22: train_loss: 0.0674697980:  11%|█         | 22/200 [00:04<00:32,  5.41it/s]
# Epoch 22: train_loss: 0.0674697980:  12%|█▏        | 23/200 [00:04<00:32,  5.50it/s]

# Epoch 23: train_loss: 0.0602007620:  12%|█▏        | 23/200 [00:04<00:32,  5.50it/s]
# Epoch 23: train_loss: 0.0602007620:  12%|█▏        | 24/200 [00:04<00:31,  5.57it/s]

# Epoch 24: train_loss: 0.0542689040:  12%|█▏        | 24/200 [00:04<00:31,  5.57it/s]
# Epoch 24: train_loss: 0.0542689040:  12%|█▎        | 25/200 [00:04<00:31,  5.62it/s]

# Epoch 25: train_loss: 0.0526536182:  12%|█▎        | 25/200 [00:05<00:31,  5.62it/s]
# Epoch 25: train_loss: 0.0526536182:  13%|█▎        | 26/200 [00:05<00:31,  5.58it/s]

# Epoch 26: train_loss: 0.0513100624:  13%|█▎        | 26/200 [00:05<00:31,  5.58it/s]
# Epoch 26: train_loss: 0.0513100624:  14%|█▎        | 27/200 [00:05<00:31,  5.58it/s]

# Epoch 27: train_loss: 0.0459387600:  14%|█▎        | 27/200 [00:05<00:31,  5.58it/s]
# Epoch 27: train_loss: 0.0459387600:  14%|█▍        | 28/200 [00:05<00:30,  5.60it/s]

# Epoch 28: train_loss: 0.0452539027:  14%|█▍        | 28/200 [00:05<00:30,  5.60it/s]
# Epoch 28: train_loss: 0.0452539027:  14%|█▍        | 29/200 [00:05<00:30,  5.63it/s]

# Epoch 29: train_loss: 0.0413017832:  14%|█▍        | 29/200 [00:05<00:30,  5.63it/s]
# Epoch 29: train_loss: 0.0413017832:  15%|█▌        | 30/200 [00:05<00:30,  5.56it/s]

# Epoch 30: train_loss: 0.0383149236:  15%|█▌        | 30/200 [00:06<00:30,  5.56it/s]
# Epoch 30: train_loss: 0.0383149236:  16%|█▌        | 31/200 [00:06<00:33,  5.01it/s]

# Epoch 31: train_loss: 0.0378811173:  16%|█▌        | 31/200 [00:06<00:33,  5.01it/s]
# Epoch 31: train_loss: 0.0378811173:  16%|█▌        | 32/200 [00:06<00:32,  5.22it/s]

# Epoch 32: train_loss: 0.0366722867:  16%|█▌        | 32/200 [00:06<00:32,  5.22it/s]
# Epoch 32: train_loss: 0.0366722867:  16%|█▋        | 33/200 [00:06<00:31,  5.37it/s]

# Epoch 33: train_loss: 0.0354663357:  16%|█▋        | 33/200 [00:06<00:31,  5.37it/s]
# Epoch 33: train_loss: 0.0354663357:  17%|█▋        | 34/200 [00:06<00:30,  5.44it/s]

# Epoch 34: train_loss: 0.0329854861:  17%|█▋        | 34/200 [00:06<00:30,  5.44it/s]
# Epoch 34: train_loss: 0.0329854861:  18%|█▊        | 35/200 [00:06<00:29,  5.53it/s]

# Epoch 35: train_loss: 0.0317223333:  18%|█▊        | 35/200 [00:06<00:29,  5.53it/s]
# Epoch 35: train_loss: 0.0317223333:  18%|█▊        | 36/200 [00:06<00:30,  5.36it/s]

# Epoch 36: train_loss: 0.0315396115:  18%|█▊        | 36/200 [00:07<00:30,  5.36it/s]
# Epoch 36: train_loss: 0.0315396115:  18%|█▊        | 37/200 [00:07<00:29,  5.43it/s]

# Epoch 37: train_loss: 0.0295045041:  18%|█▊        | 37/200 [00:07<00:29,  5.43it/s]
# Epoch 37: train_loss: 0.0295045041:  19%|█▉        | 38/200 [00:07<00:31,  5.16it/s]

# Epoch 38: train_loss: 0.0296025183:  19%|█▉        | 38/200 [00:07<00:31,  5.16it/s]
# Epoch 38: train_loss: 0.0296025183:  20%|█▉        | 39/200 [00:07<00:30,  5.32it/s]

# Epoch 39: train_loss: 0.0291279349:  20%|█▉        | 39/200 [00:07<00:30,  5.32it/s]
# Epoch 39: train_loss: 0.0291279349:  20%|██        | 40/200 [00:07<00:29,  5.44it/s]

# Epoch 40: train_loss: 0.0276145712:  20%|██        | 40/200 [00:07<00:29,  5.44it/s]
# Epoch 40: train_loss: 0.0276145712:  20%|██        | 41/200 [00:07<00:28,  5.51it/s]

# Epoch 41: train_loss: 0.0277653616:  20%|██        | 41/200 [00:08<00:28,  5.51it/s]
# Epoch 41: train_loss: 0.0277653616:  21%|██        | 42/200 [00:08<00:28,  5.57it/s]

# Epoch 42: train_loss: 0.0254247449:  21%|██        | 42/200 [00:08<00:28,  5.57it/s]
# Epoch 42: train_loss: 0.0254247449:  22%|██▏       | 43/200 [00:08<00:28,  5.50it/s]

# Epoch 43: train_loss: 0.0259726476:  22%|██▏       | 43/200 [00:08<00:28,  5.50it/s]
# Epoch 43: train_loss: 0.0259726476:  22%|██▏       | 44/200 [00:08<00:28,  5.41it/s]

# Epoch 44: train_loss: 0.0257704519:  22%|██▏       | 44/200 [00:08<00:28,  5.41it/s]
# Epoch 44: train_loss: 0.0257704519:  22%|██▎       | 45/200 [00:08<00:28,  5.46it/s]

# Epoch 45: train_loss: 0.0262576416:  22%|██▎       | 45/200 [00:08<00:28,  5.46it/s]
# Epoch 45: train_loss: 0.0262576416:  23%|██▎       | 46/200 [00:08<00:29,  5.26it/s]

# Epoch 46: train_loss: 0.0245058965:  23%|██▎       | 46/200 [00:09<00:29,  5.26it/s]
# Epoch 46: train_loss: 0.0245058965:  24%|██▎       | 47/200 [00:09<00:28,  5.40it/s]

# Epoch 47: train_loss: 0.0253460705:  24%|██▎       | 47/200 [00:09<00:28,  5.40it/s]
# Epoch 47: train_loss: 0.0253460705:  24%|██▍       | 48/200 [00:09<00:27,  5.51it/s]

# Epoch 48: train_loss: 0.0242484137:  24%|██▍       | 48/200 [00:09<00:27,  5.51it/s]
# Epoch 48: train_loss: 0.0242484137:  24%|██▍       | 49/200 [00:09<00:27,  5.59it/s]

# Epoch 49: train_loss: 0.0227394197:  24%|██▍       | 49/200 [00:09<00:27,  5.59it/s]
# Epoch 49: train_loss: 0.0227394197:  25%|██▌       | 50/200 [00:09<00:26,  5.63it/s]

# Epoch 50: train_loss: 0.0235608798:  25%|██▌       | 50/200 [00:09<00:26,  5.63it/s]
# Epoch 50: train_loss: 0.0235608798:  26%|██▌       | 51/200 [00:09<00:26,  5.64it/s]

# Epoch 51: train_loss: 0.0243261512:  26%|██▌       | 51/200 [00:09<00:26,  5.64it/s]
# Epoch 51: train_loss: 0.0243261512:  26%|██▌       | 52/200 [00:09<00:26,  5.67it/s]

# Epoch 52: train_loss: 0.0233213585:  26%|██▌       | 52/200 [00:10<00:26,  5.67it/s]
# Epoch 52: train_loss: 0.0233213585:  26%|██▋       | 53/200 [00:10<00:25,  5.68it/s]

# Epoch 53: train_loss: 0.0216140375:  26%|██▋       | 53/200 [00:10<00:25,  5.68it/s]
# Epoch 53: train_loss: 0.0216140375:  27%|██▋       | 54/200 [00:10<00:25,  5.71it/s]

# Epoch 54: train_loss: 0.0232203901:  27%|██▋       | 54/200 [00:10<00:25,  5.71it/s]
# Epoch 54: train_loss: 0.0232203901:  28%|██▊       | 55/200 [00:10<00:25,  5.73it/s]

# Epoch 55: train_loss: 0.0221707840:  28%|██▊       | 55/200 [00:10<00:25,  5.73it/s]
# Epoch 55: train_loss: 0.0221707840:  28%|██▊       | 56/200 [00:10<00:25,  5.74it/s]

# Epoch 56: train_loss: 0.0246552303:  28%|██▊       | 56/200 [00:10<00:25,  5.74it/s]
# Epoch 56: train_loss: 0.0246552303:  28%|██▊       | 57/200 [00:10<00:24,  5.72it/s]

# Epoch 57: train_loss: 0.0231927875:  28%|██▊       | 57/200 [00:10<00:24,  5.72it/s]
# Epoch 57: train_loss: 0.0231927875:  29%|██▉       | 58/200 [00:10<00:24,  5.74it/s]

# Epoch 58: train_loss: 0.0243735574:  29%|██▉       | 58/200 [00:11<00:24,  5.74it/s]
# Epoch 58: train_loss: 0.0243735574:  30%|██▉       | 59/200 [00:11<00:24,  5.74it/s]

# Epoch 59: train_loss: 0.0223964062:  30%|██▉       | 59/200 [00:11<00:24,  5.74it/s]
# Epoch 59: train_loss: 0.0223964062:  30%|███       | 60/200 [00:11<00:24,  5.74it/s]

# Epoch 60: train_loss: 0.0231733322:  30%|███       | 60/200 [00:11<00:24,  5.74it/s]
# Epoch 60: train_loss: 0.0231733322:  30%|███       | 61/200 [00:11<00:24,  5.75it/s]

# Epoch 61: train_loss: 0.0217717197:  30%|███       | 61/200 [00:11<00:24,  5.75it/s]
# Epoch 61: train_loss: 0.0217717197:  31%|███       | 62/200 [00:11<00:24,  5.75it/s]

# Epoch 62: train_loss: 0.0227454454:  31%|███       | 62/200 [00:11<00:24,  5.75it/s]
# Epoch 62: train_loss: 0.0227454454:  32%|███▏      | 63/200 [00:11<00:23,  5.77it/s]

# Epoch 63: train_loss: 0.0241647474:  32%|███▏      | 63/200 [00:11<00:23,  5.77it/s]
# Epoch 63: train_loss: 0.0241647474:  32%|███▏      | 64/200 [00:11<00:23,  5.77it/s]

# Epoch 64: train_loss: 0.0224387161:  32%|███▏      | 64/200 [00:12<00:23,  5.77it/s]
# Epoch 64: train_loss: 0.0224387161:  32%|███▎      | 65/200 [00:12<00:26,  5.17it/s]

# Epoch 65: train_loss: 0.0241959132:  32%|███▎      | 65/200 [00:12<00:26,  5.17it/s]
# Epoch 65: train_loss: 0.0241959132:  33%|███▎      | 66/200 [00:12<00:25,  5.26it/s]

# Epoch 66: train_loss: 0.0220331177:  33%|███▎      | 66/200 [00:12<00:25,  5.26it/s]
# Epoch 66: train_loss: 0.0220331177:  34%|███▎      | 67/200 [00:12<00:24,  5.41it/s]

# Epoch 67: train_loss: 0.0233742446:  34%|███▎      | 67/200 [00:12<00:24,  5.41it/s]
# Epoch 67: train_loss: 0.0233742446:  34%|███▍      | 68/200 [00:12<00:24,  5.34it/s]

# Epoch 68: train_loss: 0.0241585299:  34%|███▍      | 68/200 [00:12<00:24,  5.34it/s]
# Epoch 68: train_loss: 0.0241585299:  34%|███▍      | 69/200 [00:12<00:24,  5.45it/s]

# Epoch 69: train_loss: 0.0233561359:  34%|███▍      | 69/200 [00:13<00:24,  5.45it/s]
# Epoch 69: train_loss: 0.0233561359:  35%|███▌      | 70/200 [00:13<00:23,  5.53it/s]

# Epoch 70: train_loss: 0.0227762274:  35%|███▌      | 70/200 [00:13<00:23,  5.53it/s]
# Epoch 70: train_loss: 0.0227762274:  36%|███▌      | 71/200 [00:13<00:23,  5.59it/s]

# Epoch 71: train_loss: 0.0234858431:  36%|███▌      | 71/200 [00:13<00:23,  5.59it/s]
# Epoch 71: train_loss: 0.0234858431:  36%|███▌      | 72/200 [00:13<00:22,  5.60it/s]

# Epoch 72: train_loss: 0.0232737809:  36%|███▌      | 72/200 [00:13<00:22,  5.60it/s]
# Epoch 72: train_loss: 0.0232737809:  36%|███▋      | 73/200 [00:13<00:22,  5.65it/s]

# Epoch 73: train_loss: 0.0225775130:  36%|███▋      | 73/200 [00:13<00:22,  5.65it/s]
# Epoch 73: train_loss: 0.0225775130:  37%|███▋      | 74/200 [00:13<00:22,  5.67it/s]

# Epoch 74: train_loss: 0.0235719271:  37%|███▋      | 74/200 [00:13<00:22,  5.67it/s]
# Epoch 74: train_loss: 0.0235719271:  38%|███▊      | 75/200 [00:13<00:22,  5.57it/s]

# Epoch 75: train_loss: 0.0237183925:  38%|███▊      | 75/200 [00:14<00:22,  5.57it/s]
# Epoch 75: train_loss: 0.0237183925:  38%|███▊      | 76/200 [00:14<00:22,  5.63it/s]

# Epoch 76: train_loss: 0.0224055368:  38%|███▊      | 76/200 [00:14<00:22,  5.63it/s]
# Epoch 76: train_loss: 0.0224055368:  38%|███▊      | 77/200 [00:14<00:21,  5.66it/s]

# Epoch 77: train_loss: 0.0230321418:  38%|███▊      | 77/200 [00:14<00:21,  5.66it/s]
# Epoch 77: train_loss: 0.0230321418:  39%|███▉      | 78/200 [00:14<00:21,  5.67it/s]

# Epoch 78: train_loss: 0.0232168343:  39%|███▉      | 78/200 [00:14<00:21,  5.67it/s]
# Epoch 78: train_loss: 0.0232168343:  40%|███▉      | 79/200 [00:14<00:21,  5.56it/s]

# Epoch 79: train_loss: 0.0235753097:  40%|███▉      | 79/200 [00:14<00:21,  5.56it/s]
# Epoch 79: train_loss: 0.0235753097:  40%|████      | 80/200 [00:14<00:21,  5.63it/s]

# Epoch 80: train_loss: 0.0224320814:  40%|████      | 80/200 [00:15<00:21,  5.63it/s]
# Epoch 80: train_loss: 0.0224320814:  40%|████      | 81/200 [00:15<00:20,  5.67it/s]

# Epoch 81: train_loss: 0.0235683601:  40%|████      | 81/200 [00:15<00:20,  5.67it/s]
# Epoch 81: train_loss: 0.0235683601:  41%|████      | 82/200 [00:15<00:20,  5.65it/s]

# Epoch 82: train_loss: 0.0231143180:  41%|████      | 82/200 [00:15<00:20,  5.65it/s]
# Epoch 82: train_loss: 0.0231143180:  42%|████▏     | 83/200 [00:15<00:20,  5.65it/s]

# Epoch 83: train_loss: 0.0223083608:  42%|████▏     | 83/200 [00:15<00:20,  5.65it/s]
# Epoch 83: train_loss: 0.0223083608:  42%|████▏     | 84/200 [00:15<00:20,  5.66it/s]

# Epoch 84: train_loss: 0.0234040376:  42%|████▏     | 84/200 [00:15<00:20,  5.66it/s]
# Epoch 84: train_loss: 0.0234040376:  42%|████▎     | 85/200 [00:15<00:20,  5.66it/s]

# Epoch 85: train_loss: 0.0220887028:  42%|████▎     | 85/200 [00:15<00:20,  5.66it/s]
# Epoch 85: train_loss: 0.0220887028:  43%|████▎     | 86/200 [00:15<00:20,  5.68it/s]

# Epoch 86: train_loss: 0.0235164184:  43%|████▎     | 86/200 [00:16<00:20,  5.68it/s]
# Epoch 86: train_loss: 0.0235164184:  44%|████▎     | 87/200 [00:16<00:19,  5.69it/s]

# Epoch 87: train_loss: 0.0224571694:  44%|████▎     | 87/200 [00:16<00:19,  5.69it/s]
# Epoch 87: train_loss: 0.0224571694:  44%|████▍     | 88/200 [00:16<00:19,  5.72it/s]

# Epoch 88: train_loss: 0.0227026679:  44%|████▍     | 88/200 [00:16<00:19,  5.72it/s]
# Epoch 88: train_loss: 0.0227026679:  44%|████▍     | 89/200 [00:16<00:19,  5.67it/s]

# Epoch 89: train_loss: 0.0222792197:  44%|████▍     | 89/200 [00:16<00:19,  5.67it/s]
# Epoch 89: train_loss: 0.0222792197:  45%|████▌     | 90/200 [00:16<00:19,  5.65it/s]

# Epoch 90: train_loss: 0.0213694647:  45%|████▌     | 90/200 [00:16<00:19,  5.65it/s]
# Epoch 90: train_loss: 0.0213694647:  46%|████▌     | 91/200 [00:16<00:19,  5.65it/s]

# Epoch 91: train_loss: 0.0222575665:  46%|████▌     | 91/200 [00:17<00:19,  5.65it/s]
# Epoch 91: train_loss: 0.0222575665:  46%|████▌     | 92/200 [00:17<00:19,  5.42it/s]

# Epoch 92: train_loss: 0.0234962832:  46%|████▌     | 92/200 [00:17<00:19,  5.42it/s]
# Epoch 92: train_loss: 0.0234962832:  46%|████▋     | 93/200 [00:17<00:19,  5.46it/s]

# Epoch 93: train_loss: 0.0217833742:  46%|████▋     | 93/200 [00:17<00:19,  5.46it/s]
# Epoch 93: train_loss: 0.0217833742:  47%|████▋     | 94/200 [00:17<00:19,  5.52it/s]

# Epoch 94: train_loss: 0.0222023185:  47%|████▋     | 94/200 [00:17<00:19,  5.52it/s]
# Epoch 94: train_loss: 0.0222023185:  48%|████▊     | 95/200 [00:17<00:18,  5.54it/s]

# Epoch 95: train_loss: 0.0241223872:  48%|████▊     | 95/200 [00:17<00:18,  5.54it/s]
# Epoch 95: train_loss: 0.0241223872:  48%|████▊     | 96/200 [00:17<00:18,  5.56it/s]

# Epoch 96: train_loss: 0.0228765234:  48%|████▊     | 96/200 [00:17<00:18,  5.56it/s]
# Epoch 96: train_loss: 0.0228765234:  48%|████▊     | 97/200 [00:17<00:18,  5.57it/s]

# Epoch 97: train_loss: 0.0234443676:  48%|████▊     | 97/200 [00:18<00:18,  5.57it/s]
# Epoch 97: train_loss: 0.0234443676:  49%|████▉     | 98/200 [00:18<00:18,  5.52it/s]

# Epoch 98: train_loss: 0.0233851057:  49%|████▉     | 98/200 [00:18<00:18,  5.52it/s]
# Epoch 98: train_loss: 0.0233851057:  50%|████▉     | 99/200 [00:18<00:19,  5.27it/s]

# Epoch 99: train_loss: 0.0208433438:  50%|████▉     | 99/200 [00:18<00:19,  5.27it/s]
# Epoch 99: train_loss: 0.0208433438:  50%|█████     | 100/200 [00:18<00:18,  5.41it/s]

# Epoch 100: train_loss: -0.2139388919:  50%|█████     | 100/200 [00:18<00:18,  5.41it/s]
# Epoch 100: train_loss: -0.2139388919:  50%|█████     | 101/200 [00:18<00:20,  4.82it/s]

# Epoch 101: train_loss: -0.2133121490:  50%|█████     | 101/200 [00:18<00:20,  4.82it/s]
# Epoch 101: train_loss: -0.2133121490:  51%|█████     | 102/200 [00:18<00:21,  4.63it/s]

# Epoch 102: train_loss: -0.2136702687:  51%|█████     | 102/200 [00:19<00:21,  4.63it/s]
# Epoch 102: train_loss: -0.2136702687:  52%|█████▏    | 103/200 [00:19<00:20,  4.81it/s]

# Epoch 103: train_loss: -0.2156210840:  52%|█████▏    | 103/200 [00:19<00:20,  4.81it/s]
# Epoch 103: train_loss: -0.2156210840:  52%|█████▏    | 104/200 [00:19<00:19,  4.94it/s]

# Epoch 104: train_loss: -0.2151136547:  52%|█████▏    | 104/200 [00:19<00:19,  4.94it/s]
# Epoch 104: train_loss: -0.2151136547:  52%|█████▎    | 105/200 [00:19<00:18,  5.04it/s]

# Epoch 105: train_loss: -0.2151504755:  52%|█████▎    | 105/200 [00:19<00:18,  5.04it/s]
# Epoch 105: train_loss: -0.2151504755:  53%|█████▎    | 106/200 [00:19<00:18,  5.11it/s]

# Epoch 106: train_loss: -0.2136140764:  53%|█████▎    | 106/200 [00:19<00:18,  5.11it/s]
# Epoch 106: train_loss: -0.2136140764:  54%|█████▎    | 107/200 [00:19<00:18,  5.14it/s]

# Epoch 107: train_loss: -0.2155122757:  54%|█████▎    | 107/200 [00:20<00:18,  5.14it/s]
# Epoch 107: train_loss: -0.2155122757:  54%|█████▍    | 108/200 [00:20<00:17,  5.17it/s]

# Epoch 108: train_loss: -0.2166559547:  54%|█████▍    | 108/200 [00:20<00:17,  5.17it/s]
# Epoch 108: train_loss: -0.2166559547:  55%|█████▍    | 109/200 [00:20<00:17,  5.13it/s]

# Epoch 109: train_loss: -0.2181630433:  55%|█████▍    | 109/200 [00:20<00:17,  5.13it/s]
# Epoch 109: train_loss: -0.2181630433:  55%|█████▌    | 110/200 [00:20<00:17,  5.17it/s]

# Epoch 110: train_loss: -0.2210753858:  55%|█████▌    | 110/200 [00:20<00:17,  5.17it/s]
# Epoch 110: train_loss: -0.2210753858:  56%|█████▌    | 111/200 [00:20<00:17,  5.19it/s]

# Epoch 111: train_loss: -0.2184719890:  56%|█████▌    | 111/200 [00:20<00:17,  5.19it/s]
# Epoch 111: train_loss: -0.2184719890:  56%|█████▌    | 112/200 [00:20<00:16,  5.20it/s]

# Epoch 112: train_loss: -0.2199000716:  56%|█████▌    | 112/200 [00:21<00:16,  5.20it/s]
# Epoch 112: train_loss: -0.2199000716:  56%|█████▋    | 113/200 [00:21<00:16,  5.21it/s]

# Epoch 113: train_loss: -0.2221751511:  56%|█████▋    | 113/200 [00:21<00:16,  5.21it/s]
# Epoch 113: train_loss: -0.2221751511:  57%|█████▋    | 114/200 [00:21<00:16,  5.19it/s]

# Epoch 114: train_loss: -0.2249647677:  57%|█████▋    | 114/200 [00:21<00:16,  5.19it/s]
# Epoch 114: train_loss: -0.2249647677:  57%|█████▊    | 115/200 [00:21<00:16,  5.10it/s]

# Epoch 115: train_loss: -0.2279767841:  57%|█████▊    | 115/200 [00:21<00:16,  5.10it/s]
# Epoch 115: train_loss: -0.2279767841:  58%|█████▊    | 116/200 [00:21<00:17,  4.88it/s]

# Epoch 116: train_loss: -0.2293409407:  58%|█████▊    | 116/200 [00:21<00:17,  4.88it/s]
# Epoch 116: train_loss: -0.2293409407:  58%|█████▊    | 117/200 [00:21<00:17,  4.62it/s]

# Epoch 117: train_loss: -0.2334930152:  58%|█████▊    | 117/200 [00:22<00:17,  4.62it/s]
# Epoch 117: train_loss: -0.2334930152:  59%|█████▉    | 118/200 [00:22<00:19,  4.31it/s]

# Epoch 118: train_loss: -0.2364440411:  59%|█████▉    | 118/200 [00:22<00:19,  4.31it/s]
# Epoch 118: train_loss: -0.2364440411:  60%|█████▉    | 119/200 [00:22<00:18,  4.44it/s]

# Epoch 119: train_loss: -0.2401141226:  60%|█████▉    | 119/200 [00:22<00:18,  4.44it/s]
# Epoch 119: train_loss: -0.2401141226:  60%|██████    | 120/200 [00:22<00:17,  4.63it/s]

# Epoch 120: train_loss: -0.2453277111:  60%|██████    | 120/200 [00:22<00:17,  4.63it/s]
# Epoch 120: train_loss: -0.2453277111:  60%|██████    | 121/200 [00:22<00:16,  4.78it/s]

# Epoch 121: train_loss: -0.2500447035:  60%|██████    | 121/200 [00:22<00:16,  4.78it/s]
# Epoch 121: train_loss: -0.2500447035:  61%|██████    | 122/200 [00:22<00:15,  4.91it/s]

# Epoch 122: train_loss: -0.2540459335:  61%|██████    | 122/200 [00:23<00:15,  4.91it/s]
# Epoch 122: train_loss: -0.2540459335:  62%|██████▏   | 123/200 [00:23<00:15,  4.98it/s]

# Epoch 123: train_loss: -0.2593006194:  62%|██████▏   | 123/200 [00:23<00:15,  4.98it/s]
# Epoch 123: train_loss: -0.2593006194:  62%|██████▏   | 124/200 [00:23<00:15,  5.06it/s]

# Epoch 124: train_loss: -0.2638444304:  62%|██████▏   | 124/200 [00:23<00:15,  5.06it/s]
# Epoch 124: train_loss: -0.2638444304:  62%|██████▎   | 125/200 [00:23<00:14,  5.10it/s]

# Epoch 125: train_loss: -0.2706479728:  62%|██████▎   | 125/200 [00:23<00:14,  5.10it/s]
# Epoch 125: train_loss: -0.2706479728:  63%|██████▎   | 126/200 [00:23<00:14,  5.14it/s]

# Epoch 126: train_loss: -0.2775766850:  63%|██████▎   | 126/200 [00:23<00:14,  5.14it/s]
# Epoch 126: train_loss: -0.2775766850:  64%|██████▎   | 127/200 [00:23<00:14,  5.16it/s]

# Epoch 127: train_loss: -0.2826903462:  64%|██████▎   | 127/200 [00:24<00:14,  5.16it/s]
# Epoch 127: train_loss: -0.2826903462:  64%|██████▍   | 128/200 [00:24<00:13,  5.17it/s]

# Epoch 128: train_loss: -0.2903721929:  64%|██████▍   | 128/200 [00:24<00:13,  5.17it/s]
# Epoch 128: train_loss: -0.2903721929:  64%|██████▍   | 129/200 [00:24<00:13,  5.20it/s]

# Epoch 129: train_loss: -0.2996739745:  64%|██████▍   | 129/200 [00:24<00:13,  5.20it/s]
# Epoch 129: train_loss: -0.2996739745:  65%|██████▌   | 130/200 [00:24<00:13,  5.03it/s]

# Epoch 130: train_loss: -0.3079615235:  65%|██████▌   | 130/200 [00:24<00:13,  5.03it/s]
# Epoch 130: train_loss: -0.3079615235:  66%|██████▌   | 131/200 [00:24<00:14,  4.85it/s]

# Epoch 131: train_loss: -0.3177346587:  66%|██████▌   | 131/200 [00:24<00:14,  4.85it/s]
# Epoch 131: train_loss: -0.3177346587:  66%|██████▌   | 132/200 [00:24<00:13,  4.97it/s]

# Epoch 132: train_loss: -0.3266103566:  66%|██████▌   | 132/200 [00:25<00:13,  4.97it/s]
# Epoch 132: train_loss: -0.3266103566:  66%|██████▋   | 133/200 [00:25<00:13,  5.04it/s]

# Epoch 133: train_loss: -0.3376198411:  66%|██████▋   | 133/200 [00:25<00:13,  5.04it/s]
# Epoch 133: train_loss: -0.3376198411:  67%|██████▋   | 134/200 [00:25<00:12,  5.10it/s]

# Epoch 134: train_loss: -0.3472486436:  67%|██████▋   | 134/200 [00:25<00:12,  5.10it/s]
# Epoch 134: train_loss: -0.3472486436:  68%|██████▊   | 135/200 [00:25<00:12,  5.13it/s]

# Epoch 135: train_loss: -0.3557642698:  68%|██████▊   | 135/200 [00:25<00:12,  5.13it/s]
# Epoch 135: train_loss: -0.3557642698:  68%|██████▊   | 136/200 [00:25<00:12,  5.17it/s]

# Epoch 136: train_loss: -0.3649480641:  68%|██████▊   | 136/200 [00:25<00:12,  5.17it/s]
# Epoch 136: train_loss: -0.3649480641:  68%|██████▊   | 137/200 [00:25<00:12,  5.01it/s]

# Epoch 137: train_loss: -0.3739762306:  68%|██████▊   | 137/200 [00:26<00:12,  5.01it/s]
# Epoch 137: train_loss: -0.3739762306:  69%|██████▉   | 138/200 [00:26<00:12,  5.07it/s]

# Epoch 138: train_loss: -0.3799138665:  69%|██████▉   | 138/200 [00:26<00:12,  5.07it/s]
# Epoch 138: train_loss: -0.3799138665:  70%|██████▉   | 139/200 [00:26<00:12,  4.96it/s]

# Epoch 139: train_loss: -0.3871677518:  70%|██████▉   | 139/200 [00:26<00:12,  4.96it/s]
# Epoch 139: train_loss: -0.3871677518:  70%|███████   | 140/200 [00:26<00:11,  5.05it/s]

# Epoch 140: train_loss: -0.3944368362:  70%|███████   | 140/200 [00:26<00:11,  5.05it/s]
# Epoch 140: train_loss: -0.3944368362:  70%|███████   | 141/200 [00:26<00:11,  5.11it/s]

# Epoch 141: train_loss: -0.3982784450:  70%|███████   | 141/200 [00:26<00:11,  5.11it/s]
# Epoch 141: train_loss: -0.3982784450:  71%|███████   | 142/200 [00:26<00:11,  5.15it/s]

# Epoch 142: train_loss: -0.4020591378:  71%|███████   | 142/200 [00:27<00:11,  5.15it/s]
# Epoch 142: train_loss: -0.4020591378:  72%|███████▏  | 143/200 [00:27<00:11,  5.15it/s]

# Epoch 143: train_loss: -0.4043768346:  72%|███████▏  | 143/200 [00:27<00:11,  5.15it/s]
# Epoch 143: train_loss: -0.4043768346:  72%|███████▏  | 144/200 [00:27<00:10,  5.19it/s]

# Epoch 144: train_loss: -0.4074330926:  72%|███████▏  | 144/200 [00:27<00:10,  5.19it/s]
# Epoch 144: train_loss: -0.4074330926:  72%|███████▎  | 145/200 [00:27<00:11,  4.92it/s]

# Epoch 145: train_loss: -0.4112531543:  72%|███████▎  | 145/200 [00:27<00:11,  4.92it/s]
# Epoch 145: train_loss: -0.4112531543:  73%|███████▎  | 146/200 [00:27<00:11,  4.90it/s]

# Epoch 146: train_loss: -0.4134751558:  73%|███████▎  | 146/200 [00:27<00:11,  4.90it/s]
# Epoch 146: train_loss: -0.4134751558:  74%|███████▎  | 147/200 [00:27<00:10,  4.97it/s]

# Epoch 147: train_loss: -0.4174901247:  74%|███████▎  | 147/200 [00:28<00:10,  4.97it/s]
# Epoch 147: train_loss: -0.4174901247:  74%|███████▍  | 148/200 [00:28<00:10,  5.05it/s]

# Epoch 148: train_loss: -0.4167982936:  74%|███████▍  | 148/200 [00:28<00:10,  5.05it/s]
# Epoch 148: train_loss: -0.4167982936:  74%|███████▍  | 149/200 [00:28<00:09,  5.12it/s]

# Epoch 149: train_loss: -0.4202977121:  74%|███████▍  | 149/200 [00:28<00:09,  5.12it/s]
# Epoch 149: train_loss: -0.4202977121:  75%|███████▌  | 150/200 [00:28<00:09,  5.16it/s]

# Epoch 150: train_loss: -0.4201954007:  75%|███████▌  | 150/200 [00:28<00:09,  5.16it/s]
# Epoch 150: train_loss: -0.4201954007:  76%|███████▌  | 151/200 [00:28<00:09,  5.14it/s]

# Epoch 151: train_loss: -0.4205558300:  76%|███████▌  | 151/200 [00:28<00:09,  5.14it/s]
# Epoch 151: train_loss: -0.4205558300:  76%|███████▌  | 152/200 [00:28<00:09,  5.17it/s]

# Epoch 152: train_loss: -0.4239272475:  76%|███████▌  | 152/200 [00:29<00:09,  5.17it/s]
# Epoch 152: train_loss: -0.4239272475:  76%|███████▋  | 153/200 [00:29<00:09,  5.21it/s]

# Epoch 153: train_loss: -0.4230460823:  76%|███████▋  | 153/200 [00:29<00:09,  5.21it/s]
# Epoch 153: train_loss: -0.4230460823:  77%|███████▋  | 154/200 [00:29<00:08,  5.20it/s]

# Epoch 154: train_loss: -0.4251668155:  77%|███████▋  | 154/200 [00:29<00:08,  5.20it/s]
# Epoch 154: train_loss: -0.4251668155:  78%|███████▊  | 155/200 [00:29<00:08,  5.20it/s]

# Epoch 155: train_loss: -0.4301750064:  78%|███████▊  | 155/200 [00:29<00:08,  5.20it/s]
# Epoch 155: train_loss: -0.4301750064:  78%|███████▊  | 156/200 [00:29<00:08,  5.12it/s]

# Epoch 156: train_loss: -0.4316478372:  78%|███████▊  | 156/200 [00:29<00:08,  5.12it/s]
# Epoch 156: train_loss: -0.4316478372:  78%|███████▊  | 157/200 [00:29<00:08,  5.13it/s]

# Epoch 157: train_loss: -0.4367116988:  78%|███████▊  | 157/200 [00:30<00:08,  5.13it/s]
# Epoch 157: train_loss: -0.4367116988:  79%|███████▉  | 158/200 [00:30<00:08,  5.16it/s]

# Epoch 158: train_loss: -0.4392756224:  79%|███████▉  | 158/200 [00:30<00:08,  5.16it/s]
# Epoch 158: train_loss: -0.4392756224:  80%|███████▉  | 159/200 [00:30<00:07,  5.20it/s]

# Epoch 159: train_loss: -0.4444231689:  80%|███████▉  | 159/200 [00:30<00:07,  5.20it/s]
# Epoch 159: train_loss: -0.4444231689:  80%|████████  | 160/200 [00:30<00:07,  5.19it/s]

# Epoch 160: train_loss: -0.4490676820:  80%|████████  | 160/200 [00:30<00:07,  5.19it/s]
# Epoch 160: train_loss: -0.4490676820:  80%|████████  | 161/200 [00:30<00:07,  5.01it/s]

# Epoch 161: train_loss: -0.4549533725:  80%|████████  | 161/200 [00:30<00:07,  5.01it/s]
# Epoch 161: train_loss: -0.4549533725:  81%|████████  | 162/200 [00:30<00:07,  5.08it/s]

# Epoch 162: train_loss: -0.4624856114:  81%|████████  | 162/200 [00:31<00:07,  5.08it/s]
# Epoch 162: train_loss: -0.4624856114:  82%|████████▏ | 163/200 [00:31<00:07,  5.03it/s]

# Epoch 163: train_loss: -0.4662052691:  82%|████████▏ | 163/200 [00:31<00:07,  5.03it/s]
# Epoch 163: train_loss: -0.4662052691:  82%|████████▏ | 164/200 [00:31<00:07,  5.05it/s]

# Epoch 164: train_loss: -0.4735763371:  82%|████████▏ | 164/200 [00:31<00:07,  5.05it/s]
# Epoch 164: train_loss: -0.4735763371:  82%|████████▎ | 165/200 [00:31<00:06,  5.05it/s]

# Epoch 165: train_loss: -0.4784419537:  82%|████████▎ | 165/200 [00:31<00:06,  5.05it/s]
# Epoch 165: train_loss: -0.4784419537:  83%|████████▎ | 166/200 [00:31<00:06,  4.96it/s]

# Epoch 166: train_loss: -0.4848101437:  83%|████████▎ | 166/200 [00:31<00:06,  4.96it/s]
# Epoch 166: train_loss: -0.4848101437:  84%|████████▎ | 167/200 [00:31<00:06,  4.79it/s]

# Epoch 167: train_loss: -0.4871362746:  84%|████████▎ | 167/200 [00:32<00:06,  4.79it/s]
# Epoch 167: train_loss: -0.4871362746:  84%|████████▍ | 168/200 [00:32<00:06,  4.89it/s]

# Epoch 168: train_loss: -0.4926032424:  84%|████████▍ | 168/200 [00:32<00:06,  4.89it/s]
# Epoch 168: train_loss: -0.4926032424:  84%|████████▍ | 169/200 [00:32<00:06,  5.01it/s]

# Epoch 169: train_loss: -0.4960384667:  84%|████████▍ | 169/200 [00:32<00:06,  5.01it/s]
# Epoch 169: train_loss: -0.4960384667:  85%|████████▌ | 170/200 [00:32<00:05,  5.08it/s]

# Epoch 170: train_loss: -0.4987753332:  85%|████████▌ | 170/200 [00:32<00:05,  5.08it/s]
# Epoch 170: train_loss: -0.4987753332:  86%|████████▌ | 171/200 [00:32<00:05,  5.12it/s]

# Epoch 171: train_loss: -0.5017331839:  86%|████████▌ | 171/200 [00:32<00:05,  5.12it/s]
# Epoch 171: train_loss: -0.5017331839:  86%|████████▌ | 172/200 [00:32<00:05,  5.12it/s]

# Epoch 172: train_loss: -0.5033667684:  86%|████████▌ | 172/200 [00:33<00:05,  5.12it/s]
# Epoch 172: train_loss: -0.5033667684:  86%|████████▋ | 173/200 [00:33<00:05,  5.11it/s]

# Epoch 173: train_loss: -0.5076371431:  86%|████████▋ | 173/200 [00:33<00:05,  5.11it/s]
# Epoch 173: train_loss: -0.5076371431:  87%|████████▋ | 174/200 [00:33<00:05,  5.01it/s]

# Epoch 174: train_loss: -0.5096452236:  87%|████████▋ | 174/200 [00:33<00:05,  5.01it/s]
# Epoch 174: train_loss: -0.5096452236:  88%|████████▊ | 175/200 [00:33<00:05,  4.98it/s]

# Epoch 175: train_loss: -0.5120571852:  88%|████████▊ | 175/200 [00:33<00:05,  4.98it/s]
# Epoch 175: train_loss: -0.5120571852:  88%|████████▊ | 176/200 [00:33<00:04,  5.06it/s]

# Epoch 176: train_loss: -0.5134785771:  88%|████████▊ | 176/200 [00:33<00:04,  5.06it/s]
# Epoch 176: train_loss: -0.5134785771:  88%|████████▊ | 177/200 [00:33<00:04,  5.06it/s]

# Epoch 177: train_loss: -0.5181887746:  88%|████████▊ | 177/200 [00:34<00:04,  5.06it/s]
# Epoch 177: train_loss: -0.5181887746:  89%|████████▉ | 178/200 [00:34<00:04,  5.13it/s]

# Epoch 178: train_loss: -0.5206176639:  89%|████████▉ | 178/200 [00:34<00:04,  5.13it/s]
# Epoch 178: train_loss: -0.5206176639:  90%|████████▉ | 179/200 [00:34<00:04,  5.16it/s]

# Epoch 179: train_loss: -0.5234814882:  90%|████████▉ | 179/200 [00:34<00:04,  5.16it/s]
# Epoch 179: train_loss: -0.5234814882:  90%|█████████ | 180/200 [00:34<00:03,  5.19it/s]

# Epoch 180: train_loss: -0.5252730846:  90%|█████████ | 180/200 [00:34<00:03,  5.19it/s]
# Epoch 180: train_loss: -0.5252730846:  90%|█████████ | 181/200 [00:34<00:03,  4.97it/s]

# Epoch 181: train_loss: -0.5274115801:  90%|█████████ | 181/200 [00:34<00:03,  4.97it/s]
# Epoch 181: train_loss: -0.5274115801:  91%|█████████ | 182/200 [00:34<00:03,  4.80it/s]

# Epoch 182: train_loss: -0.5318857431:  91%|█████████ | 182/200 [00:35<00:03,  4.80it/s]
# Epoch 182: train_loss: -0.5318857431:  92%|█████████▏| 183/200 [00:35<00:03,  4.94it/s]

# Epoch 183: train_loss: -0.5342759490:  92%|█████████▏| 183/200 [00:35<00:03,  4.94it/s]
# Epoch 183: train_loss: -0.5342759490:  92%|█████████▏| 184/200 [00:35<00:03,  5.04it/s]

# Epoch 184: train_loss: -0.5356166959:  92%|█████████▏| 184/200 [00:35<00:03,  5.04it/s]
# Epoch 184: train_loss: -0.5356166959:  92%|█████████▎| 185/200 [00:35<00:02,  5.09it/s]

# Epoch 185: train_loss: -0.5389704704:  92%|█████████▎| 185/200 [00:35<00:02,  5.09it/s]
# Epoch 185: train_loss: -0.5389704704:  93%|█████████▎| 186/200 [00:35<00:02,  4.84it/s]

# Epoch 186: train_loss: -0.5405564308:  93%|█████████▎| 186/200 [00:35<00:02,  4.84it/s]
# Epoch 186: train_loss: -0.5405564308:  94%|█████████▎| 187/200 [00:35<00:02,  4.85it/s]

# Epoch 187: train_loss: -0.5407968760:  94%|█████████▎| 187/200 [00:36<00:02,  4.85it/s]
# Epoch 187: train_loss: -0.5407968760:  94%|█████████▍| 188/200 [00:36<00:02,  4.88it/s]

# Epoch 188: train_loss: -0.5397419333:  94%|█████████▍| 188/200 [00:36<00:02,  4.88it/s]
# Epoch 188: train_loss: -0.5397419333:  94%|█████████▍| 189/200 [00:36<00:02,  4.97it/s]

# Epoch 189: train_loss: -0.5404512882:  94%|█████████▍| 189/200 [00:36<00:02,  4.97it/s]
# Epoch 189: train_loss: -0.5404512882:  95%|█████████▌| 190/200 [00:36<00:01,  5.03it/s]

# Epoch 190: train_loss: -0.5420283079:  95%|█████████▌| 190/200 [00:36<00:01,  5.03it/s]
# Epoch 190: train_loss: -0.5420283079:  96%|█████████▌| 191/200 [00:36<00:01,  5.09it/s]

# Epoch 191: train_loss: -0.5391238332:  96%|█████████▌| 191/200 [00:36<00:01,  5.09it/s]
# Epoch 191: train_loss: -0.5391238332:  96%|█████████▌| 192/200 [00:36<00:01,  5.14it/s]

# Epoch 192: train_loss: -0.5386199355:  96%|█████████▌| 192/200 [00:37<00:01,  5.14it/s]
# Epoch 192: train_loss: -0.5386199355:  96%|█████████▋| 193/200 [00:37<00:01,  5.17it/s]

# Epoch 193: train_loss: -0.5398228168:  96%|█████████▋| 193/200 [00:37<00:01,  5.17it/s]
# Epoch 193: train_loss: -0.5398228168:  97%|█████████▋| 194/200 [00:37<00:01,  5.20it/s]

# Epoch 194: train_loss: -0.5407081246:  97%|█████████▋| 194/200 [00:37<00:01,  5.20it/s]
# Epoch 194: train_loss: -0.5407081246:  98%|█████████▊| 195/200 [00:37<00:00,  5.22it/s]

# Epoch 195: train_loss: -0.5401151180:  98%|█████████▊| 195/200 [00:37<00:00,  5.22it/s]
# Epoch 195: train_loss: -0.5401151180:  98%|█████████▊| 196/200 [00:37<00:00,  5.23it/s]

# Epoch 196: train_loss: -0.5404675007:  98%|█████████▊| 196/200 [00:37<00:00,  5.23it/s]
# Epoch 196: train_loss: -0.5404675007:  98%|█████████▊| 197/200 [00:37<00:00,  5.24it/s]

# Epoch 197: train_loss: -0.5418944359:  98%|█████████▊| 197/200 [00:37<00:00,  5.24it/s]
# Epoch 197: train_loss: -0.5418944359:  99%|█████████▉| 198/200 [00:37<00:00,  5.23it/s]

# Epoch 198: train_loss: -0.5438158512:  99%|█████████▉| 198/200 [00:38<00:00,  5.23it/s]
# Epoch 198: train_loss: -0.5438158512: 100%|█████████▉| 199/200 [00:38<00:00,  5.25it/s]

# Epoch 199: train_loss: -0.5456147194: 100%|█████████▉| 199/200 [00:38<00:00,  5.25it/s]
# Epoch 199: train_loss: -0.5456147194: 100%|██████████| 200/200 [00:38<00:00,  5.25it/s]
# Epoch 199: train_loss: -0.5456147194: 100%|██████████| 200/200 [00:38<00:00,  5.22it/s]

  0%|          | 0/184 [00:00<?, ?it/s]
# Epoch: 0, train_loss: 0.7319, train_acc:0.43875, val_loss: 0.7198, val_acc:0.44905, val_f1:0.0:   0%|          | 0/184 [00:00<?, ?it/s]
# Epoch: 0, train_loss: 0.7319, train_acc:0.43875, val_loss: 0.7198, val_acc:0.44905, val_f1:0.0:   1%|          | 1/184 [00:00<00:43,  4.25it/s]
# Epoch: 1, train_loss: 0.7265, train_acc:0.43875, val_loss: 0.7160, val_acc:0.44905, val_f1:0.0:   1%|          | 1/184 [00:00<00:43,  4.25it/s]
# Epoch: 1, train_loss: 0.7265, train_acc:0.43875, val_loss: 0.7160, val_acc:0.44905, val_f1:0.0:   1%|          | 2/184 [00:00<00:40,  4.55it/s]
# Epoch: 2, train_loss: 0.7225, train_acc:0.43875, val_loss: 0.7133, val_acc:0.44905, val_f1:0.0:   1%|          | 2/184 [00:00<00:40,  4.55it/s]
# Epoch: 2, train_loss: 0.7225, train_acc:0.43875, val_loss: 0.7133, val_acc:0.44905, val_f1:0.0:   2%|▏         | 3/184 [00:00<00:39,  4.56it/s]
# Epoch: 3, train_loss: 0.7185, train_acc:0.43875, val_loss: 0.7106, val_acc:0.44905, val_f1:0.0:   2%|▏         | 3/184 [00:00<00:39,  4.56it/s]
# Epoch: 3, train_loss: 0.7185, train_acc:0.43875, val_loss: 0.7106, val_acc:0.44905, val_f1:0.0:   2%|▏         | 4/184 [00:00<00:40,  4.49it/s]
# Epoch: 4, train_loss: 0.7152, train_acc:0.43875, val_loss: 0.7078, val_acc:0.44905, val_f1:0.0:   2%|▏         | 4/184 [00:01<00:40,  4.49it/s]
# Epoch: 4, train_loss: 0.7152, train_acc:0.43875, val_loss: 0.7078, val_acc:0.44905, val_f1:0.0:   3%|▎         | 5/184 [00:01<00:40,  4.44it/s]
# Epoch: 5, train_loss: 0.7124, train_acc:0.43875, val_loss: 0.7047, val_acc:0.44905, val_f1:0.0:   3%|▎         | 5/184 [00:01<00:40,  4.44it/s]
# Epoch: 5, train_loss: 0.7124, train_acc:0.43875, val_loss: 0.7047, val_acc:0.44905, val_f1:0.0:   3%|▎         | 6/184 [00:01<00:41,  4.31it/s]
# Epoch: 6, train_loss: 0.7097, train_acc:0.43875, val_loss: 0.7014, val_acc:0.44905, val_f1:0.0:   3%|▎         | 6/184 [00:01<00:41,  4.31it/s]
# Epoch: 6, train_loss: 0.7097, train_acc:0.43875, val_loss: 0.7014, val_acc:0.44905, val_f1:0.0:   4%|▍         | 7/184 [00:01<00:41,  4.31it/s]
# Epoch: 7, train_loss: 0.7073, train_acc:0.43875, val_loss: 0.6982, val_acc:0.44905, val_f1:0.0:   4%|▍         | 7/184 [00:01<00:41,  4.31it/s]
# Epoch: 7, train_loss: 0.7073, train_acc:0.43875, val_loss: 0.6982, val_acc:0.44905, val_f1:0.0:   4%|▍         | 8/184 [00:01<00:40,  4.33it/s]
# Epoch: 8, train_loss: 0.7050, train_acc:0.43875, val_loss: 0.6953, val_acc:0.44905, val_f1:0.0:   4%|▍         | 8/184 [00:02<00:40,  4.33it/s]
# Epoch: 8, train_loss: 0.7050, train_acc:0.43875, val_loss: 0.6953, val_acc:0.44905, val_f1:0.0:   5%|▍         | 9/184 [00:02<00:42,  4.15it/s]
# Epoch: 9, train_loss: 0.7025, train_acc:0.43875, val_loss: 0.6928, val_acc:0.44905, val_f1:0.0:   5%|▍         | 9/184 [00:02<00:42,  4.15it/s]
# Epoch: 9, train_loss: 0.7025, train_acc:0.43875, val_loss: 0.6928, val_acc:0.44905, val_f1:0.0:   5%|▌         | 10/184 [00:02<00:41,  4.20it/s]
# Epoch: 10, train_loss: 0.7009, train_acc:0.43875, val_loss: 0.6907, val_acc:0.45074, val_f1:0.00764:   5%|▌         | 10/184 [00:02<00:41,  4.20it/s]
# Epoch: 10, train_loss: 0.7009, train_acc:0.43875, val_loss: 0.6907, val_acc:0.45074, val_f1:0.00764:   6%|▌         | 11/184 [00:02<00:40,  4.23it/s]
# Epoch: 11, train_loss: 0.6991, train_acc:0.43924, val_loss: 0.6888, val_acc:0.4537, val_f1:0.02269:   6%|▌         | 11/184 [00:02<00:40,  4.23it/s] 
# Epoch: 11, train_loss: 0.6991, train_acc:0.43924, val_loss: 0.6888, val_acc:0.4537, val_f1:0.02269:   7%|▋         | 12/184 [00:02<00:40,  4.20it/s]
# Epoch: 12, train_loss: 0.6975, train_acc:0.44069, val_loss: 0.6871, val_acc:0.51459, val_f1:0.31175:   7%|▋         | 12/184 [00:03<00:40,  4.20it/s]
# Epoch: 12, train_loss: 0.6975, train_acc:0.44069, val_loss: 0.6871, val_acc:0.51459, val_f1:0.31175:   7%|▋         | 13/184 [00:03<00:44,  3.85it/s]
# Epoch: 13, train_loss: 0.6962, train_acc:0.44383, val_loss: 0.6854, val_acc:0.53953, val_f1:0.39734:   7%|▋         | 13/184 [00:03<00:44,  3.85it/s]
# Epoch: 13, train_loss: 0.6962, train_acc:0.44383, val_loss: 0.6854, val_acc:0.53953, val_f1:0.39734:   8%|▊         | 14/184 [00:03<00:44,  3.80it/s]
# Epoch: 14, train_loss: 0.6945, train_acc:0.45869, val_loss: 0.6839, val_acc:0.57125, val_f1:0.48265:   8%|▊         | 14/184 [00:03<00:44,  3.80it/s]
# Epoch: 14, train_loss: 0.6945, train_acc:0.45869, val_loss: 0.6839, val_acc:0.57125, val_f1:0.48265:   8%|▊         | 15/184 [00:03<00:50,  3.37it/s]
# Epoch: 15, train_loss: 0.6930, train_acc:0.48405, val_loss: 0.6825, val_acc:0.58774, val_f1:0.52462:   8%|▊         | 15/184 [00:03<00:50,  3.37it/s]
# Epoch: 15, train_loss: 0.6930, train_acc:0.48405, val_loss: 0.6825, val_acc:0.58774, val_f1:0.52462:   9%|▊         | 16/184 [00:03<00:47,  3.55it/s]
# Epoch: 16, train_loss: 0.6919, train_acc:0.50821, val_loss: 0.6812, val_acc:0.60803, val_f1:0.56743:   9%|▊         | 16/184 [00:04<00:47,  3.55it/s]
# Epoch: 16, train_loss: 0.6919, train_acc:0.50821, val_loss: 0.6812, val_acc:0.60803, val_f1:0.56743:   9%|▉         | 17/184 [00:04<00:45,  3.69it/s]
# Epoch: 17, train_loss: 0.6905, train_acc:0.53757, val_loss: 0.6800, val_acc:0.61438, val_f1:0.58203:   9%|▉         | 17/184 [00:04<00:45,  3.69it/s]
# Epoch: 17, train_loss: 0.6905, train_acc:0.53757, val_loss: 0.6800, val_acc:0.61438, val_f1:0.58203:  10%|▉         | 18/184 [00:04<00:43,  3.83it/s]
# Epoch: 18, train_loss: 0.6892, train_acc:0.56729, val_loss: 0.6790, val_acc:0.61903, val_f1:0.59212:  10%|▉         | 18/184 [00:04<00:43,  3.83it/s]
# Epoch: 18, train_loss: 0.6892, train_acc:0.56729, val_loss: 0.6790, val_acc:0.61903, val_f1:0.59212:  10%|█         | 19/184 [00:04<00:41,  3.94it/s]
# Epoch: 19, train_loss: 0.6877, train_acc:0.57937, val_loss: 0.6777, val_acc:0.6203, val_f1:0.59911:  10%|█         | 19/184 [00:04<00:41,  3.94it/s] 
# Epoch: 19, train_loss: 0.6877, train_acc:0.57937, val_loss: 0.6777, val_acc:0.6203, val_f1:0.59911:  11%|█         | 20/184 [00:04<00:42,  3.87it/s]
# Epoch: 20, train_loss: 0.6866, train_acc:0.59217, val_loss: 0.6762, val_acc:0.61987, val_f1:0.60168:  11%|█         | 20/184 [00:05<00:42,  3.87it/s]
# Epoch: 20, train_loss: 0.6866, train_acc:0.59217, val_loss: 0.6762, val_acc:0.61987, val_f1:0.60168:  11%|█▏        | 21/184 [00:05<00:42,  3.87it/s]
# Epoch: 21, train_loss: 0.6847, train_acc:0.60353, val_loss: 0.6745, val_acc:0.62072, val_f1:0.60362:  11%|█▏        | 21/184 [00:05<00:42,  3.87it/s]
# Epoch: 21, train_loss: 0.6847, train_acc:0.60353, val_loss: 0.6745, val_acc:0.62072, val_f1:0.60362:  12%|█▏        | 22/184 [00:05<00:42,  3.78it/s]
# Epoch: 22, train_loss: 0.6829, train_acc:0.60341, val_loss: 0.6724, val_acc:0.62241, val_f1:0.60678:  12%|█▏        | 22/184 [00:05<00:42,  3.78it/s]
# Epoch: 22, train_loss: 0.6829, train_acc:0.60341, val_loss: 0.6724, val_acc:0.62241, val_f1:0.60678:  12%|█▎        | 23/184 [00:05<00:42,  3.79it/s]
# Epoch: 23, train_loss: 0.6816, train_acc:0.608, val_loss: 0.6701, val_acc:0.62326, val_f1:0.60938:  12%|█▎        | 23/184 [00:06<00:42,  3.79it/s]  
# Epoch: 23, train_loss: 0.6816, train_acc:0.608, val_loss: 0.6701, val_acc:0.62326, val_f1:0.60938:  13%|█▎        | 24/184 [00:06<00:41,  3.84it/s]
# Epoch: 24, train_loss: 0.6794, train_acc:0.61754, val_loss: 0.6678, val_acc:0.62537, val_f1:0.61276:  13%|█▎        | 24/184 [00:06<00:41,  3.84it/s]
# Epoch: 24, train_loss: 0.6794, train_acc:0.61754, val_loss: 0.6678, val_acc:0.62537, val_f1:0.61276:  14%|█▎        | 25/184 [00:06<00:39,  3.99it/s]
# Epoch: 25, train_loss: 0.6773, train_acc:0.62008, val_loss: 0.6654, val_acc:0.62579, val_f1:0.61371:  14%|█▎        | 25/184 [00:06<00:39,  3.99it/s]
# Epoch: 25, train_loss: 0.6773, train_acc:0.62008, val_loss: 0.6654, val_acc:0.62579, val_f1:0.61371:  14%|█▍        | 26/184 [00:06<00:38,  4.06it/s]
# Epoch: 26, train_loss: 0.6758, train_acc:0.62334, val_loss: 0.6630, val_acc:0.62748, val_f1:0.61712:  14%|█▍        | 26/184 [00:06<00:38,  4.06it/s]
# Epoch: 26, train_loss: 0.6758, train_acc:0.62334, val_loss: 0.6630, val_acc:0.62748, val_f1:0.61712:  15%|█▍        | 27/184 [00:06<00:39,  4.01it/s]
# Epoch: 27, train_loss: 0.6733, train_acc:0.62962, val_loss: 0.6605, val_acc:0.63763, val_f1:0.63609:  15%|█▍        | 27/184 [00:07<00:39,  4.01it/s]
# Epoch: 27, train_loss: 0.6733, train_acc:0.62962, val_loss: 0.6605, val_acc:0.63763, val_f1:0.63609:  15%|█▌        | 28/184 [00:07<00:39,  3.95it/s]
# Epoch: 28, train_loss: 0.6720, train_acc:0.6353, val_loss: 0.6579, val_acc:0.64651, val_f1:0.65021:  15%|█▌        | 28/184 [00:07<00:39,  3.95it/s] 
# Epoch: 28, train_loss: 0.6720, train_acc:0.6353, val_loss: 0.6579, val_acc:0.64651, val_f1:0.65021:  16%|█▌        | 29/184 [00:07<00:37,  4.09it/s]
# Epoch: 29, train_loss: 0.6699, train_acc:0.64001, val_loss: 0.6553, val_acc:0.64736, val_f1:0.65365:  16%|█▌        | 29/184 [00:07<00:37,  4.09it/s]
# Epoch: 29, train_loss: 0.6699, train_acc:0.64001, val_loss: 0.6553, val_acc:0.64736, val_f1:0.65365:  16%|█▋        | 30/184 [00:07<00:36,  4.16it/s]
# Epoch: 30, train_loss: 0.6674, train_acc:0.64774, val_loss: 0.6526, val_acc:0.6537, val_f1:0.66366:  16%|█▋        | 30/184 [00:07<00:36,  4.16it/s] 
# Epoch: 30, train_loss: 0.6674, train_acc:0.64774, val_loss: 0.6526, val_acc:0.6537, val_f1:0.66366:  17%|█▋        | 31/184 [00:07<00:36,  4.24it/s]
# Epoch: 31, train_loss: 0.6656, train_acc:0.65813, val_loss: 0.6499, val_acc:0.65581, val_f1:0.66964:  17%|█▋        | 31/184 [00:07<00:36,  4.24it/s]
# Epoch: 31, train_loss: 0.6656, train_acc:0.65813, val_loss: 0.6499, val_acc:0.65581, val_f1:0.66964:  17%|█▋        | 32/184 [00:07<00:36,  4.17it/s]
# Epoch: 32, train_loss: 0.6628, train_acc:0.66779, val_loss: 0.6472, val_acc:0.66004, val_f1:0.67891:  17%|█▋        | 32/184 [00:08<00:36,  4.17it/s]
# Epoch: 32, train_loss: 0.6628, train_acc:0.66779, val_loss: 0.6472, val_acc:0.66004, val_f1:0.67891:  18%|█▊        | 33/184 [00:08<00:35,  4.24it/s]
# Epoch: 33, train_loss: 0.6600, train_acc:0.67468, val_loss: 0.6445, val_acc:0.67104, val_f1:0.69538:  18%|█▊        | 33/184 [00:08<00:35,  4.24it/s]
# Epoch: 33, train_loss: 0.6600, train_acc:0.67468, val_loss: 0.6445, val_acc:0.67104, val_f1:0.69538:  18%|█▊        | 34/184 [00:08<00:35,  4.23it/s]
# Epoch: 34, train_loss: 0.6577, train_acc:0.68797, val_loss: 0.6416, val_acc:0.69006, val_f1:0.71969:  18%|█▊        | 34/184 [00:08<00:35,  4.23it/s]
# Epoch: 34, train_loss: 0.6577, train_acc:0.68797, val_loss: 0.6416, val_acc:0.69006, val_f1:0.71969:  19%|█▉        | 35/184 [00:08<00:35,  4.15it/s]
# Epoch: 35, train_loss: 0.6542, train_acc:0.70307, val_loss: 0.6388, val_acc:0.70106, val_f1:0.73531:  19%|█▉        | 35/184 [00:08<00:35,  4.15it/s]
# Epoch: 35, train_loss: 0.6542, train_acc:0.70307, val_loss: 0.6388, val_acc:0.70106, val_f1:0.73531:  20%|█▉        | 36/184 [00:08<00:35,  4.18it/s]
# Epoch: 36, train_loss: 0.6514, train_acc:0.70923, val_loss: 0.6358, val_acc:0.71205, val_f1:0.75009:  20%|█▉        | 36/184 [00:09<00:35,  4.18it/s]
# Epoch: 36, train_loss: 0.6514, train_acc:0.70923, val_loss: 0.6358, val_acc:0.71205, val_f1:0.75009:  20%|██        | 37/184 [00:09<00:35,  4.17it/s]
# Epoch: 37, train_loss: 0.6478, train_acc:0.71769, val_loss: 0.6326, val_acc:0.72262, val_f1:0.76352:  20%|██        | 37/184 [00:09<00:35,  4.17it/s]
# Epoch: 37, train_loss: 0.6478, train_acc:0.71769, val_loss: 0.6326, val_acc:0.72262, val_f1:0.76352:  21%|██        | 38/184 [00:09<00:34,  4.19it/s]
# Epoch: 38, train_loss: 0.6444, train_acc:0.7224, val_loss: 0.6291, val_acc:0.73531, val_f1:0.77927:  21%|██        | 38/184 [00:09<00:34,  4.19it/s] 
# Epoch: 38, train_loss: 0.6444, train_acc:0.7224, val_loss: 0.6291, val_acc:0.73531, val_f1:0.77927:  21%|██        | 39/184 [00:09<00:34,  4.17it/s]
# Epoch: 39, train_loss: 0.6408, train_acc:0.73907, val_loss: 0.6254, val_acc:0.74672, val_f1:0.79136:  21%|██        | 39/184 [00:09<00:34,  4.17it/s]
# Epoch: 39, train_loss: 0.6408, train_acc:0.73907, val_loss: 0.6254, val_acc:0.74672, val_f1:0.79136:  22%|██▏       | 40/184 [00:09<00:34,  4.23it/s]
# Epoch: 40, train_loss: 0.6360, train_acc:0.74342, val_loss: 0.6215, val_acc:0.75011, val_f1:0.79698:  22%|██▏       | 40/184 [00:10<00:34,  4.23it/s]
# Epoch: 40, train_loss: 0.6360, train_acc:0.74342, val_loss: 0.6215, val_acc:0.75011, val_f1:0.79698:  22%|██▏       | 41/184 [00:10<00:33,  4.22it/s]
# Epoch: 41, train_loss: 0.6325, train_acc:0.74897, val_loss: 0.6180, val_acc:0.75856, val_f1:0.80651:  22%|██▏       | 41/184 [00:10<00:33,  4.22it/s]
# Epoch: 41, train_loss: 0.6325, train_acc:0.74897, val_loss: 0.6180, val_acc:0.75856, val_f1:0.80651:  23%|██▎       | 42/184 [00:10<00:33,  4.22it/s]
# Epoch: 42, train_loss: 0.6271, train_acc:0.75163, val_loss: 0.6149, val_acc:0.76829, val_f1:0.81746:  23%|██▎       | 42/184 [00:10<00:33,  4.22it/s]
# Epoch: 42, train_loss: 0.6271, train_acc:0.75163, val_loss: 0.6149, val_acc:0.76829, val_f1:0.81746:  23%|██▎       | 43/184 [00:10<00:33,  4.16it/s]
# Epoch: 43, train_loss: 0.6234, train_acc:0.76057, val_loss: 0.6125, val_acc:0.77801, val_f1:0.82656:  23%|██▎       | 43/184 [00:10<00:33,  4.16it/s]
# Epoch: 43, train_loss: 0.6234, train_acc:0.76057, val_loss: 0.6125, val_acc:0.77801, val_f1:0.82656:  24%|██▍       | 44/184 [00:10<00:33,  4.24it/s]
# Epoch: 44, train_loss: 0.6177, train_acc:0.7648, val_loss: 0.6105, val_acc:0.78858, val_f1:0.83671:  24%|██▍       | 44/184 [00:11<00:33,  4.24it/s] 
# Epoch: 44, train_loss: 0.6177, train_acc:0.7648, val_loss: 0.6105, val_acc:0.78858, val_f1:0.83671:  24%|██▍       | 45/184 [00:11<00:32,  4.24it/s]
# Epoch: 45, train_loss: 0.6119, train_acc:0.76903, val_loss: 0.6082, val_acc:0.79239, val_f1:0.84012:  24%|██▍       | 45/184 [00:11<00:32,  4.24it/s]
# Epoch: 45, train_loss: 0.6119, train_acc:0.76903, val_loss: 0.6082, val_acc:0.79239, val_f1:0.84012:  25%|██▌       | 46/184 [00:11<00:31,  4.37it/s]
# Epoch: 46, train_loss: 0.6067, train_acc:0.76794, val_loss: 0.6047, val_acc:0.7945, val_f1:0.84211:  25%|██▌       | 46/184 [00:11<00:31,  4.37it/s] 
# Epoch: 46, train_loss: 0.6067, train_acc:0.76794, val_loss: 0.6047, val_acc:0.7945, val_f1:0.84211:  26%|██▌       | 47/184 [00:11<00:30,  4.46it/s]
# Epoch: 47, train_loss: 0.5990, train_acc:0.77156, val_loss: 0.5997, val_acc:0.79577, val_f1:0.84323:  26%|██▌       | 47/184 [00:11<00:30,  4.46it/s]
# Epoch: 47, train_loss: 0.5990, train_acc:0.77156, val_loss: 0.5997, val_acc:0.79577, val_f1:0.84323:  26%|██▌       | 48/184 [00:11<00:30,  4.51it/s]
# Epoch: 48, train_loss: 0.5922, train_acc:0.77748, val_loss: 0.5932, val_acc:0.79535, val_f1:0.84296:  26%|██▌       | 48/184 [00:11<00:30,  4.51it/s]
# Epoch: 48, train_loss: 0.5922, train_acc:0.77748, val_loss: 0.5932, val_acc:0.79535, val_f1:0.84296:  27%|██▋       | 49/184 [00:11<00:28,  4.66it/s]
# Epoch: 49, train_loss: 0.5846, train_acc:0.78026, val_loss: 0.5854, val_acc:0.79577, val_f1:0.84333:  27%|██▋       | 49/184 [00:12<00:28,  4.66it/s]
# Epoch: 49, train_loss: 0.5846, train_acc:0.78026, val_loss: 0.5854, val_acc:0.79577, val_f1:0.84333:  27%|██▋       | 50/184 [00:12<00:28,  4.69it/s]
# Epoch: 50, train_loss: 0.5770, train_acc:0.78715, val_loss: 0.5768, val_acc:0.79577, val_f1:0.84333:  27%|██▋       | 50/184 [00:12<00:28,  4.69it/s]
# Epoch: 50, train_loss: 0.5770, train_acc:0.78715, val_loss: 0.5768, val_acc:0.79577, val_f1:0.84333:  28%|██▊       | 51/184 [00:12<00:28,  4.69it/s]
# Epoch: 51, train_loss: 0.5700, train_acc:0.78872, val_loss: 0.5675, val_acc:0.79619, val_f1:0.84371:  28%|██▊       | 51/184 [00:12<00:28,  4.69it/s]
# Epoch: 51, train_loss: 0.5700, train_acc:0.78872, val_loss: 0.5675, val_acc:0.79619, val_f1:0.84371:  28%|██▊       | 52/184 [00:12<00:28,  4.69it/s]
# Epoch: 52, train_loss: 0.5624, train_acc:0.79415, val_loss: 0.5576, val_acc:0.79662, val_f1:0.84408:  28%|██▊       | 52/184 [00:12<00:28,  4.69it/s]
# Epoch: 52, train_loss: 0.5624, train_acc:0.79415, val_loss: 0.5576, val_acc:0.79662, val_f1:0.84408:  29%|██▉       | 53/184 [00:12<00:27,  4.70it/s]
# Epoch: 53, train_loss: 0.5552, train_acc:0.79717, val_loss: 0.5475, val_acc:0.79662, val_f1:0.84408:  29%|██▉       | 53/184 [00:12<00:27,  4.70it/s]
# Epoch: 53, train_loss: 0.5552, train_acc:0.79717, val_loss: 0.5475, val_acc:0.79662, val_f1:0.84408:  29%|██▉       | 54/184 [00:12<00:27,  4.71it/s]
# Epoch: 54, train_loss: 0.5476, train_acc:0.80128, val_loss: 0.5373, val_acc:0.79662, val_f1:0.84408:  29%|██▉       | 54/184 [00:13<00:27,  4.71it/s]
# Epoch: 54, train_loss: 0.5476, train_acc:0.80128, val_loss: 0.5373, val_acc:0.79662, val_f1:0.84408:  30%|██▉       | 55/184 [00:13<00:27,  4.69it/s]
# Epoch: 55, train_loss: 0.5404, train_acc:0.8008, val_loss: 0.5278, val_acc:0.79662, val_f1:0.84408:  30%|██▉       | 55/184 [00:13<00:27,  4.69it/s] 
# Epoch: 55, train_loss: 0.5404, train_acc:0.8008, val_loss: 0.5278, val_acc:0.79662, val_f1:0.84408:  30%|███       | 56/184 [00:13<00:27,  4.69it/s]
# Epoch: 56, train_loss: 0.5324, train_acc:0.80635, val_loss: 0.5193, val_acc:0.79662, val_f1:0.84408:  30%|███       | 56/184 [00:13<00:27,  4.69it/s]
# Epoch: 56, train_loss: 0.5324, train_acc:0.80635, val_loss: 0.5193, val_acc:0.79662, val_f1:0.84408:  31%|███       | 57/184 [00:13<00:26,  4.71it/s]
# Epoch: 57, train_loss: 0.5262, train_acc:0.80889, val_loss: 0.5120, val_acc:0.79662, val_f1:0.84408:  31%|███       | 57/184 [00:13<00:26,  4.71it/s]
# Epoch: 57, train_loss: 0.5262, train_acc:0.80889, val_loss: 0.5120, val_acc:0.79662, val_f1:0.84408:  32%|███▏      | 58/184 [00:13<00:26,  4.72it/s]
# Epoch: 58, train_loss: 0.5187, train_acc:0.8072, val_loss: 0.5056, val_acc:0.79662, val_f1:0.84408:  32%|███▏      | 58/184 [00:13<00:26,  4.72it/s] 
# Epoch: 58, train_loss: 0.5187, train_acc:0.8072, val_loss: 0.5056, val_acc:0.79662, val_f1:0.84408:  32%|███▏      | 59/184 [00:13<00:26,  4.71it/s]
# Epoch: 59, train_loss: 0.5129, train_acc:0.80877, val_loss: 0.4999, val_acc:0.79662, val_f1:0.84408:  32%|███▏      | 59/184 [00:14<00:26,  4.71it/s]
# Epoch: 59, train_loss: 0.5129, train_acc:0.80877, val_loss: 0.4999, val_acc:0.79662, val_f1:0.84408:  33%|███▎      | 60/184 [00:14<00:26,  4.72it/s]
# Epoch: 60, train_loss: 0.5075, train_acc:0.80841, val_loss: 0.4948, val_acc:0.79662, val_f1:0.84408:  33%|███▎      | 60/184 [00:14<00:26,  4.72it/s]
# Epoch: 60, train_loss: 0.5075, train_acc:0.80841, val_loss: 0.4948, val_acc:0.79662, val_f1:0.84408:  33%|███▎      | 61/184 [00:14<00:26,  4.70it/s]
# Epoch: 61, train_loss: 0.5012, train_acc:0.80998, val_loss: 0.4900, val_acc:0.79662, val_f1:0.84408:  33%|███▎      | 61/184 [00:14<00:26,  4.70it/s]
# Epoch: 61, train_loss: 0.5012, train_acc:0.80998, val_loss: 0.4900, val_acc:0.79662, val_f1:0.84408:  34%|███▎      | 62/184 [00:14<00:25,  4.71it/s]
# Epoch: 62, train_loss: 0.4961, train_acc:0.8101, val_loss: 0.4858, val_acc:0.79662, val_f1:0.84408:  34%|███▎      | 62/184 [00:14<00:25,  4.71it/s] 
# Epoch: 62, train_loss: 0.4961, train_acc:0.8101, val_loss: 0.4858, val_acc:0.79662, val_f1:0.84408:  34%|███▍      | 63/184 [00:14<00:25,  4.71it/s]
# Epoch: 63, train_loss: 0.4910, train_acc:0.80998, val_loss: 0.4819, val_acc:0.79662, val_f1:0.84408:  34%|███▍      | 63/184 [00:15<00:25,  4.71it/s]
# Epoch: 63, train_loss: 0.4910, train_acc:0.80998, val_loss: 0.4819, val_acc:0.79662, val_f1:0.84408:  35%|███▍      | 64/184 [00:15<00:25,  4.70it/s]
# Epoch: 64, train_loss: 0.4860, train_acc:0.80962, val_loss: 0.4786, val_acc:0.79662, val_f1:0.84408:  35%|███▍      | 64/184 [00:15<00:25,  4.70it/s]
# Epoch: 64, train_loss: 0.4860, train_acc:0.80962, val_loss: 0.4786, val_acc:0.79662, val_f1:0.84408:  35%|███▌      | 65/184 [00:15<00:25,  4.72it/s]
# Epoch: 65, train_loss: 0.4821, train_acc:0.80974, val_loss: 0.4756, val_acc:0.79662, val_f1:0.84408:  35%|███▌      | 65/184 [00:15<00:25,  4.72it/s]
# Epoch: 65, train_loss: 0.4821, train_acc:0.80974, val_loss: 0.4756, val_acc:0.79662, val_f1:0.84408:  36%|███▌      | 66/184 [00:15<00:24,  4.73it/s]
# Epoch: 66, train_loss: 0.4777, train_acc:0.81022, val_loss: 0.4725, val_acc:0.79662, val_f1:0.84408:  36%|███▌      | 66/184 [00:15<00:24,  4.73it/s]
# Epoch: 66, train_loss: 0.4777, train_acc:0.81022, val_loss: 0.4725, val_acc:0.79662, val_f1:0.84408:  36%|███▋      | 67/184 [00:15<00:24,  4.73it/s]
# Epoch: 67, train_loss: 0.4732, train_acc:0.80998, val_loss: 0.4691, val_acc:0.79662, val_f1:0.84398:  36%|███▋      | 67/184 [00:15<00:24,  4.73it/s]
# Epoch: 67, train_loss: 0.4732, train_acc:0.80998, val_loss: 0.4691, val_acc:0.79662, val_f1:0.84398:  37%|███▋      | 68/184 [00:15<00:24,  4.71it/s]
# Epoch: 68, train_loss: 0.4686, train_acc:0.81058, val_loss: 0.4656, val_acc:0.79704, val_f1:0.84416:  37%|███▋      | 68/184 [00:16<00:24,  4.71it/s]
# Epoch: 68, train_loss: 0.4686, train_acc:0.81058, val_loss: 0.4656, val_acc:0.79704, val_f1:0.84416:  38%|███▊      | 69/184 [00:16<00:24,  4.71it/s]
# Epoch: 69, train_loss: 0.4651, train_acc:0.81143, val_loss: 0.4622, val_acc:0.79958, val_f1:0.8457:  38%|███▊      | 69/184 [00:16<00:24,  4.71it/s] 
# Epoch: 69, train_loss: 0.4651, train_acc:0.81143, val_loss: 0.4622, val_acc:0.79958, val_f1:0.8457:  38%|███▊      | 70/184 [00:16<00:24,  4.72it/s]
# Epoch: 70, train_loss: 0.4606, train_acc:0.81227, val_loss: 0.4587, val_acc:0.80127, val_f1:0.84651:  38%|███▊      | 70/184 [00:16<00:24,  4.72it/s]
# Epoch: 70, train_loss: 0.4606, train_acc:0.81227, val_loss: 0.4587, val_acc:0.80127, val_f1:0.84651:  39%|███▊      | 71/184 [00:16<00:24,  4.70it/s]
# Epoch: 71, train_loss: 0.4571, train_acc:0.8136, val_loss: 0.4551, val_acc:0.80592, val_f1:0.84946:  39%|███▊      | 71/184 [00:16<00:24,  4.70it/s] 
# Epoch: 71, train_loss: 0.4571, train_acc:0.8136, val_loss: 0.4551, val_acc:0.80592, val_f1:0.84946:  39%|███▉      | 72/184 [00:16<00:23,  4.70it/s]
# Epoch: 72, train_loss: 0.4526, train_acc:0.81662, val_loss: 0.4514, val_acc:0.81311, val_f1:0.85374:  39%|███▉      | 72/184 [00:16<00:23,  4.70it/s]
# Epoch: 72, train_loss: 0.4526, train_acc:0.81662, val_loss: 0.4514, val_acc:0.81311, val_f1:0.85374:  40%|███▉      | 73/184 [00:16<00:23,  4.71it/s]
# Epoch: 73, train_loss: 0.4483, train_acc:0.81976, val_loss: 0.4478, val_acc:0.82114, val_f1:0.85867:  40%|███▉      | 73/184 [00:17<00:23,  4.71it/s]
# Epoch: 73, train_loss: 0.4483, train_acc:0.81976, val_loss: 0.4478, val_acc:0.82114, val_f1:0.85867:  40%|████      | 74/184 [00:17<00:23,  4.72it/s]
# Epoch: 74, train_loss: 0.4444, train_acc:0.82158, val_loss: 0.4437, val_acc:0.82833, val_f1:0.86321:  40%|████      | 74/184 [00:17<00:23,  4.72it/s]
# Epoch: 74, train_loss: 0.4444, train_acc:0.82158, val_loss: 0.4437, val_acc:0.82833, val_f1:0.86321:  41%|████      | 75/184 [00:17<00:23,  4.70it/s]
# Epoch: 75, train_loss: 0.4394, train_acc:0.82822, val_loss: 0.4396, val_acc:0.83298, val_f1:0.86569:  41%|████      | 75/184 [00:17<00:23,  4.70it/s]
# Epoch: 75, train_loss: 0.4394, train_acc:0.82822, val_loss: 0.4396, val_acc:0.83298, val_f1:0.86569:  41%|████▏     | 76/184 [00:17<00:25,  4.18it/s]
# Epoch: 76, train_loss: 0.4354, train_acc:0.83329, val_loss: 0.4352, val_acc:0.83763, val_f1:0.86858:  41%|████▏     | 76/184 [00:17<00:25,  4.18it/s]
# Epoch: 76, train_loss: 0.4354, train_acc:0.83329, val_loss: 0.4352, val_acc:0.83763, val_f1:0.86858:  42%|████▏     | 77/184 [00:17<00:24,  4.33it/s]
# Epoch: 77, train_loss: 0.4307, train_acc:0.83583, val_loss: 0.4311, val_acc:0.84101, val_f1:0.87034:  42%|████▏     | 77/184 [00:18<00:24,  4.33it/s]
# Epoch: 77, train_loss: 0.4307, train_acc:0.83583, val_loss: 0.4311, val_acc:0.84101, val_f1:0.87034:  42%|████▏     | 78/184 [00:18<00:23,  4.44it/s]
# Epoch: 78, train_loss: 0.4249, train_acc:0.84223, val_loss: 0.4272, val_acc:0.84524, val_f1:0.87309:  42%|████▏     | 78/184 [00:18<00:23,  4.44it/s]
# Epoch: 78, train_loss: 0.4249, train_acc:0.84223, val_loss: 0.4272, val_acc:0.84524, val_f1:0.87309:  43%|████▎     | 79/184 [00:18<00:23,  4.53it/s]
# Epoch: 79, train_loss: 0.4215, train_acc:0.84332, val_loss: 0.4228, val_acc:0.84651, val_f1:0.87356:  43%|████▎     | 79/184 [00:18<00:23,  4.53it/s]
# Epoch: 79, train_loss: 0.4215, train_acc:0.84332, val_loss: 0.4228, val_acc:0.84651, val_f1:0.87356:  43%|████▎     | 80/184 [00:18<00:22,  4.56it/s]
# Epoch: 80, train_loss: 0.4172, train_acc:0.84356, val_loss: 0.4178, val_acc:0.84736, val_f1:0.87426:  43%|████▎     | 80/184 [00:18<00:22,  4.56it/s]
# Epoch: 80, train_loss: 0.4172, train_acc:0.84356, val_loss: 0.4178, val_acc:0.84736, val_f1:0.87426:  44%|████▍     | 81/184 [00:18<00:22,  4.60it/s]
# Epoch: 81, train_loss: 0.4138, train_acc:0.84561, val_loss: 0.4133, val_acc:0.84778, val_f1:0.87456:  44%|████▍     | 81/184 [00:18<00:22,  4.60it/s]
# Epoch: 81, train_loss: 0.4138, train_acc:0.84561, val_loss: 0.4133, val_acc:0.84778, val_f1:0.87456:  45%|████▍     | 82/184 [00:18<00:21,  4.65it/s]
# Epoch: 82, train_loss: 0.4103, train_acc:0.84731, val_loss: 0.4098, val_acc:0.84947, val_f1:0.8757:  45%|████▍     | 82/184 [00:19<00:21,  4.65it/s] 
# Epoch: 82, train_loss: 0.4103, train_acc:0.84731, val_loss: 0.4098, val_acc:0.84947, val_f1:0.8757:  45%|████▌     | 83/184 [00:19<00:21,  4.67it/s]
# Epoch: 83, train_loss: 0.4060, train_acc:0.85021, val_loss: 0.4072, val_acc:0.8482, val_f1:0.87408:  45%|████▌     | 83/184 [00:19<00:21,  4.67it/s]
# Epoch: 83, train_loss: 0.4060, train_acc:0.85021, val_loss: 0.4072, val_acc:0.8482, val_f1:0.87408:  46%|████▌     | 84/184 [00:19<00:20,  4.77it/s]
# Epoch: 84, train_loss: 0.4016, train_acc:0.85129, val_loss: 0.4056, val_acc:0.84905, val_f1:0.87434:  46%|████▌     | 84/184 [00:19<00:20,  4.77it/s]
# Epoch: 84, train_loss: 0.4016, train_acc:0.85129, val_loss: 0.4056, val_acc:0.84905, val_f1:0.87434:  46%|████▌     | 85/184 [00:19<00:20,  4.85it/s]
# Epoch: 85, train_loss: 0.3994, train_acc:0.85093, val_loss: 0.4029, val_acc:0.84905, val_f1:0.87425:  46%|████▌     | 85/184 [00:19<00:20,  4.85it/s]
# Epoch: 85, train_loss: 0.3994, train_acc:0.85093, val_loss: 0.4029, val_acc:0.84905, val_f1:0.87425:  47%|████▋     | 86/184 [00:19<00:19,  4.90it/s]
# Epoch: 86, train_loss: 0.3959, train_acc:0.85057, val_loss: 0.3990, val_acc:0.84905, val_f1:0.87434:  47%|████▋     | 86/184 [00:19<00:19,  4.90it/s]
# Epoch: 86, train_loss: 0.3959, train_acc:0.85057, val_loss: 0.3990, val_acc:0.84905, val_f1:0.87434:  47%|████▋     | 87/184 [00:19<00:19,  4.91it/s]
# Epoch: 87, train_loss: 0.3912, train_acc:0.8525, val_loss: 0.3940, val_acc:0.85032, val_f1:0.87605:  47%|████▋     | 87/184 [00:20<00:19,  4.91it/s] 
# Epoch: 87, train_loss: 0.3912, train_acc:0.8525, val_loss: 0.3940, val_acc:0.85032, val_f1:0.87605:  48%|████▊     | 88/184 [00:20<00:19,  4.82it/s]
# Epoch: 88, train_loss: 0.3888, train_acc:0.85335, val_loss: 0.3898, val_acc:0.85159, val_f1:0.87732:  48%|████▊     | 88/184 [00:20<00:19,  4.82it/s]
# Epoch: 88, train_loss: 0.3888, train_acc:0.85335, val_loss: 0.3898, val_acc:0.85159, val_f1:0.87732:  48%|████▊     | 89/184 [00:20<00:19,  4.79it/s]
# Epoch: 89, train_loss: 0.3861, train_acc:0.85178, val_loss: 0.3869, val_acc:0.8537, val_f1:0.87894:  48%|████▊     | 89/184 [00:20<00:19,  4.79it/s] 
# Epoch: 89, train_loss: 0.3861, train_acc:0.85178, val_loss: 0.3869, val_acc:0.8537, val_f1:0.87894:  49%|████▉     | 90/184 [00:20<00:19,  4.77it/s]
# Epoch: 90, train_loss: 0.3831, train_acc:0.85335, val_loss: 0.3848, val_acc:0.85328, val_f1:0.87837:  49%|████▉     | 90/184 [00:20<00:19,  4.77it/s]
# Epoch: 90, train_loss: 0.3831, train_acc:0.85335, val_loss: 0.3848, val_acc:0.85328, val_f1:0.87837:  49%|████▉     | 91/184 [00:20<00:19,  4.84it/s]
# Epoch: 91, train_loss: 0.3811, train_acc:0.85576, val_loss: 0.3822, val_acc:0.8537, val_f1:0.8786:  49%|████▉     | 91/184 [00:21<00:19,  4.84it/s]  
# Epoch: 91, train_loss: 0.3811, train_acc:0.85576, val_loss: 0.3822, val_acc:0.8537, val_f1:0.8786:  50%|█████     | 92/184 [00:21<00:19,  4.81it/s]
# Epoch: 92, train_loss: 0.3769, train_acc:0.85576, val_loss: 0.3784, val_acc:0.8537, val_f1:0.8786:  50%|█████     | 92/184 [00:21<00:19,  4.81it/s]
# Epoch: 92, train_loss: 0.3769, train_acc:0.85576, val_loss: 0.3784, val_acc:0.8537, val_f1:0.8786:  51%|█████     | 93/184 [00:21<00:19,  4.78it/s]
# Epoch: 93, train_loss: 0.3759, train_acc:0.85383, val_loss: 0.3742, val_acc:0.8537, val_f1:0.87894:  51%|█████     | 93/184 [00:21<00:19,  4.78it/s]
# Epoch: 93, train_loss: 0.3759, train_acc:0.85383, val_loss: 0.3742, val_acc:0.8537, val_f1:0.87894:  51%|█████     | 94/184 [00:21<00:18,  4.77it/s]
# Epoch: 94, train_loss: 0.3716, train_acc:0.85528, val_loss: 0.3706, val_acc:0.85201, val_f1:0.87771:  51%|█████     | 94/184 [00:21<00:18,  4.77it/s]
# Epoch: 94, train_loss: 0.3716, train_acc:0.85528, val_loss: 0.3706, val_acc:0.85201, val_f1:0.87771:  52%|█████▏    | 95/184 [00:21<00:18,  4.85it/s]
# Epoch: 95, train_loss: 0.3681, train_acc:0.85685, val_loss: 0.3681, val_acc:0.85497, val_f1:0.87986:  52%|█████▏    | 95/184 [00:21<00:18,  4.85it/s]
# Epoch: 95, train_loss: 0.3681, train_acc:0.85685, val_loss: 0.3681, val_acc:0.85497, val_f1:0.87986:  52%|█████▏    | 96/184 [00:21<00:18,  4.80it/s]
# Epoch: 96, train_loss: 0.3650, train_acc:0.85721, val_loss: 0.3662, val_acc:0.85751, val_f1:0.88146:  52%|█████▏    | 96/184 [00:22<00:18,  4.80it/s]
# Epoch: 96, train_loss: 0.3650, train_acc:0.85721, val_loss: 0.3662, val_acc:0.85751, val_f1:0.88146:  53%|█████▎    | 97/184 [00:22<00:18,  4.77it/s]
# Epoch: 97, train_loss: 0.3648, train_acc:0.85528, val_loss: 0.3628, val_acc:0.85708, val_f1:0.88124:  53%|█████▎    | 97/184 [00:22<00:18,  4.77it/s]
# Epoch: 97, train_loss: 0.3648, train_acc:0.85528, val_loss: 0.3628, val_acc:0.85708, val_f1:0.88124:  53%|█████▎    | 98/184 [00:22<00:17,  4.84it/s]
# Epoch: 98, train_loss: 0.3604, train_acc:0.85842, val_loss: 0.3600, val_acc:0.85835, val_f1:0.882:  53%|█████▎    | 98/184 [00:22<00:17,  4.84it/s]  
# Epoch: 98, train_loss: 0.3604, train_acc:0.85842, val_loss: 0.3600, val_acc:0.85835, val_f1:0.882:  54%|█████▍    | 99/184 [00:22<00:17,  4.82it/s]
# Epoch: 99, train_loss: 0.3585, train_acc:0.85709, val_loss: 0.3565, val_acc:0.85835, val_f1:0.88225:  54%|█████▍    | 99/184 [00:22<00:17,  4.82it/s]
# Epoch: 99, train_loss: 0.3585, train_acc:0.85709, val_loss: 0.3565, val_acc:0.85835, val_f1:0.88225:  54%|█████▍    | 100/184 [00:22<00:17,  4.77it/s]
# Epoch: 100, train_loss: 0.3560, train_acc:0.85782, val_loss: 0.3536, val_acc:0.85793, val_f1:0.88202:  54%|█████▍    | 100/184 [00:22<00:17,  4.77it/s]
# Epoch: 100, train_loss: 0.3560, train_acc:0.85782, val_loss: 0.3536, val_acc:0.85793, val_f1:0.88202:  55%|█████▍    | 101/184 [00:22<00:17,  4.84it/s]
# Epoch: 101, train_loss: 0.3521, train_acc:0.85951, val_loss: 0.3520, val_acc:0.85877, val_f1:0.88248:  55%|█████▍    | 101/184 [00:23<00:17,  4.84it/s]
# Epoch: 101, train_loss: 0.3521, train_acc:0.85951, val_loss: 0.3520, val_acc:0.85877, val_f1:0.88248:  55%|█████▌    | 102/184 [00:23<00:17,  4.80it/s]
# Epoch: 102, train_loss: 0.3502, train_acc:0.86216, val_loss: 0.3518, val_acc:0.86047, val_f1:0.88273:  55%|█████▌    | 102/184 [00:23<00:17,  4.80it/s]
# Epoch: 102, train_loss: 0.3502, train_acc:0.86216, val_loss: 0.3518, val_acc:0.86047, val_f1:0.88273:  56%|█████▌    | 103/184 [00:23<00:17,  4.76it/s]
# Epoch: 103, train_loss: 0.3483, train_acc:0.86144, val_loss: 0.3509, val_acc:0.86258, val_f1:0.88405:  56%|█████▌    | 103/184 [00:23<00:17,  4.76it/s]
# Epoch: 103, train_loss: 0.3483, train_acc:0.86144, val_loss: 0.3509, val_acc:0.86258, val_f1:0.88405:  57%|█████▋    | 104/184 [00:23<00:16,  4.75it/s]
# Epoch: 104, train_loss: 0.3459, train_acc:0.86313, val_loss: 0.3466, val_acc:0.86173, val_f1:0.88408:  57%|█████▋    | 104/184 [00:23<00:16,  4.75it/s]
# Epoch: 104, train_loss: 0.3459, train_acc:0.86313, val_loss: 0.3466, val_acc:0.86173, val_f1:0.88408:  57%|█████▋    | 105/184 [00:23<00:16,  4.82it/s]
# Epoch: 105, train_loss: 0.3435, train_acc:0.86192, val_loss: 0.3431, val_acc:0.85793, val_f1:0.88219:  57%|█████▋    | 105/184 [00:23<00:16,  4.82it/s]
# Epoch: 105, train_loss: 0.3435, train_acc:0.86192, val_loss: 0.3431, val_acc:0.85793, val_f1:0.88219:  58%|█████▊    | 106/184 [00:23<00:16,  4.87it/s]
# Epoch: 106, train_loss: 0.3439, train_acc:0.86132, val_loss: 0.3416, val_acc:0.85666, val_f1:0.88143:  58%|█████▊    | 106/184 [00:24<00:16,  4.87it/s]
# Epoch: 106, train_loss: 0.3439, train_acc:0.86132, val_loss: 0.3416, val_acc:0.85666, val_f1:0.88143:  58%|█████▊    | 107/184 [00:24<00:15,  4.85it/s]
# Epoch: 107, train_loss: 0.3423, train_acc:0.86072, val_loss: 0.3408, val_acc:0.86004, val_f1:0.88349:  58%|█████▊    | 107/184 [00:24<00:15,  4.85it/s]
# Epoch: 107, train_loss: 0.3423, train_acc:0.86072, val_loss: 0.3408, val_acc:0.86004, val_f1:0.88349:  59%|█████▊    | 108/184 [00:24<00:15,  4.91it/s]
# Epoch: 108, train_loss: 0.3387, train_acc:0.86289, val_loss: 0.3418, val_acc:0.86469, val_f1:0.88588:  59%|█████▊    | 108/184 [00:24<00:15,  4.91it/s]
# Epoch: 108, train_loss: 0.3387, train_acc:0.86289, val_loss: 0.3418, val_acc:0.86469, val_f1:0.88588:  59%|█████▉    | 109/184 [00:24<00:15,  4.83it/s]
# Epoch: 109, train_loss: 0.3374, train_acc:0.86241, val_loss: 0.3403, val_acc:0.86596, val_f1:0.88691:  59%|█████▉    | 109/184 [00:24<00:15,  4.83it/s]
# Epoch: 109, train_loss: 0.3374, train_acc:0.86241, val_loss: 0.3403, val_acc:0.86596, val_f1:0.88691:  60%|█████▉    | 110/184 [00:24<00:15,  4.79it/s]
# Epoch: 110, train_loss: 0.3363, train_acc:0.86398, val_loss: 0.3369, val_acc:0.86173, val_f1:0.88425:  60%|█████▉    | 110/184 [00:24<00:15,  4.79it/s]
# Epoch: 110, train_loss: 0.3363, train_acc:0.86398, val_loss: 0.3369, val_acc:0.86173, val_f1:0.88425:  60%|██████    | 111/184 [00:24<00:15,  4.84it/s]
# Epoch: 111, train_loss: 0.3332, train_acc:0.86422, val_loss: 0.3355, val_acc:0.85793, val_f1:0.88235:  60%|██████    | 111/184 [00:25<00:15,  4.84it/s]
# Epoch: 111, train_loss: 0.3332, train_acc:0.86422, val_loss: 0.3355, val_acc:0.85793, val_f1:0.88235:  61%|██████    | 112/184 [00:25<00:14,  4.89it/s]
# Epoch: 112, train_loss: 0.3328, train_acc:0.86458, val_loss: 0.3345, val_acc:0.85751, val_f1:0.88204:  61%|██████    | 112/184 [00:25<00:14,  4.89it/s]
# Epoch: 112, train_loss: 0.3328, train_acc:0.86458, val_loss: 0.3345, val_acc:0.85751, val_f1:0.88204:  61%|██████▏   | 113/184 [00:25<00:14,  4.92it/s]
# Epoch: 113, train_loss: 0.3305, train_acc:0.86398, val_loss: 0.3334, val_acc:0.863, val_f1:0.88527:  61%|██████▏   | 113/184 [00:25<00:14,  4.92it/s]  
# Epoch: 113, train_loss: 0.3305, train_acc:0.86398, val_loss: 0.3334, val_acc:0.863, val_f1:0.88527:  62%|██████▏   | 114/184 [00:25<00:14,  4.95it/s]
# Epoch: 114, train_loss: 0.3296, train_acc:0.86615, val_loss: 0.3333, val_acc:0.86385, val_f1:0.88516:  62%|██████▏   | 114/184 [00:25<00:14,  4.95it/s]
# Epoch: 114, train_loss: 0.3296, train_acc:0.86615, val_loss: 0.3333, val_acc:0.86385, val_f1:0.88516:  62%|██████▎   | 115/184 [00:25<00:13,  4.97it/s]
# Epoch: 115, train_loss: 0.3276, train_acc:0.867, val_loss: 0.3330, val_acc:0.86681, val_f1:0.88689:  62%|██████▎   | 115/184 [00:25<00:13,  4.97it/s]  
# Epoch: 115, train_loss: 0.3276, train_acc:0.867, val_loss: 0.3330, val_acc:0.86681, val_f1:0.88689:  63%|██████▎   | 116/184 [00:25<00:13,  4.88it/s]
# Epoch: 116, train_loss: 0.3269, train_acc:0.86748, val_loss: 0.3308, val_acc:0.86216, val_f1:0.8839:  63%|██████▎   | 116/184 [00:26<00:13,  4.88it/s]
# Epoch: 116, train_loss: 0.3269, train_acc:0.86748, val_loss: 0.3308, val_acc:0.86216, val_f1:0.8839:  64%|██████▎   | 117/184 [00:26<00:13,  4.81it/s]
# Epoch: 117, train_loss: 0.3265, train_acc:0.86591, val_loss: 0.3295, val_acc:0.86173, val_f1:0.88506:  64%|██████▎   | 117/184 [00:26<00:13,  4.81it/s]
# Epoch: 117, train_loss: 0.3265, train_acc:0.86591, val_loss: 0.3295, val_acc:0.86173, val_f1:0.88506:  64%|██████▍   | 118/184 [00:26<00:13,  4.87it/s]
# Epoch: 118, train_loss: 0.3252, train_acc:0.86688, val_loss: 0.3300, val_acc:0.85581, val_f1:0.88131:  64%|██████▍   | 118/184 [00:26<00:13,  4.87it/s]
# Epoch: 118, train_loss: 0.3252, train_acc:0.86688, val_loss: 0.3300, val_acc:0.85581, val_f1:0.88131:  65%|██████▍   | 119/184 [00:26<00:13,  4.92it/s]
# Epoch: 119, train_loss: 0.3244, train_acc:0.867, val_loss: 0.3279, val_acc:0.86173, val_f1:0.8849:  65%|██████▍   | 119/184 [00:26<00:13,  4.92it/s]   
# Epoch: 119, train_loss: 0.3244, train_acc:0.867, val_loss: 0.3279, val_acc:0.86173, val_f1:0.8849:  65%|██████▌   | 120/184 [00:26<00:12,  4.94it/s]
# Epoch: 120, train_loss: 0.3238, train_acc:0.86808, val_loss: 0.3280, val_acc:0.86596, val_f1:0.88626:  65%|██████▌   | 120/184 [00:26<00:12,  4.94it/s]
# Epoch: 120, train_loss: 0.3238, train_acc:0.86808, val_loss: 0.3280, val_acc:0.86596, val_f1:0.88626:  66%|██████▌   | 121/184 [00:26<00:12,  4.97it/s]
# Epoch: 121, train_loss: 0.3218, train_acc:0.8699, val_loss: 0.3284, val_acc:0.86808, val_f1:0.88753:  66%|██████▌   | 121/184 [00:27<00:12,  4.97it/s] 
# Epoch: 121, train_loss: 0.3218, train_acc:0.8699, val_loss: 0.3284, val_acc:0.86808, val_f1:0.88753:  66%|██████▋   | 122/184 [00:27<00:12,  4.88it/s]
# Epoch: 122, train_loss: 0.3209, train_acc:0.8705, val_loss: 0.3264, val_acc:0.86554, val_f1:0.88586:  66%|██████▋   | 122/184 [00:27<00:12,  4.88it/s]
# Epoch: 122, train_loss: 0.3209, train_acc:0.8705, val_loss: 0.3264, val_acc:0.86554, val_f1:0.88586:  67%|██████▋   | 123/184 [00:27<00:12,  4.92it/s]
# Epoch: 123, train_loss: 0.3209, train_acc:0.86712, val_loss: 0.3256, val_acc:0.86004, val_f1:0.88366:  67%|██████▋   | 123/184 [00:27<00:12,  4.92it/s]
# Epoch: 123, train_loss: 0.3209, train_acc:0.86712, val_loss: 0.3256, val_acc:0.86004, val_f1:0.88366:  67%|██████▋   | 124/184 [00:27<00:12,  4.96it/s]
# Epoch: 124, train_loss: 0.3204, train_acc:0.86845, val_loss: 0.3265, val_acc:0.8592, val_f1:0.88377:  67%|██████▋   | 124/184 [00:27<00:12,  4.96it/s] 
# Epoch: 124, train_loss: 0.3204, train_acc:0.86845, val_loss: 0.3265, val_acc:0.8592, val_f1:0.88377:  68%|██████▊   | 125/184 [00:27<00:11,  4.98it/s]
# Epoch: 125, train_loss: 0.3181, train_acc:0.86639, val_loss: 0.3247, val_acc:0.86004, val_f1:0.88357:  68%|██████▊   | 125/184 [00:28<00:11,  4.98it/s]
# Epoch: 125, train_loss: 0.3181, train_acc:0.86639, val_loss: 0.3247, val_acc:0.86004, val_f1:0.88357:  68%|██████▊   | 126/184 [00:28<00:11,  4.98it/s]
# Epoch: 126, train_loss: 0.3177, train_acc:0.86929, val_loss: 0.3240, val_acc:0.86554, val_f1:0.88627:  68%|██████▊   | 126/184 [00:28<00:11,  4.98it/s]
# Epoch: 126, train_loss: 0.3177, train_acc:0.86929, val_loss: 0.3240, val_acc:0.86554, val_f1:0.88627:  69%|██████▉   | 127/184 [00:28<00:11,  5.00it/s]
# Epoch: 127, train_loss: 0.3171, train_acc:0.86857, val_loss: 0.3239, val_acc:0.8685, val_f1:0.88809:  69%|██████▉   | 127/184 [00:28<00:11,  5.00it/s] 
# Epoch: 127, train_loss: 0.3171, train_acc:0.86857, val_loss: 0.3239, val_acc:0.8685, val_f1:0.88809:  70%|██████▉   | 128/184 [00:28<00:11,  4.90it/s]
# Epoch: 128, train_loss: 0.3161, train_acc:0.87122, val_loss: 0.3231, val_acc:0.86723, val_f1:0.88729:  70%|██████▉   | 128/184 [00:28<00:11,  4.90it/s]
# Epoch: 128, train_loss: 0.3161, train_acc:0.87122, val_loss: 0.3231, val_acc:0.86723, val_f1:0.88729:  70%|███████   | 129/184 [00:28<00:11,  4.94it/s]
# Epoch: 129, train_loss: 0.3154, train_acc:0.8711, val_loss: 0.3225, val_acc:0.8592, val_f1:0.88212:  70%|███████   | 129/184 [00:28<00:11,  4.94it/s]  
# Epoch: 129, train_loss: 0.3154, train_acc:0.8711, val_loss: 0.3225, val_acc:0.8592, val_f1:0.88212:  71%|███████   | 130/184 [00:28<00:10,  4.94it/s]
# Epoch: 130, train_loss: 0.3166, train_acc:0.86845, val_loss: 0.3233, val_acc:0.85877, val_f1:0.88281:  71%|███████   | 130/184 [00:29<00:10,  4.94it/s]
# Epoch: 130, train_loss: 0.3166, train_acc:0.86845, val_loss: 0.3233, val_acc:0.85877, val_f1:0.88281:  71%|███████   | 131/184 [00:29<00:10,  4.96it/s]
# Epoch: 131, train_loss: 0.3146, train_acc:0.87038, val_loss: 0.3226, val_acc:0.85793, val_f1:0.88194:  71%|███████   | 131/184 [00:29<00:10,  4.96it/s]
# Epoch: 131, train_loss: 0.3146, train_acc:0.87038, val_loss: 0.3226, val_acc:0.85793, val_f1:0.88194:  72%|███████▏  | 132/184 [00:29<00:10,  4.98it/s]
# Epoch: 132, train_loss: 0.3123, train_acc:0.87098, val_loss: 0.3213, val_acc:0.86216, val_f1:0.88382:  72%|███████▏  | 132/184 [00:29<00:10,  4.98it/s]
# Epoch: 132, train_loss: 0.3123, train_acc:0.87098, val_loss: 0.3213, val_acc:0.86216, val_f1:0.88382:  72%|███████▏  | 133/184 [00:29<00:10,  5.00it/s]
# Epoch: 133, train_loss: 0.3123, train_acc:0.87231, val_loss: 0.3211, val_acc:0.86765, val_f1:0.88753:  72%|███████▏  | 133/184 [00:29<00:10,  5.00it/s]
# Epoch: 133, train_loss: 0.3123, train_acc:0.87231, val_loss: 0.3211, val_acc:0.86765, val_f1:0.88753:  73%|███████▎  | 134/184 [00:29<00:09,  5.00it/s]
# Epoch: 134, train_loss: 0.3109, train_acc:0.87292, val_loss: 0.3208, val_acc:0.86765, val_f1:0.88729:  73%|███████▎  | 134/184 [00:29<00:09,  5.00it/s]
# Epoch: 134, train_loss: 0.3109, train_acc:0.87292, val_loss: 0.3208, val_acc:0.86765, val_f1:0.88729:  73%|███████▎  | 135/184 [00:29<00:09,  4.97it/s]
# Epoch: 135, train_loss: 0.3115, train_acc:0.87388, val_loss: 0.3200, val_acc:0.86554, val_f1:0.88627:  73%|███████▎  | 135/184 [00:30<00:09,  4.97it/s]
# Epoch: 135, train_loss: 0.3115, train_acc:0.87388, val_loss: 0.3200, val_acc:0.86554, val_f1:0.88627:  74%|███████▍  | 136/184 [00:30<00:09,  4.99it/s]
# Epoch: 136, train_loss: 0.3103, train_acc:0.87159, val_loss: 0.3202, val_acc:0.85877, val_f1:0.88173:  74%|███████▍  | 136/184 [00:30<00:09,  4.99it/s]
# Epoch: 136, train_loss: 0.3103, train_acc:0.87159, val_loss: 0.3202, val_acc:0.85877, val_f1:0.88173:  74%|███████▍  | 137/184 [00:30<00:09,  5.00it/s]
# Epoch: 137, train_loss: 0.3105, train_acc:0.87122, val_loss: 0.3201, val_acc:0.85793, val_f1:0.88119:  74%|███████▍  | 137/184 [00:30<00:09,  5.00it/s]
# Epoch: 137, train_loss: 0.3105, train_acc:0.87122, val_loss: 0.3201, val_acc:0.85793, val_f1:0.88119:  75%|███████▌  | 138/184 [00:30<00:09,  5.01it/s]
# Epoch: 138, train_loss: 0.3114, train_acc:0.87147, val_loss: 0.3195, val_acc:0.86216, val_f1:0.88415:  75%|███████▌  | 138/184 [00:30<00:09,  5.01it/s]
# Epoch: 138, train_loss: 0.3114, train_acc:0.87147, val_loss: 0.3195, val_acc:0.86216, val_f1:0.88415:  76%|███████▌  | 139/184 [00:30<00:09,  4.98it/s]
# Epoch: 139, train_loss: 0.3105, train_acc:0.87002, val_loss: 0.3193, val_acc:0.86681, val_f1:0.88722:  76%|███████▌  | 139/184 [00:30<00:09,  4.98it/s]
# Epoch: 139, train_loss: 0.3105, train_acc:0.87002, val_loss: 0.3193, val_acc:0.86681, val_f1:0.88722:  76%|███████▌  | 140/184 [00:30<00:08,  4.95it/s]
# Epoch: 140, train_loss: 0.3104, train_acc:0.8711, val_loss: 0.3194, val_acc:0.86681, val_f1:0.88698:  76%|███████▌  | 140/184 [00:31<00:08,  4.95it/s] 
# Epoch: 140, train_loss: 0.3104, train_acc:0.8711, val_loss: 0.3194, val_acc:0.86681, val_f1:0.88698:  77%|███████▋  | 141/184 [00:31<00:08,  4.96it/s]
# Epoch: 141, train_loss: 0.3109, train_acc:0.87207, val_loss: 0.3191, val_acc:0.86681, val_f1:0.88738:  77%|███████▋  | 141/184 [00:31<00:08,  4.96it/s]
# Epoch: 141, train_loss: 0.3109, train_acc:0.87207, val_loss: 0.3191, val_acc:0.86681, val_f1:0.88738:  77%|███████▋  | 142/184 [00:31<00:08,  4.98it/s]
# Epoch: 142, train_loss: 0.3089, train_acc:0.87267, val_loss: 0.3190, val_acc:0.863, val_f1:0.88478:  77%|███████▋  | 142/184 [00:31<00:08,  4.98it/s]  
# Epoch: 142, train_loss: 0.3089, train_acc:0.87267, val_loss: 0.3190, val_acc:0.863, val_f1:0.88478:  78%|███████▊  | 143/184 [00:31<00:08,  4.99it/s]
# Epoch: 143, train_loss: 0.3080, train_acc:0.87122, val_loss: 0.3190, val_acc:0.86089, val_f1:0.88321:  78%|███████▊  | 143/184 [00:31<00:08,  4.99it/s]
# Epoch: 143, train_loss: 0.3080, train_acc:0.87122, val_loss: 0.3190, val_acc:0.86089, val_f1:0.88321:  78%|███████▊  | 144/184 [00:31<00:07,  5.00it/s]
# Epoch: 144, train_loss: 0.3086, train_acc:0.87062, val_loss: 0.3187, val_acc:0.86173, val_f1:0.88384:  78%|███████▊  | 144/184 [00:31<00:07,  5.00it/s]
# Epoch: 144, train_loss: 0.3086, train_acc:0.87062, val_loss: 0.3187, val_acc:0.86173, val_f1:0.88384:  79%|███████▉  | 145/184 [00:31<00:07,  5.00it/s]
# Epoch: 145, train_loss: 0.3079, train_acc:0.8728, val_loss: 0.3184, val_acc:0.863, val_f1:0.8847:  79%|███████▉  | 145/184 [00:32<00:07,  5.00it/s]    
# Epoch: 145, train_loss: 0.3079, train_acc:0.8728, val_loss: 0.3184, val_acc:0.863, val_f1:0.8847:  79%|███████▉  | 146/184 [00:32<00:07,  5.01it/s]
# Epoch: 146, train_loss: 0.3079, train_acc:0.87122, val_loss: 0.3181, val_acc:0.86638, val_f1:0.88714:  79%|███████▉  | 146/184 [00:32<00:07,  5.01it/s]
# Epoch: 146, train_loss: 0.3079, train_acc:0.87122, val_loss: 0.3181, val_acc:0.86638, val_f1:0.88714:  80%|███████▉  | 147/184 [00:32<00:07,  5.02it/s]
# Epoch: 147, train_loss: 0.3072, train_acc:0.87135, val_loss: 0.3179, val_acc:0.86681, val_f1:0.88746:  80%|███████▉  | 147/184 [00:32<00:07,  5.02it/s]
# Epoch: 147, train_loss: 0.3072, train_acc:0.87135, val_loss: 0.3179, val_acc:0.86681, val_f1:0.88746:  80%|████████  | 148/184 [00:32<00:07,  5.03it/s]
# Epoch: 148, train_loss: 0.3073, train_acc:0.8734, val_loss: 0.3179, val_acc:0.863, val_f1:0.8847:  80%|████████  | 148/184 [00:32<00:07,  5.03it/s]    
# Epoch: 148, train_loss: 0.3073, train_acc:0.8734, val_loss: 0.3179, val_acc:0.863, val_f1:0.8847:  81%|████████  | 149/184 [00:32<00:06,  5.04it/s]
# Epoch: 149, train_loss: 0.3054, train_acc:0.87364, val_loss: 0.3178, val_acc:0.86342, val_f1:0.88501:  81%|████████  | 149/184 [00:32<00:06,  5.04it/s]
# Epoch: 149, train_loss: 0.3054, train_acc:0.87364, val_loss: 0.3178, val_acc:0.86342, val_f1:0.88501:  82%|████████▏ | 150/184 [00:32<00:06,  5.03it/s]
# Epoch: 150, train_loss: 0.3057, train_acc:0.8728, val_loss: 0.3175, val_acc:0.86554, val_f1:0.88659:  82%|████████▏ | 150/184 [00:33<00:06,  5.03it/s] 
# Epoch: 150, train_loss: 0.3057, train_acc:0.8728, val_loss: 0.3175, val_acc:0.86554, val_f1:0.88659:  82%|████████▏ | 151/184 [00:33<00:06,  5.03it/s]
# Epoch: 151, train_loss: 0.3072, train_acc:0.87159, val_loss: 0.3174, val_acc:0.86554, val_f1:0.88659:  82%|████████▏ | 151/184 [00:33<00:06,  5.03it/s]
# Epoch: 151, train_loss: 0.3072, train_acc:0.87159, val_loss: 0.3174, val_acc:0.86554, val_f1:0.88659:  83%|████████▎ | 152/184 [00:33<00:06,  5.02it/s]
# Epoch: 152, train_loss: 0.3060, train_acc:0.8763, val_loss: 0.3172, val_acc:0.86554, val_f1:0.88651:  83%|████████▎ | 152/184 [00:33<00:06,  5.02it/s] 
# Epoch: 152, train_loss: 0.3060, train_acc:0.8763, val_loss: 0.3172, val_acc:0.86554, val_f1:0.88651:  83%|████████▎ | 153/184 [00:33<00:06,  5.03it/s]
# Epoch: 153, train_loss: 0.3066, train_acc:0.87352, val_loss: 0.3170, val_acc:0.86554, val_f1:0.88643:  83%|████████▎ | 153/184 [00:33<00:06,  5.03it/s]
# Epoch: 153, train_loss: 0.3066, train_acc:0.87352, val_loss: 0.3170, val_acc:0.86554, val_f1:0.88643:  84%|████████▎ | 154/184 [00:33<00:05,  5.03it/s]
# Epoch: 154, train_loss: 0.3038, train_acc:0.87412, val_loss: 0.3169, val_acc:0.86681, val_f1:0.88689:  84%|████████▎ | 154/184 [00:33<00:05,  5.03it/s]
# Epoch: 154, train_loss: 0.3038, train_acc:0.87412, val_loss: 0.3169, val_acc:0.86681, val_f1:0.88689:  84%|████████▍ | 155/184 [00:33<00:05,  5.02it/s]
# Epoch: 155, train_loss: 0.3041, train_acc:0.87473, val_loss: 0.3168, val_acc:0.86765, val_f1:0.88745:  84%|████████▍ | 155/184 [00:34<00:05,  5.02it/s]
# Epoch: 155, train_loss: 0.3041, train_acc:0.87473, val_loss: 0.3168, val_acc:0.86765, val_f1:0.88745:  85%|████████▍ | 156/184 [00:34<00:05,  5.02it/s]
# Epoch: 156, train_loss: 0.3044, train_acc:0.87388, val_loss: 0.3166, val_acc:0.86681, val_f1:0.88681:  85%|████████▍ | 156/184 [00:34<00:05,  5.02it/s]
# Epoch: 156, train_loss: 0.3044, train_acc:0.87388, val_loss: 0.3166, val_acc:0.86681, val_f1:0.88681:  85%|████████▌ | 157/184 [00:34<00:05,  5.03it/s]
# Epoch: 157, train_loss: 0.3044, train_acc:0.87545, val_loss: 0.3164, val_acc:0.86512, val_f1:0.8857:  85%|████████▌ | 157/184 [00:34<00:05,  5.03it/s] 
# Epoch: 157, train_loss: 0.3044, train_acc:0.87545, val_loss: 0.3164, val_acc:0.86512, val_f1:0.8857:  86%|████████▌ | 158/184 [00:34<00:05,  5.03it/s]
# Epoch: 158, train_loss: 0.3044, train_acc:0.87388, val_loss: 0.3163, val_acc:0.86427, val_f1:0.88564:  86%|████████▌ | 158/184 [00:34<00:05,  5.03it/s]
# Epoch: 158, train_loss: 0.3044, train_acc:0.87388, val_loss: 0.3163, val_acc:0.86427, val_f1:0.88564:  86%|████████▋ | 159/184 [00:34<00:04,  5.03it/s]
# Epoch: 159, train_loss: 0.3041, train_acc:0.87376, val_loss: 0.3163, val_acc:0.86342, val_f1:0.88509:  86%|████████▋ | 159/184 [00:34<00:04,  5.03it/s]
# Epoch: 159, train_loss: 0.3041, train_acc:0.87376, val_loss: 0.3163, val_acc:0.86342, val_f1:0.88509:  87%|████████▋ | 160/184 [00:34<00:04,  5.03it/s]
# Epoch: 160, train_loss: 0.3046, train_acc:0.87352, val_loss: 0.3161, val_acc:0.86427, val_f1:0.88556:  87%|████████▋ | 160/184 [00:34<00:04,  5.03it/s]
# Epoch: 160, train_loss: 0.3046, train_acc:0.87352, val_loss: 0.3161, val_acc:0.86427, val_f1:0.88556:  88%|████████▊ | 161/184 [00:34<00:04,  5.03it/s]
# Epoch: 161, train_loss: 0.3040, train_acc:0.87545, val_loss: 0.3160, val_acc:0.86427, val_f1:0.88532:  88%|████████▊ | 161/184 [00:35<00:04,  5.03it/s]
# Epoch: 161, train_loss: 0.3040, train_acc:0.87545, val_loss: 0.3160, val_acc:0.86427, val_f1:0.88532:  88%|████████▊ | 162/184 [00:35<00:04,  5.04it/s]
# Epoch: 162, train_loss: 0.3031, train_acc:0.87557, val_loss: 0.3159, val_acc:0.86596, val_f1:0.88634:  88%|████████▊ | 162/184 [00:35<00:04,  5.04it/s]
# Epoch: 162, train_loss: 0.3031, train_acc:0.87557, val_loss: 0.3159, val_acc:0.86596, val_f1:0.88634:  89%|████████▊ | 163/184 [00:35<00:04,  5.03it/s]
# Epoch: 163, train_loss: 0.3026, train_acc:0.87545, val_loss: 0.3156, val_acc:0.86638, val_f1:0.88674:  89%|████████▊ | 163/184 [00:35<00:04,  5.03it/s]
# Epoch: 163, train_loss: 0.3026, train_acc:0.87545, val_loss: 0.3156, val_acc:0.86638, val_f1:0.88674:  89%|████████▉ | 164/184 [00:35<00:03,  5.03it/s]
# Epoch: 164, train_loss: 0.3031, train_acc:0.87461, val_loss: 0.3154, val_acc:0.86427, val_f1:0.88523:  89%|████████▉ | 164/184 [00:35<00:03,  5.03it/s]
# Epoch: 164, train_loss: 0.3031, train_acc:0.87461, val_loss: 0.3154, val_acc:0.86427, val_f1:0.88523:  90%|████████▉ | 165/184 [00:35<00:03,  5.03it/s]
# Epoch: 165, train_loss: 0.3026, train_acc:0.87654, val_loss: 0.3153, val_acc:0.86427, val_f1:0.8854:  90%|████████▉ | 165/184 [00:35<00:03,  5.03it/s] 
# Epoch: 165, train_loss: 0.3026, train_acc:0.87654, val_loss: 0.3153, val_acc:0.86427, val_f1:0.8854:  90%|█████████ | 166/184 [00:35<00:03,  5.03it/s]
# Epoch: 166, train_loss: 0.3020, train_acc:0.87376, val_loss: 0.3151, val_acc:0.86512, val_f1:0.88587:  90%|█████████ | 166/184 [00:36<00:03,  5.03it/s]
# Epoch: 166, train_loss: 0.3020, train_acc:0.87376, val_loss: 0.3151, val_acc:0.86512, val_f1:0.88587:  91%|█████████ | 167/184 [00:36<00:03,  5.03it/s]
# Epoch: 167, train_loss: 0.3027, train_acc:0.87376, val_loss: 0.3150, val_acc:0.86554, val_f1:0.88594:  91%|█████████ | 167/184 [00:36<00:03,  5.03it/s]
# Epoch: 167, train_loss: 0.3027, train_acc:0.87376, val_loss: 0.3150, val_acc:0.86554, val_f1:0.88594:  91%|█████████▏| 168/184 [00:36<00:03,  5.03it/s]
# Epoch: 168, train_loss: 0.3019, train_acc:0.87376, val_loss: 0.3149, val_acc:0.86596, val_f1:0.88642:  91%|█████████▏| 168/184 [00:36<00:03,  5.03it/s]
# Epoch: 168, train_loss: 0.3019, train_acc:0.87376, val_loss: 0.3149, val_acc:0.86596, val_f1:0.88642:  92%|█████████▏| 169/184 [00:36<00:02,  5.04it/s]
# Epoch: 169, train_loss: 0.3015, train_acc:0.87437, val_loss: 0.3150, val_acc:0.86723, val_f1:0.88721:  92%|█████████▏| 169/184 [00:36<00:02,  5.04it/s]
# Epoch: 169, train_loss: 0.3015, train_acc:0.87437, val_loss: 0.3150, val_acc:0.86723, val_f1:0.88721:  92%|█████████▏| 170/184 [00:36<00:02,  5.04it/s]
# Epoch: 170, train_loss: 0.3011, train_acc:0.87485, val_loss: 0.3150, val_acc:0.86681, val_f1:0.88689:  92%|█████████▏| 170/184 [00:36<00:02,  5.04it/s]
# Epoch: 170, train_loss: 0.3011, train_acc:0.87485, val_loss: 0.3150, val_acc:0.86681, val_f1:0.88689:  93%|█████████▎| 171/184 [00:36<00:02,  5.04it/s]
# Epoch: 171, train_loss: 0.3006, train_acc:0.87509, val_loss: 0.3151, val_acc:0.86681, val_f1:0.88689:  93%|█████████▎| 171/184 [00:37<00:02,  5.04it/s]
# Epoch: 171, train_loss: 0.3006, train_acc:0.87509, val_loss: 0.3151, val_acc:0.86681, val_f1:0.88689:  93%|█████████▎| 172/184 [00:37<00:02,  5.03it/s]
# Epoch: 172, train_loss: 0.3011, train_acc:0.87437, val_loss: 0.3150, val_acc:0.86681, val_f1:0.88689:  93%|█████████▎| 172/184 [00:37<00:02,  5.03it/s]
# Epoch: 172, train_loss: 0.3011, train_acc:0.87437, val_loss: 0.3150, val_acc:0.86681, val_f1:0.88689:  94%|█████████▍| 173/184 [00:37<00:02,  5.02it/s]
# Epoch: 173, train_loss: 0.3011, train_acc:0.8734, val_loss: 0.3149, val_acc:0.86512, val_f1:0.88611:  94%|█████████▍| 173/184 [00:37<00:02,  5.02it/s] 
# Epoch: 173, train_loss: 0.3011, train_acc:0.8734, val_loss: 0.3149, val_acc:0.86512, val_f1:0.88611:  95%|█████████▍| 174/184 [00:37<00:01,  5.02it/s]
# Epoch: 174, train_loss: 0.3009, train_acc:0.87739, val_loss: 0.3148, val_acc:0.86427, val_f1:0.88548:  95%|█████████▍| 174/184 [00:37<00:01,  5.02it/s]
# Epoch: 174, train_loss: 0.3009, train_acc:0.87739, val_loss: 0.3148, val_acc:0.86427, val_f1:0.88548:  95%|█████████▌| 175/184 [00:37<00:01,  5.02it/s]
# Epoch: 175, train_loss: 0.2998, train_acc:0.87424, val_loss: 0.3146, val_acc:0.86554, val_f1:0.88618:  95%|█████████▌| 175/184 [00:37<00:01,  5.02it/s]
# Epoch: 175, train_loss: 0.2998, train_acc:0.87424, val_loss: 0.3146, val_acc:0.86554, val_f1:0.88618:  96%|█████████▌| 176/184 [00:37<00:01,  5.03it/s]
# Epoch: 176, train_loss: 0.3003, train_acc:0.87316, val_loss: 0.3145, val_acc:0.86765, val_f1:0.88704:  96%|█████████▌| 176/184 [00:38<00:01,  5.03it/s]
# Epoch: 176, train_loss: 0.3003, train_acc:0.87316, val_loss: 0.3145, val_acc:0.86765, val_f1:0.88704:  96%|█████████▌| 177/184 [00:38<00:01,  5.03it/s]
# Epoch: 177, train_loss: 0.2995, train_acc:0.87582, val_loss: 0.3144, val_acc:0.86808, val_f1:0.88736:  96%|█████████▌| 177/184 [00:38<00:01,  5.03it/s]
# Epoch: 177, train_loss: 0.2995, train_acc:0.87582, val_loss: 0.3144, val_acc:0.86808, val_f1:0.88736:  97%|█████████▋| 178/184 [00:38<00:01,  5.03it/s]
# Epoch: 178, train_loss: 0.3013, train_acc:0.87424, val_loss: 0.3141, val_acc:0.86723, val_f1:0.88713:  97%|█████████▋| 178/184 [00:38<00:01,  5.03it/s]
# Epoch: 178, train_loss: 0.3013, train_acc:0.87424, val_loss: 0.3141, val_acc:0.86723, val_f1:0.88713:  97%|█████████▋| 179/184 [00:38<00:00,  5.03it/s]
# Epoch: 179, train_loss: 0.2985, train_acc:0.87545, val_loss: 0.3140, val_acc:0.86427, val_f1:0.88523:  97%|█████████▋| 179/184 [00:38<00:00,  5.03it/s]
# Epoch: 179, train_loss: 0.2985, train_acc:0.87545, val_loss: 0.3140, val_acc:0.86427, val_f1:0.88523:  98%|█████████▊| 180/184 [00:38<00:00,  5.03it/s]
# Epoch: 180, train_loss: 0.3004, train_acc:0.87388, val_loss: 0.3140, val_acc:0.86342, val_f1:0.88468:  98%|█████████▊| 180/184 [00:38<00:00,  5.03it/s]
# Epoch: 180, train_loss: 0.3004, train_acc:0.87388, val_loss: 0.3140, val_acc:0.86342, val_f1:0.88468:  98%|█████████▊| 181/184 [00:38<00:00,  5.03it/s]
# Epoch: 181, train_loss: 0.2994, train_acc:0.87666, val_loss: 0.3139, val_acc:0.86469, val_f1:0.8853:  98%|█████████▊| 181/184 [00:39<00:00,  5.03it/s] 
# Epoch: 181, train_loss: 0.2994, train_acc:0.87666, val_loss: 0.3139, val_acc:0.86469, val_f1:0.8853:  99%|█████████▉| 182/184 [00:39<00:00,  5.04it/s]
# Epoch: 182, train_loss: 0.3002, train_acc:0.87533, val_loss: 0.3140, val_acc:0.86681, val_f1:0.88673:  99%|█████████▉| 182/184 [00:39<00:00,  5.04it/s]
# Epoch: 182, train_loss: 0.3002, train_acc:0.87533, val_loss: 0.3140, val_acc:0.86681, val_f1:0.88673:  99%|█████████▉| 183/184 [00:39<00:00,  5.04it/s]
# Epoch: 183, train_loss: 0.2984, train_acc:0.87424, val_loss: 0.3143, val_acc:0.86554, val_f1:0.88495:  99%|█████████▉| 183/184 [00:39<00:00,  5.04it/s]
# Epoch: 183, train_loss: 0.2984, train_acc:0.87424, val_loss: 0.3143, val_acc:0.86554, val_f1:0.88495: 100%|██████████| 184/184 [00:39<00:00,  5.04it/s]
# Epoch: 183, train_loss: 0.2984, train_acc:0.87424, val_loss: 0.3143, val_acc:0.86554, val_f1:0.88495: 100%|██████████| 184/184 [00:39<00:00,  4.65it/s]
--- Final-epoch-TestAcc: 0.8800, best-val-epoch-TestAcc: 0.8707, best-val-epoch: 127.
final_accuracy: 0.8805±0.0004
early-stopping_accuracy: 0.8749±0.0032
final_precision: 0.8528±0.0015
early-stopping_precision: 0.8482±0.0061
final_recall: 0.9417±0.0015
early-stopping_recall: 0.9365±0.0039
final_f1: 0.8951±0.0002
early-stopping_f1: 0.8901±0.0023
