------ Use best configs ------
####### Run 0 #######
  0%|          | 0/100 [00:00<?, ?it/s]

# Epoch 0: train_loss: 1.0097211599:   0%|          | 0/100 [00:02<?, ?it/s]
# Epoch 0: train_loss: 1.0097211599:   1%|          | 1/100 [00:02<03:23,  2.05s/it]

# Epoch 1: train_loss: 0.9676577449:   1%|          | 1/100 [00:03<03:23,  2.05s/it]
# Epoch 1: train_loss: 0.9676577449:   2%|▏         | 2/100 [00:03<02:34,  1.58s/it]

# Epoch 2: train_loss: 0.9386820197:   2%|▏         | 2/100 [00:04<02:34,  1.58s/it]
# Epoch 2: train_loss: 0.9386820197:   3%|▎         | 3/100 [00:04<02:18,  1.43s/it]

# Epoch 3: train_loss: 0.9166229367:   3%|▎         | 3/100 [00:05<02:18,  1.43s/it]
# Epoch 3: train_loss: 0.9166229367:   4%|▍         | 4/100 [00:05<02:10,  1.36s/it]

# Epoch 4: train_loss: 0.9017219543:   4%|▍         | 4/100 [00:07<02:10,  1.36s/it]
# Epoch 4: train_loss: 0.9017219543:   5%|▌         | 5/100 [00:07<02:05,  1.32s/it]

# Epoch 5: train_loss: 0.8840132952:   5%|▌         | 5/100 [00:08<02:05,  1.32s/it]
# Epoch 5: train_loss: 0.8840132952:   6%|▌         | 6/100 [00:08<02:01,  1.30s/it]

# Epoch 6: train_loss: 0.8670055866:   6%|▌         | 6/100 [00:09<02:01,  1.30s/it]
# Epoch 6: train_loss: 0.8670055866:   7%|▋         | 7/100 [00:09<01:59,  1.28s/it]

# Epoch 7: train_loss: 0.8479687572:   7%|▋         | 7/100 [00:10<01:59,  1.28s/it]
# Epoch 7: train_loss: 0.8479687572:   8%|▊         | 8/100 [00:10<01:57,  1.28s/it]

# Epoch 8: train_loss: 0.8300183415:   8%|▊         | 8/100 [00:12<01:57,  1.28s/it]
# Epoch 8: train_loss: 0.8300183415:   9%|▉         | 9/100 [00:12<01:55,  1.27s/it]

# Epoch 9: train_loss: 0.8099743128:   9%|▉         | 9/100 [00:13<01:55,  1.27s/it]
# Epoch 9: train_loss: 0.8099743128:  10%|█         | 10/100 [00:13<01:53,  1.27s/it]

# Epoch 10: train_loss: 0.7816249132:  10%|█         | 10/100 [00:14<01:53,  1.27s/it]
# Epoch 10: train_loss: 0.7816249132:  11%|█         | 11/100 [00:14<01:52,  1.26s/it]

# Epoch 11: train_loss: 0.7635799646:  11%|█         | 11/100 [00:15<01:52,  1.26s/it]
# Epoch 11: train_loss: 0.7635799646:  12%|█▏        | 12/100 [00:15<01:50,  1.26s/it]

# Epoch 12: train_loss: 0.7366202474:  12%|█▏        | 12/100 [00:17<01:50,  1.26s/it]
# Epoch 12: train_loss: 0.7366202474:  13%|█▎        | 13/100 [00:17<01:49,  1.26s/it]

# Epoch 13: train_loss: 0.7087999582:  13%|█▎        | 13/100 [00:18<01:49,  1.26s/it]
# Epoch 13: train_loss: 0.7087999582:  14%|█▍        | 14/100 [00:18<01:48,  1.26s/it]

# Epoch 14: train_loss: 0.6811062694:  14%|█▍        | 14/100 [00:19<01:48,  1.26s/it]
# Epoch 14: train_loss: 0.6811062694:  15%|█▌        | 15/100 [00:19<01:46,  1.26s/it]

# Epoch 15: train_loss: 0.6535435319:  15%|█▌        | 15/100 [00:20<01:46,  1.26s/it]
# Epoch 15: train_loss: 0.6535435319:  16%|█▌        | 16/100 [00:20<01:45,  1.26s/it]

# Epoch 16: train_loss: 0.6301087141:  16%|█▌        | 16/100 [00:22<01:45,  1.26s/it]
# Epoch 16: train_loss: 0.6301087141:  17%|█▋        | 17/100 [00:22<01:44,  1.26s/it]

# Epoch 17: train_loss: 0.6042817235:  17%|█▋        | 17/100 [00:23<01:44,  1.26s/it]
# Epoch 17: train_loss: 0.6042817235:  18%|█▊        | 18/100 [00:23<01:42,  1.26s/it]

# Epoch 18: train_loss: 0.5786505342:  18%|█▊        | 18/100 [00:24<01:42,  1.26s/it]
# Epoch 18: train_loss: 0.5786505342:  19%|█▉        | 19/100 [00:24<01:41,  1.25s/it]

# Epoch 19: train_loss: 0.5549535751:  19%|█▉        | 19/100 [00:25<01:41,  1.25s/it]
# Epoch 19: train_loss: 0.5549535751:  20%|██        | 20/100 [00:25<01:40,  1.25s/it]

# Epoch 20: train_loss: 0.5254628658:  20%|██        | 20/100 [00:27<01:40,  1.25s/it]
# Epoch 20: train_loss: 0.5254628658:  21%|██        | 21/100 [00:27<01:39,  1.25s/it]

# Epoch 21: train_loss: 0.5101901889:  21%|██        | 21/100 [00:28<01:39,  1.25s/it]
# Epoch 21: train_loss: 0.5101901889:  22%|██▏       | 22/100 [00:28<01:37,  1.25s/it]

# Epoch 22: train_loss: 0.4901574254:  22%|██▏       | 22/100 [00:29<01:37,  1.25s/it]
# Epoch 22: train_loss: 0.4901574254:  23%|██▎       | 23/100 [00:29<01:36,  1.25s/it]

# Epoch 23: train_loss: 0.4707065523:  23%|██▎       | 23/100 [00:30<01:36,  1.25s/it]
# Epoch 23: train_loss: 0.4707065523:  24%|██▍       | 24/100 [00:30<01:35,  1.25s/it]

# Epoch 24: train_loss: 0.4511997402:  24%|██▍       | 24/100 [00:32<01:35,  1.25s/it]
# Epoch 24: train_loss: 0.4511997402:  25%|██▌       | 25/100 [00:32<01:33,  1.25s/it]

# Epoch 25: train_loss: 0.4328000844:  25%|██▌       | 25/100 [00:33<01:33,  1.25s/it]
# Epoch 25: train_loss: 0.4328000844:  26%|██▌       | 26/100 [00:33<01:32,  1.25s/it]

# Epoch 26: train_loss: 0.4160195291:  26%|██▌       | 26/100 [00:34<01:32,  1.25s/it]
# Epoch 26: train_loss: 0.4160195291:  27%|██▋       | 27/100 [00:34<01:31,  1.25s/it]

# Epoch 27: train_loss: 0.3997717500:  27%|██▋       | 27/100 [00:35<01:31,  1.25s/it]
# Epoch 27: train_loss: 0.3997717500:  28%|██▊       | 28/100 [00:35<01:30,  1.25s/it]

# Epoch 28: train_loss: 0.3844650090:  28%|██▊       | 28/100 [00:37<01:30,  1.25s/it]
# Epoch 28: train_loss: 0.3844650090:  29%|██▉       | 29/100 [00:37<01:28,  1.25s/it]

# Epoch 29: train_loss: 0.3698827028:  29%|██▉       | 29/100 [00:38<01:28,  1.25s/it]
# Epoch 29: train_loss: 0.3698827028:  30%|███       | 30/100 [00:38<01:27,  1.25s/it]

# Epoch 30: train_loss: 0.3571844697:  30%|███       | 30/100 [00:39<01:27,  1.25s/it]
# Epoch 30: train_loss: 0.3571844697:  31%|███       | 31/100 [00:39<01:26,  1.25s/it]

# Epoch 31: train_loss: 0.3511345983:  31%|███       | 31/100 [00:40<01:26,  1.25s/it]
# Epoch 31: train_loss: 0.3511345983:  32%|███▏      | 32/100 [00:40<01:25,  1.25s/it]

# Epoch 32: train_loss: 0.3382474184:  32%|███▏      | 32/100 [00:42<01:25,  1.25s/it]
# Epoch 32: train_loss: 0.3382474184:  33%|███▎      | 33/100 [00:42<01:23,  1.25s/it]

# Epoch 33: train_loss: 0.3279412091:  33%|███▎      | 33/100 [00:43<01:23,  1.25s/it]
# Epoch 33: train_loss: 0.3279412091:  34%|███▍      | 34/100 [00:43<01:22,  1.25s/it]

# Epoch 34: train_loss: 0.3170802593:  34%|███▍      | 34/100 [00:44<01:22,  1.25s/it]
# Epoch 34: train_loss: 0.3170802593:  35%|███▌      | 35/100 [00:44<01:21,  1.25s/it]

# Epoch 35: train_loss: 0.3070667386:  35%|███▌      | 35/100 [00:45<01:21,  1.25s/it]
# Epoch 35: train_loss: 0.3070667386:  36%|███▌      | 36/100 [00:45<01:20,  1.26s/it]

# Epoch 36: train_loss: 0.2990874946:  36%|███▌      | 36/100 [00:47<01:20,  1.26s/it]
# Epoch 36: train_loss: 0.2990874946:  37%|███▋      | 37/100 [00:47<01:19,  1.26s/it]

# Epoch 37: train_loss: 0.2909728885:  37%|███▋      | 37/100 [00:48<01:19,  1.26s/it]
# Epoch 37: train_loss: 0.2909728885:  38%|███▊      | 38/100 [00:48<01:17,  1.26s/it]

# Epoch 38: train_loss: 0.2832956910:  38%|███▊      | 38/100 [00:49<01:17,  1.26s/it]
# Epoch 38: train_loss: 0.2832956910:  39%|███▉      | 39/100 [00:49<01:16,  1.26s/it]

# Epoch 39: train_loss: 0.2775749564:  39%|███▉      | 39/100 [00:50<01:16,  1.26s/it]
# Epoch 39: train_loss: 0.2775749564:  40%|████      | 40/100 [00:50<01:15,  1.26s/it]

# Epoch 40: train_loss: 0.2725940049:  40%|████      | 40/100 [00:52<01:15,  1.26s/it]
# Epoch 40: train_loss: 0.2725940049:  41%|████      | 41/100 [00:52<01:14,  1.26s/it]

# Epoch 41: train_loss: 0.2724386454:  41%|████      | 41/100 [00:53<01:14,  1.26s/it]
# Epoch 41: train_loss: 0.2724386454:  42%|████▏     | 42/100 [00:53<01:12,  1.26s/it]

# Epoch 42: train_loss: 0.2675497532:  42%|████▏     | 42/100 [00:54<01:12,  1.26s/it]
# Epoch 42: train_loss: 0.2675497532:  43%|████▎     | 43/100 [00:54<01:11,  1.26s/it]

# Epoch 43: train_loss: 0.2639131546:  43%|████▎     | 43/100 [00:55<01:11,  1.26s/it]
# Epoch 43: train_loss: 0.2639131546:  44%|████▍     | 44/100 [00:55<01:10,  1.26s/it]

# Epoch 44: train_loss: 0.2597276568:  44%|████▍     | 44/100 [00:57<01:10,  1.26s/it]
# Epoch 44: train_loss: 0.2597276568:  45%|████▌     | 45/100 [00:57<01:09,  1.26s/it]

# Epoch 45: train_loss: 0.2560265064:  45%|████▌     | 45/100 [00:58<01:09,  1.26s/it]
# Epoch 45: train_loss: 0.2560265064:  46%|████▌     | 46/100 [00:58<01:07,  1.26s/it]

# Epoch 46: train_loss: 0.2519024611:  46%|████▌     | 46/100 [00:59<01:07,  1.26s/it]
# Epoch 46: train_loss: 0.2519024611:  47%|████▋     | 47/100 [00:59<01:06,  1.26s/it]

# Epoch 47: train_loss: 0.2490175366:  47%|████▋     | 47/100 [01:01<01:06,  1.26s/it]
# Epoch 47: train_loss: 0.2490175366:  48%|████▊     | 48/100 [01:01<01:05,  1.26s/it]

# Epoch 48: train_loss: 0.2467201352:  48%|████▊     | 48/100 [01:02<01:05,  1.26s/it]
# Epoch 48: train_loss: 0.2467201352:  49%|████▉     | 49/100 [01:02<01:04,  1.26s/it]

# Epoch 49: train_loss: 0.2431807965:  49%|████▉     | 49/100 [01:03<01:04,  1.26s/it]
# Epoch 49: train_loss: 0.2431807965:  50%|█████     | 50/100 [01:03<01:02,  1.26s/it]

# Epoch 50: train_loss: 0.8606582284:  50%|█████     | 50/100 [01:04<01:02,  1.26s/it]
# Epoch 50: train_loss: 0.8606582284:  51%|█████     | 51/100 [01:04<01:03,  1.29s/it]

# Epoch 51: train_loss: 0.8082549572:  51%|█████     | 51/100 [01:06<01:03,  1.29s/it]
# Epoch 51: train_loss: 0.8082549572:  52%|█████▏    | 52/100 [01:06<01:03,  1.32s/it]

# Epoch 52: train_loss: 0.7404639721:  52%|█████▏    | 52/100 [01:07<01:03,  1.32s/it]
# Epoch 52: train_loss: 0.7404639721:  53%|█████▎    | 53/100 [01:07<01:02,  1.34s/it]

# Epoch 53: train_loss: 0.6758776307:  53%|█████▎    | 53/100 [01:09<01:02,  1.34s/it]
# Epoch 53: train_loss: 0.6758776307:  54%|█████▍    | 54/100 [01:09<01:02,  1.35s/it]

# Epoch 54: train_loss: 0.6162543297:  54%|█████▍    | 54/100 [01:10<01:02,  1.35s/it]
# Epoch 54: train_loss: 0.6162543297:  55%|█████▌    | 55/100 [01:10<01:01,  1.36s/it]

# Epoch 55: train_loss: 0.5671129823:  55%|█████▌    | 55/100 [01:11<01:01,  1.36s/it]
# Epoch 55: train_loss: 0.5671129823:  56%|█████▌    | 56/100 [01:11<01:00,  1.37s/it]

# Epoch 56: train_loss: 0.5288443565:  56%|█████▌    | 56/100 [01:13<01:00,  1.37s/it]
# Epoch 56: train_loss: 0.5288443565:  57%|█████▋    | 57/100 [01:13<00:58,  1.37s/it]

# Epoch 57: train_loss: 0.4957916737:  57%|█████▋    | 57/100 [01:14<00:58,  1.37s/it]
# Epoch 57: train_loss: 0.4957916737:  58%|█████▊    | 58/100 [01:14<00:57,  1.37s/it]

# Epoch 58: train_loss: 0.4710248113:  58%|█████▊    | 58/100 [01:15<00:57,  1.37s/it]
# Epoch 58: train_loss: 0.4710248113:  59%|█████▉    | 59/100 [01:15<00:56,  1.38s/it]

# Epoch 59: train_loss: 0.4528574049:  59%|█████▉    | 59/100 [01:17<00:56,  1.38s/it]
# Epoch 59: train_loss: 0.4528574049:  60%|██████    | 60/100 [01:17<00:55,  1.38s/it]

# Epoch 60: train_loss: 0.4380892515:  60%|██████    | 60/100 [01:18<00:55,  1.38s/it]
# Epoch 60: train_loss: 0.4380892515:  61%|██████    | 61/100 [01:18<00:53,  1.38s/it]

# Epoch 61: train_loss: 0.4363288283:  61%|██████    | 61/100 [01:20<00:53,  1.38s/it]
# Epoch 61: train_loss: 0.4363288283:  62%|██████▏   | 62/100 [01:20<00:52,  1.38s/it]

# Epoch 62: train_loss: 0.4291926324:  62%|██████▏   | 62/100 [01:21<00:52,  1.38s/it]
# Epoch 62: train_loss: 0.4291926324:  63%|██████▎   | 63/100 [01:21<00:51,  1.38s/it]

# Epoch 63: train_loss: 0.4226984978:  63%|██████▎   | 63/100 [01:22<00:51,  1.38s/it]
# Epoch 63: train_loss: 0.4226984978:  64%|██████▍   | 64/100 [01:22<00:49,  1.38s/it]

# Epoch 64: train_loss: 0.4191818237:  64%|██████▍   | 64/100 [01:24<00:49,  1.38s/it]
# Epoch 64: train_loss: 0.4191818237:  65%|██████▌   | 65/100 [01:24<00:48,  1.38s/it]

# Epoch 65: train_loss: 0.4148649573:  65%|██████▌   | 65/100 [01:25<00:48,  1.38s/it]
# Epoch 65: train_loss: 0.4148649573:  66%|██████▌   | 66/100 [01:25<00:46,  1.38s/it]

# Epoch 66: train_loss: 0.4094201624:  66%|██████▌   | 66/100 [01:26<00:46,  1.38s/it]
# Epoch 66: train_loss: 0.4094201624:  67%|██████▋   | 67/100 [01:26<00:45,  1.38s/it]

# Epoch 67: train_loss: 0.4041175842:  67%|██████▋   | 67/100 [01:28<00:45,  1.38s/it]
# Epoch 67: train_loss: 0.4041175842:  68%|██████▊   | 68/100 [01:28<00:44,  1.38s/it]

# Epoch 68: train_loss: 0.3979055583:  68%|██████▊   | 68/100 [01:29<00:44,  1.38s/it]
# Epoch 68: train_loss: 0.3979055583:  69%|██████▉   | 69/100 [01:29<00:42,  1.38s/it]

# Epoch 69: train_loss: 0.3923561573:  69%|██████▉   | 69/100 [01:31<00:42,  1.38s/it]
# Epoch 69: train_loss: 0.3923561573:  70%|███████   | 70/100 [01:31<00:41,  1.38s/it]

# Epoch 70: train_loss: 0.3891801536:  70%|███████   | 70/100 [01:32<00:41,  1.38s/it]
# Epoch 70: train_loss: 0.3891801536:  71%|███████   | 71/100 [01:32<00:40,  1.38s/it]

# Epoch 71: train_loss: 0.3883526623:  71%|███████   | 71/100 [01:33<00:40,  1.38s/it]
# Epoch 71: train_loss: 0.3883526623:  72%|███████▏  | 72/100 [01:33<00:38,  1.38s/it]

# Epoch 72: train_loss: 0.3842300177:  72%|███████▏  | 72/100 [01:35<00:38,  1.38s/it]
# Epoch 72: train_loss: 0.3842300177:  73%|███████▎  | 73/100 [01:35<00:37,  1.38s/it]

# Epoch 73: train_loss: 0.3808526993:  73%|███████▎  | 73/100 [01:36<00:37,  1.38s/it]
# Epoch 73: train_loss: 0.3808526993:  74%|███████▍  | 74/100 [01:36<00:35,  1.38s/it]

# Epoch 74: train_loss: 0.3776520193:  74%|███████▍  | 74/100 [01:38<00:35,  1.38s/it]
# Epoch 74: train_loss: 0.3776520193:  75%|███████▌  | 75/100 [01:38<00:34,  1.38s/it]

# Epoch 75: train_loss: 0.3750294149:  75%|███████▌  | 75/100 [01:39<00:34,  1.38s/it]
# Epoch 75: train_loss: 0.3750294149:  76%|███████▌  | 76/100 [01:39<00:33,  1.38s/it]

# Epoch 76: train_loss: 0.3722592294:  76%|███████▌  | 76/100 [01:40<00:33,  1.38s/it]
# Epoch 76: train_loss: 0.3722592294:  77%|███████▋  | 77/100 [01:40<00:31,  1.38s/it]

# Epoch 77: train_loss: 0.3694888055:  77%|███████▋  | 77/100 [01:42<00:31,  1.38s/it]
# Epoch 77: train_loss: 0.3694888055:  78%|███████▊  | 78/100 [01:42<00:30,  1.38s/it]

# Epoch 78: train_loss: 0.3668030500:  78%|███████▊  | 78/100 [01:43<00:30,  1.38s/it]
# Epoch 78: train_loss: 0.3668030500:  79%|███████▉  | 79/100 [01:43<00:28,  1.38s/it]

# Epoch 79: train_loss: 0.3644038737:  79%|███████▉  | 79/100 [01:44<00:28,  1.38s/it]
# Epoch 79: train_loss: 0.3644038737:  80%|████████  | 80/100 [01:44<00:27,  1.38s/it]

# Epoch 80: train_loss: 0.3655137420:  80%|████████  | 80/100 [01:46<00:27,  1.38s/it]
# Epoch 80: train_loss: 0.3655137420:  81%|████████  | 81/100 [01:46<00:26,  1.38s/it]

# Epoch 81: train_loss: 0.3669448793:  81%|████████  | 81/100 [01:47<00:26,  1.38s/it]
# Epoch 81: train_loss: 0.3669448793:  82%|████████▏ | 82/100 [01:47<00:24,  1.38s/it]

# Epoch 82: train_loss: 0.3661192358:  82%|████████▏ | 82/100 [01:49<00:24,  1.38s/it]
# Epoch 82: train_loss: 0.3661192358:  83%|████████▎ | 83/100 [01:49<00:23,  1.38s/it]

# Epoch 83: train_loss: 0.3649375737:  83%|████████▎ | 83/100 [01:50<00:23,  1.38s/it]
# Epoch 83: train_loss: 0.3649375737:  84%|████████▍ | 84/100 [01:50<00:22,  1.38s/it]

# Epoch 84: train_loss: 0.3626884818:  84%|████████▍ | 84/100 [01:51<00:22,  1.38s/it]
# Epoch 84: train_loss: 0.3626884818:  85%|████████▌ | 85/100 [01:51<00:20,  1.38s/it]

# Epoch 85: train_loss: 0.3611525297:  85%|████████▌ | 85/100 [01:53<00:20,  1.38s/it]
# Epoch 85: train_loss: 0.3611525297:  86%|████████▌ | 86/100 [01:53<00:19,  1.38s/it]

# Epoch 86: train_loss: 0.3605492711:  86%|████████▌ | 86/100 [01:54<00:19,  1.38s/it]
# Epoch 86: train_loss: 0.3605492711:  87%|████████▋ | 87/100 [01:54<00:17,  1.38s/it]

# Epoch 87: train_loss: 0.3597557545:  87%|████████▋ | 87/100 [01:55<00:17,  1.38s/it]
# Epoch 87: train_loss: 0.3597557545:  88%|████████▊ | 88/100 [01:55<00:16,  1.38s/it]

# Epoch 88: train_loss: 0.3581977487:  88%|████████▊ | 88/100 [01:57<00:16,  1.38s/it]
# Epoch 88: train_loss: 0.3581977487:  89%|████████▉ | 89/100 [01:57<00:15,  1.38s/it]

# Epoch 89: train_loss: 0.3585060835:  89%|████████▉ | 89/100 [01:58<00:15,  1.38s/it]
# Epoch 89: train_loss: 0.3585060835:  90%|█████████ | 90/100 [01:58<00:13,  1.38s/it]

# Epoch 90: train_loss: 0.3556119800:  90%|█████████ | 90/100 [02:00<00:13,  1.38s/it]
# Epoch 90: train_loss: 0.3556119800:  91%|█████████ | 91/100 [02:00<00:12,  1.38s/it]

# Epoch 91: train_loss: 0.3598834574:  91%|█████████ | 91/100 [02:01<00:12,  1.38s/it]
# Epoch 91: train_loss: 0.3598834574:  92%|█████████▏| 92/100 [02:01<00:11,  1.38s/it]

# Epoch 92: train_loss: 0.3590700924:  92%|█████████▏| 92/100 [02:02<00:11,  1.38s/it]
# Epoch 92: train_loss: 0.3590700924:  93%|█████████▎| 93/100 [02:02<00:09,  1.38s/it]

# Epoch 93: train_loss: 0.3592236042:  93%|█████████▎| 93/100 [02:04<00:09,  1.38s/it]
# Epoch 93: train_loss: 0.3592236042:  94%|█████████▍| 94/100 [02:04<00:08,  1.38s/it]

# Epoch 94: train_loss: 0.3589865565:  94%|█████████▍| 94/100 [02:05<00:08,  1.38s/it]
# Epoch 94: train_loss: 0.3589865565:  95%|█████████▌| 95/100 [02:05<00:06,  1.38s/it]

# Epoch 95: train_loss: 0.3588370085:  95%|█████████▌| 95/100 [02:07<00:06,  1.38s/it]
# Epoch 95: train_loss: 0.3588370085:  96%|█████████▌| 96/100 [02:07<00:05,  1.38s/it]

# Epoch 96: train_loss: 0.3589458764:  96%|█████████▌| 96/100 [02:08<00:05,  1.38s/it]
# Epoch 96: train_loss: 0.3589458764:  97%|█████████▋| 97/100 [02:08<00:04,  1.38s/it]

# Epoch 97: train_loss: 0.3595395684:  97%|█████████▋| 97/100 [02:09<00:04,  1.38s/it]
# Epoch 97: train_loss: 0.3595395684:  98%|█████████▊| 98/100 [02:09<00:02,  1.38s/it]

# Epoch 98: train_loss: 0.3588024974:  98%|█████████▊| 98/100 [02:11<00:02,  1.38s/it]
# Epoch 98: train_loss: 0.3588024974:  99%|█████████▉| 99/100 [02:11<00:01,  1.38s/it]

# Epoch 99: train_loss: 0.3584785759:  99%|█████████▉| 99/100 [02:12<00:01,  1.38s/it]
# Epoch 99: train_loss: 0.3584785759: 100%|██████████| 100/100 [02:12<00:00,  1.38s/it]
# Epoch 99: train_loss: 0.3584785759: 100%|██████████| 100/100 [02:12<00:00,  1.33s/it]

  0%|          | 0/200 [00:00<?, ?it/s]
# Epoch: 0, train_loss: 0.7022, train_acc:0.41378, val_loss: 0.6721, val_acc:0.65294, val_f1:0.32443, test_acc:0.6573, test_f1:0.3220:   0%|          | 0/200 [00:00<?, ?it/s]
# Epoch: 0, train_loss: 0.7022, train_acc:0.41378, val_loss: 0.6721, val_acc:0.65294, val_f1:0.32443, test_acc:0.6573, test_f1:0.3220:   0%|          | 1/200 [00:00<03:07,  1.06it/s]
# Epoch: 1, train_loss: 0.6749, train_acc:0.65275, val_loss: 0.6489, val_acc:0.67451, val_f1:0.33865, test_acc:0.6887, test_f1:0.3433:   0%|          | 1/200 [00:01<03:07,  1.06it/s]
# Epoch: 1, train_loss: 0.6749, train_acc:0.65275, val_loss: 0.6489, val_acc:0.67451, val_f1:0.33865, test_acc:0.6887, test_f1:0.3433:   1%|          | 2/200 [00:01<03:05,  1.07it/s]
# Epoch: 2, train_loss: 0.6516, train_acc:0.70248, val_loss: 0.6277, val_acc:0.67353, val_f1:0.33267, test_acc:0.6941, test_f1:0.3473:   1%|          | 2/200 [00:02<03:05,  1.07it/s]
# Epoch: 2, train_loss: 0.6516, train_acc:0.70248, val_loss: 0.6277, val_acc:0.67353, val_f1:0.33267, test_acc:0.6941, test_f1:0.3473:   2%|▏         | 3/200 [00:02<03:03,  1.07it/s]
# Epoch: 3, train_loss: 0.6318, train_acc:0.72237, val_loss: 0.6090, val_acc:0.68627, val_f1:0.34156, test_acc:0.7069, test_f1:0.3542:   2%|▏         | 3/200 [00:03<03:03,  1.07it/s]
# Epoch: 3, train_loss: 0.6318, train_acc:0.72237, val_loss: 0.6090, val_acc:0.68627, val_f1:0.34156, test_acc:0.7069, test_f1:0.3542:   2%|▏         | 4/200 [00:03<03:02,  1.07it/s]
# Epoch: 4, train_loss: 0.6141, train_acc:0.73232, val_loss: 0.5925, val_acc:0.71569, val_f1:0.36404, test_acc:0.7382, test_f1:0.3791:   2%|▏         | 4/200 [00:04<03:02,  1.07it/s]
# Epoch: 4, train_loss: 0.6141, train_acc:0.73232, val_loss: 0.5925, val_acc:0.71569, val_f1:0.36404, test_acc:0.7382, test_f1:0.3791:   2%|▎         | 5/200 [00:04<03:02,  1.07it/s]
# Epoch: 5, train_loss: 0.5972, train_acc:0.73049, val_loss: 0.5783, val_acc:0.73039, val_f1:0.37071, test_acc:0.7515, test_f1:0.3899:   2%|▎         | 5/200 [00:05<03:02,  1.07it/s]
# Epoch: 5, train_loss: 0.5972, train_acc:0.73049, val_loss: 0.5783, val_acc:0.73039, val_f1:0.37071, test_acc:0.7515, test_f1:0.3899:   3%|▎         | 6/200 [00:05<03:01,  1.07it/s]
# Epoch: 6, train_loss: 0.5833, train_acc:0.73049, val_loss: 0.5675, val_acc:0.74608, val_f1:0.36364, test_acc:0.7672, test_f1:0.3758:   3%|▎         | 6/200 [00:06<03:01,  1.07it/s]
# Epoch: 6, train_loss: 0.5833, train_acc:0.73049, val_loss: 0.5675, val_acc:0.74608, val_f1:0.36364, test_acc:0.7672, test_f1:0.3758:   4%|▎         | 7/200 [00:06<03:00,  1.07it/s]
# Epoch: 7, train_loss: 0.5710, train_acc:0.73077, val_loss: 0.5600, val_acc:0.75882, val_f1:0.34225, test_acc:0.7662, test_f1:0.3195:   4%|▎         | 7/200 [00:07<03:00,  1.07it/s]
# Epoch: 7, train_loss: 0.5710, train_acc:0.73077, val_loss: 0.5600, val_acc:0.75882, val_f1:0.34225, test_acc:0.7662, test_f1:0.3195:   4%|▍         | 8/200 [00:07<02:59,  1.07it/s]
# Epoch: 8, train_loss: 0.5609, train_acc:0.73063, val_loss: 0.5558, val_acc:0.7549, val_f1:0.28571, test_acc:0.7677, test_f1:0.2967:   4%|▍         | 8/200 [00:08<02:59,  1.07it/s] 
# Epoch: 8, train_loss: 0.5609, train_acc:0.73063, val_loss: 0.5558, val_acc:0.7549, val_f1:0.28571, test_acc:0.7677, test_f1:0.2967:   4%|▍         | 9/200 [00:08<02:58,  1.07it/s]
# Epoch: 9, train_loss: 0.5532, train_acc:0.73063, val_loss: 0.5541, val_acc:0.7549, val_f1:0.27326, test_acc:0.7672, test_f1:0.2857:   4%|▍         | 9/200 [00:09<02:58,  1.07it/s]
# Epoch: 9, train_loss: 0.5532, train_acc:0.73063, val_loss: 0.5541, val_acc:0.7549, val_f1:0.27326, test_acc:0.7672, test_f1:0.2857:   5%|▌         | 10/200 [00:09<02:56,  1.08it/s]
# Epoch: 10, train_loss: 0.5462, train_acc:0.73063, val_loss: 0.5537, val_acc:0.75294, val_f1:0.28814, test_acc:0.7647, test_f1:0.2962:   5%|▌         | 10/200 [00:10<02:56,  1.08it/s]
# Epoch: 10, train_loss: 0.5462, train_acc:0.73063, val_loss: 0.5537, val_acc:0.75294, val_f1:0.28814, test_acc:0.7647, test_f1:0.2962:   6%|▌         | 11/200 [00:10<02:55,  1.08it/s]
# Epoch: 11, train_loss: 0.5402, train_acc:0.73063, val_loss: 0.5534, val_acc:0.76078, val_f1:0.34409, test_acc:0.7652, test_f1:0.3338:   6%|▌         | 11/200 [00:11<02:55,  1.08it/s]
# Epoch: 11, train_loss: 0.5402, train_acc:0.73063, val_loss: 0.5534, val_acc:0.76078, val_f1:0.34409, test_acc:0.7652, test_f1:0.3338:   6%|▌         | 12/200 [00:11<02:54,  1.07it/s]
# Epoch: 12, train_loss: 0.5381, train_acc:0.73077, val_loss: 0.5522, val_acc:0.75588, val_f1:0.3728, test_acc:0.7721, test_f1:0.3857:   6%|▌         | 12/200 [00:12<02:54,  1.07it/s] 
# Epoch: 12, train_loss: 0.5381, train_acc:0.73077, val_loss: 0.5522, val_acc:0.75588, val_f1:0.3728, test_acc:0.7721, test_f1:0.3857:   6%|▋         | 13/200 [00:12<02:53,  1.08it/s]
# Epoch: 13, train_loss: 0.5340, train_acc:0.73105, val_loss: 0.5489, val_acc:0.74902, val_f1:0.38462, test_acc:0.7706, test_f1:0.4061:   6%|▋         | 13/200 [00:13<02:53,  1.08it/s]
# Epoch: 13, train_loss: 0.5340, train_acc:0.73105, val_loss: 0.5489, val_acc:0.74902, val_f1:0.38462, test_acc:0.7706, test_f1:0.4061:   7%|▋         | 14/200 [00:13<02:52,  1.08it/s]
# Epoch: 14, train_loss: 0.5303, train_acc:0.73077, val_loss: 0.5435, val_acc:0.74216, val_f1:0.38407, test_acc:0.7618, test_f1:0.3985:   7%|▋         | 14/200 [00:13<02:52,  1.08it/s]
# Epoch: 14, train_loss: 0.5303, train_acc:0.73077, val_loss: 0.5435, val_acc:0.74216, val_f1:0.38407, test_acc:0.7618, test_f1:0.3985:   8%|▊         | 15/200 [00:13<02:51,  1.08it/s]
# Epoch: 15, train_loss: 0.5244, train_acc:0.73133, val_loss: 0.5364, val_acc:0.73235, val_f1:0.37529, test_acc:0.7554, test_f1:0.3966:   8%|▊         | 15/200 [00:14<02:51,  1.08it/s]
# Epoch: 15, train_loss: 0.5244, train_acc:0.73133, val_loss: 0.5364, val_acc:0.73235, val_f1:0.37529, test_acc:0.7554, test_f1:0.3966:   8%|▊         | 16/200 [00:14<02:50,  1.08it/s]
# Epoch: 16, train_loss: 0.5156, train_acc:0.73526, val_loss: 0.5284, val_acc:0.72549, val_f1:0.375, test_acc:0.7515, test_f1:0.3957:   8%|▊         | 16/200 [00:15<02:50,  1.08it/s]  
# Epoch: 16, train_loss: 0.5156, train_acc:0.73526, val_loss: 0.5284, val_acc:0.72549, val_f1:0.375, test_acc:0.7515, test_f1:0.3957:   8%|▊         | 17/200 [00:15<02:49,  1.08it/s]
# Epoch: 17, train_loss: 0.5125, train_acc:0.73974, val_loss: 0.5207, val_acc:0.73922, val_f1:0.45041, test_acc:0.7696, test_f1:0.4880:   8%|▊         | 17/200 [00:16<02:49,  1.08it/s]
# Epoch: 17, train_loss: 0.5125, train_acc:0.73974, val_loss: 0.5207, val_acc:0.73922, val_f1:0.45041, test_acc:0.7696, test_f1:0.4880:   9%|▉         | 18/200 [00:16<02:48,  1.08it/s]
# Epoch: 18, train_loss: 0.5031, train_acc:0.74828, val_loss: 0.5139, val_acc:0.75784, val_f1:0.54512, test_acc:0.7877, test_f1:0.5742:   9%|▉         | 18/200 [00:17<02:48,  1.08it/s]
# Epoch: 18, train_loss: 0.5031, train_acc:0.74828, val_loss: 0.5139, val_acc:0.75784, val_f1:0.54512, test_acc:0.7877, test_f1:0.5742:  10%|▉         | 19/200 [00:17<02:47,  1.08it/s]
# Epoch: 19, train_loss: 0.4938, train_acc:0.75921, val_loss: 0.5081, val_acc:0.76667, val_f1:0.575, test_acc:0.7917, test_f1:0.5979:  10%|▉         | 19/200 [00:18<02:47,  1.08it/s]  
# Epoch: 19, train_loss: 0.4938, train_acc:0.75921, val_loss: 0.5081, val_acc:0.76667, val_f1:0.575, test_acc:0.7917, test_f1:0.5979:  10%|█         | 20/200 [00:18<02:47,  1.08it/s]
# Epoch: 20, train_loss: 0.4834, train_acc:0.76944, val_loss: 0.5029, val_acc:0.76471, val_f1:0.57597, test_acc:0.7912, test_f1:0.6004:  10%|█         | 20/200 [00:19<02:47,  1.08it/s]
# Epoch: 20, train_loss: 0.4834, train_acc:0.76944, val_loss: 0.5029, val_acc:0.76471, val_f1:0.57597, test_acc:0.7912, test_f1:0.6004:  10%|█         | 21/200 [00:19<02:45,  1.08it/s]
# Epoch: 21, train_loss: 0.4725, train_acc:0.78316, val_loss: 0.4971, val_acc:0.76863, val_f1:0.58007, test_acc:0.7917, test_f1:0.6017:  10%|█         | 21/200 [00:20<02:45,  1.08it/s]
# Epoch: 21, train_loss: 0.4725, train_acc:0.78316, val_loss: 0.4971, val_acc:0.76863, val_f1:0.58007, test_acc:0.7917, test_f1:0.6017:  11%|█         | 22/200 [00:20<02:45,  1.07it/s]
# Epoch: 22, train_loss: 0.4634, train_acc:0.78793, val_loss: 0.4894, val_acc:0.77549, val_f1:0.58739, test_acc:0.8000, test_f1:0.6114:  11%|█         | 22/200 [00:21<02:45,  1.07it/s]
# Epoch: 22, train_loss: 0.4634, train_acc:0.78793, val_loss: 0.4894, val_acc:0.77549, val_f1:0.58739, test_acc:0.8000, test_f1:0.6114:  12%|█▏        | 23/200 [00:21<02:45,  1.07it/s]
# Epoch: 23, train_loss: 0.4510, train_acc:0.80179, val_loss: 0.4788, val_acc:0.78137, val_f1:0.59381, test_acc:0.8059, test_f1:0.6192:  12%|█▏        | 23/200 [00:22<02:45,  1.07it/s]
# Epoch: 23, train_loss: 0.4510, train_acc:0.80179, val_loss: 0.4788, val_acc:0.78137, val_f1:0.59381, test_acc:0.8059, test_f1:0.6192:  12%|█▏        | 24/200 [00:22<02:44,  1.07it/s]
# Epoch: 24, train_loss: 0.4418, train_acc:0.8088, val_loss: 0.4656, val_acc:0.79118, val_f1:0.60482, test_acc:0.8113, test_f1:0.6280:  12%|█▏        | 24/200 [00:23<02:44,  1.07it/s] 
# Epoch: 24, train_loss: 0.4418, train_acc:0.8088, val_loss: 0.4656, val_acc:0.79118, val_f1:0.60482, test_acc:0.8113, test_f1:0.6280:  12%|█▎        | 25/200 [00:23<02:43,  1.07it/s]
# Epoch: 25, train_loss: 0.4301, train_acc:0.8102, val_loss: 0.4499, val_acc:0.80588, val_f1:0.62921, test_acc:0.8167, test_f1:0.6312:  12%|█▎        | 25/200 [00:24<02:43,  1.07it/s]
# Epoch: 25, train_loss: 0.4301, train_acc:0.8102, val_loss: 0.4499, val_acc:0.80588, val_f1:0.62921, test_acc:0.8167, test_f1:0.6312:  13%|█▎        | 26/200 [00:24<02:42,  1.07it/s]
# Epoch: 26, train_loss: 0.4158, train_acc:0.81972, val_loss: 0.4318, val_acc:0.81275, val_f1:0.6334, test_acc:0.8240, test_f1:0.6399:  13%|█▎        | 26/200 [00:25<02:42,  1.07it/s]
# Epoch: 26, train_loss: 0.4158, train_acc:0.81972, val_loss: 0.4318, val_acc:0.81275, val_f1:0.6334, test_acc:0.8240, test_f1:0.6399:  14%|█▎        | 27/200 [00:25<02:42,  1.07it/s]
# Epoch: 27, train_loss: 0.4050, train_acc:0.82575, val_loss: 0.4128, val_acc:0.81373, val_f1:0.62745, test_acc:0.8279, test_f1:0.6400:  14%|█▎        | 27/200 [00:26<02:42,  1.07it/s]
# Epoch: 27, train_loss: 0.4050, train_acc:0.82575, val_loss: 0.4128, val_acc:0.81373, val_f1:0.62745, test_acc:0.8279, test_f1:0.6400:  14%|█▍        | 28/200 [00:26<02:41,  1.07it/s]
# Epoch: 28, train_loss: 0.3948, train_acc:0.83331, val_loss: 0.3961, val_acc:0.81667, val_f1:0.62069, test_acc:0.8304, test_f1:0.6365:  14%|█▍        | 28/200 [00:27<02:41,  1.07it/s]
# Epoch: 28, train_loss: 0.3948, train_acc:0.83331, val_loss: 0.3961, val_acc:0.81667, val_f1:0.62069, test_acc:0.8304, test_f1:0.6365:  14%|█▍        | 29/200 [00:27<02:40,  1.07it/s]
# Epoch: 29, train_loss: 0.3803, train_acc:0.83695, val_loss: 0.3855, val_acc:0.81765, val_f1:0.60593, test_acc:0.8309, test_f1:0.6238:  14%|█▍        | 29/200 [00:27<02:40,  1.07it/s]
# Epoch: 29, train_loss: 0.3803, train_acc:0.83695, val_loss: 0.3855, val_acc:0.81765, val_f1:0.60593, test_acc:0.8309, test_f1:0.6238:  15%|█▌        | 30/200 [00:27<02:39,  1.07it/s]
# Epoch: 30, train_loss: 0.3716, train_acc:0.83765, val_loss: 0.3833, val_acc:0.81471, val_f1:0.58462, test_acc:0.8240, test_f1:0.5869:  15%|█▌        | 30/200 [00:28<02:39,  1.07it/s]
# Epoch: 30, train_loss: 0.3716, train_acc:0.83765, val_loss: 0.3833, val_acc:0.81471, val_f1:0.58462, test_acc:0.8240, test_f1:0.5869:  16%|█▌        | 31/200 [00:28<02:37,  1.07it/s]
# Epoch: 31, train_loss: 0.3618, train_acc:0.84213, val_loss: 0.3881, val_acc:0.80294, val_f1:0.53364, test_acc:0.8221, test_f1:0.5632:  16%|█▌        | 31/200 [00:29<02:37,  1.07it/s]
# Epoch: 31, train_loss: 0.3618, train_acc:0.84213, val_loss: 0.3881, val_acc:0.80294, val_f1:0.53364, test_acc:0.8221, test_f1:0.5632:  16%|█▌        | 32/200 [00:29<02:36,  1.07it/s]
# Epoch: 32, train_loss: 0.3517, train_acc:0.84732, val_loss: 0.3936, val_acc:0.80686, val_f1:0.53207, test_acc:0.8191, test_f1:0.5439:  16%|█▌        | 32/200 [00:30<02:36,  1.07it/s]
# Epoch: 32, train_loss: 0.3517, train_acc:0.84732, val_loss: 0.3936, val_acc:0.80686, val_f1:0.53207, test_acc:0.8191, test_f1:0.5439:  16%|█▋        | 33/200 [00:30<02:35,  1.08it/s]
# Epoch: 33, train_loss: 0.3419, train_acc:0.84816, val_loss: 0.3945, val_acc:0.8049, val_f1:0.52506, test_acc:0.8211, test_f1:0.5477:  16%|█▋        | 33/200 [00:31<02:35,  1.08it/s] 
# Epoch: 33, train_loss: 0.3419, train_acc:0.84816, val_loss: 0.3945, val_acc:0.8049, val_f1:0.52506, test_acc:0.8211, test_f1:0.5477:  17%|█▋        | 34/200 [00:31<02:33,  1.08it/s]
# Epoch: 34, train_loss: 0.3330, train_acc:0.85474, val_loss: 0.3846, val_acc:0.80294, val_f1:0.53147, test_acc:0.8299, test_f1:0.5834:  17%|█▋        | 34/200 [00:32<02:33,  1.08it/s]
# Epoch: 34, train_loss: 0.3330, train_acc:0.85474, val_loss: 0.3846, val_acc:0.80294, val_f1:0.53147, test_acc:0.8299, test_f1:0.5834:  18%|█▊        | 35/200 [00:32<02:32,  1.08it/s]
# Epoch: 35, train_loss: 0.3277, train_acc:0.85852, val_loss: 0.3677, val_acc:0.81863, val_f1:0.59341, test_acc:0.8382, test_f1:0.6233:  18%|█▊        | 35/200 [00:33<02:32,  1.08it/s]
# Epoch: 35, train_loss: 0.3277, train_acc:0.85852, val_loss: 0.3677, val_acc:0.81863, val_f1:0.59341, test_acc:0.8382, test_f1:0.6233:  18%|█▊        | 36/200 [00:33<02:32,  1.08it/s]
# Epoch: 36, train_loss: 0.3212, train_acc:0.86133, val_loss: 0.3521, val_acc:0.82745, val_f1:0.63934, test_acc:0.8436, test_f1:0.6588:  18%|█▊        | 36/200 [00:34<02:32,  1.08it/s]
# Epoch: 36, train_loss: 0.3212, train_acc:0.86133, val_loss: 0.3521, val_acc:0.82745, val_f1:0.63934, test_acc:0.8436, test_f1:0.6588:  18%|█▊        | 37/200 [00:34<02:31,  1.07it/s]
# Epoch: 37, train_loss: 0.3143, train_acc:0.85936, val_loss: 0.3438, val_acc:0.83627, val_f1:0.67319, test_acc:0.8480, test_f1:0.6811:  18%|█▊        | 37/200 [00:35<02:31,  1.07it/s]
# Epoch: 37, train_loss: 0.3143, train_acc:0.85936, val_loss: 0.3438, val_acc:0.83627, val_f1:0.67319, test_acc:0.8480, test_f1:0.6811:  19%|█▉        | 38/200 [00:35<02:31,  1.07it/s]
# Epoch: 38, train_loss: 0.3092, train_acc:0.86329, val_loss: 0.3416, val_acc:0.83627, val_f1:0.67946, test_acc:0.8549, test_f1:0.6986:  19%|█▉        | 38/200 [00:36<02:31,  1.07it/s]
# Epoch: 38, train_loss: 0.3092, train_acc:0.86329, val_loss: 0.3416, val_acc:0.83627, val_f1:0.67946, test_acc:0.8549, test_f1:0.6986:  20%|█▉        | 39/200 [00:36<02:30,  1.07it/s]
# Epoch: 39, train_loss: 0.3080, train_acc:0.86399, val_loss: 0.3436, val_acc:0.83431, val_f1:0.67184, test_acc:0.8564, test_f1:0.7001:  20%|█▉        | 39/200 [00:37<02:30,  1.07it/s]
# Epoch: 39, train_loss: 0.3080, train_acc:0.86399, val_loss: 0.3436, val_acc:0.83431, val_f1:0.67184, test_acc:0.8564, test_f1:0.7001:  20%|██        | 40/200 [00:37<02:29,  1.07it/s]
# Epoch: 40, train_loss: 0.3027, train_acc:0.86427, val_loss: 0.3453, val_acc:0.83039, val_f1:0.66012, test_acc:0.8569, test_f1:0.6996:  20%|██        | 40/200 [00:38<02:29,  1.07it/s]
# Epoch: 40, train_loss: 0.3027, train_acc:0.86427, val_loss: 0.3453, val_acc:0.83039, val_f1:0.66012, test_acc:0.8569, test_f1:0.6996:  20%|██        | 41/200 [00:38<02:27,  1.08it/s]
# Epoch: 41, train_loss: 0.2993, train_acc:0.86707, val_loss: 0.3443, val_acc:0.83137, val_f1:0.66142, test_acc:0.8549, test_f1:0.6942:  20%|██        | 41/200 [00:39<02:27,  1.08it/s]
# Epoch: 41, train_loss: 0.2993, train_acc:0.86707, val_loss: 0.3443, val_acc:0.83137, val_f1:0.66142, test_acc:0.8549, test_f1:0.6942:  21%|██        | 42/200 [00:39<02:26,  1.08it/s]
# Epoch: 42, train_loss: 0.2961, train_acc:0.86959, val_loss: 0.3402, val_acc:0.83431, val_f1:0.67057, test_acc:0.8569, test_f1:0.7002:  21%|██        | 42/200 [00:40<02:26,  1.08it/s]
# Epoch: 42, train_loss: 0.2961, train_acc:0.86959, val_loss: 0.3402, val_acc:0.83431, val_f1:0.67057, test_acc:0.8569, test_f1:0.7002:  22%|██▏       | 43/200 [00:40<02:25,  1.08it/s]
# Epoch: 43, train_loss: 0.2968, train_acc:0.86441, val_loss: 0.3340, val_acc:0.83725, val_f1:0.67829, test_acc:0.8588, test_f1:0.7055:  22%|██▏       | 43/200 [00:40<02:25,  1.08it/s]
# Epoch: 43, train_loss: 0.2968, train_acc:0.86441, val_loss: 0.3340, val_acc:0.83725, val_f1:0.67829, test_acc:0.8588, test_f1:0.7055:  22%|██▏       | 44/200 [00:40<02:25,  1.07it/s]
# Epoch: 44, train_loss: 0.2933, train_acc:0.86791, val_loss: 0.3270, val_acc:0.84118, val_f1:0.69084, test_acc:0.8593, test_f1:0.7098:  22%|██▏       | 44/200 [00:41<02:25,  1.07it/s]
# Epoch: 44, train_loss: 0.2933, train_acc:0.86791, val_loss: 0.3270, val_acc:0.84118, val_f1:0.69084, test_acc:0.8593, test_f1:0.7098:  22%|██▎       | 45/200 [00:41<02:24,  1.07it/s]
# Epoch: 45, train_loss: 0.2878, train_acc:0.86833, val_loss: 0.3206, val_acc:0.84216, val_f1:0.69565, test_acc:0.8618, test_f1:0.7186:  22%|██▎       | 45/200 [00:42<02:24,  1.07it/s]
# Epoch: 45, train_loss: 0.2878, train_acc:0.86833, val_loss: 0.3206, val_acc:0.84216, val_f1:0.69565, test_acc:0.8618, test_f1:0.7186:  23%|██▎       | 46/200 [00:42<02:23,  1.07it/s]
# Epoch: 46, train_loss: 0.2870, train_acc:0.86945, val_loss: 0.3177, val_acc:0.84314, val_f1:0.69811, test_acc:0.8652, test_f1:0.7275:  23%|██▎       | 46/200 [00:43<02:23,  1.07it/s]
# Epoch: 46, train_loss: 0.2870, train_acc:0.86945, val_loss: 0.3177, val_acc:0.84314, val_f1:0.69811, test_acc:0.8652, test_f1:0.7275:  24%|██▎       | 47/200 [00:43<02:23,  1.07it/s]
# Epoch: 47, train_loss: 0.2849, train_acc:0.87183, val_loss: 0.3160, val_acc:0.84314, val_f1:0.69697, test_acc:0.8652, test_f1:0.7258:  24%|██▎       | 47/200 [00:44<02:23,  1.07it/s]
# Epoch: 47, train_loss: 0.2849, train_acc:0.87183, val_loss: 0.3160, val_acc:0.84314, val_f1:0.69697, test_acc:0.8652, test_f1:0.7258:  24%|██▍       | 48/200 [00:44<02:22,  1.07it/s]
# Epoch: 48, train_loss: 0.2835, train_acc:0.87169, val_loss: 0.3158, val_acc:0.8451, val_f1:0.69962, test_acc:0.8657, test_f1:0.7249:  24%|██▍       | 48/200 [00:45<02:22,  1.07it/s] 
# Epoch: 48, train_loss: 0.2835, train_acc:0.87169, val_loss: 0.3158, val_acc:0.8451, val_f1:0.69962, test_acc:0.8657, test_f1:0.7249:  24%|██▍       | 49/200 [00:45<02:21,  1.07it/s]
# Epoch: 49, train_loss: 0.2805, train_acc:0.87253, val_loss: 0.3169, val_acc:0.84412, val_f1:0.69598, test_acc:0.8652, test_f1:0.7208:  24%|██▍       | 49/200 [00:46<02:21,  1.07it/s]
# Epoch: 49, train_loss: 0.2805, train_acc:0.87253, val_loss: 0.3169, val_acc:0.84412, val_f1:0.69598, test_acc:0.8652, test_f1:0.7208:  25%|██▌       | 50/200 [00:46<02:20,  1.07it/s]
# Epoch: 50, train_loss: 0.2790, train_acc:0.87561, val_loss: 0.3191, val_acc:0.8402, val_f1:0.68472, test_acc:0.8632, test_f1:0.7121:  25%|██▌       | 50/200 [00:47<02:20,  1.07it/s] 
# Epoch: 50, train_loss: 0.2790, train_acc:0.87561, val_loss: 0.3191, val_acc:0.8402, val_f1:0.68472, test_acc:0.8632, test_f1:0.7121:  26%|██▌       | 51/200 [00:47<02:18,  1.07it/s]
# Epoch: 51, train_loss: 0.2799, train_acc:0.87687, val_loss: 0.3211, val_acc:0.83922, val_f1:0.67717, test_acc:0.8632, test_f1:0.7097:  26%|██▌       | 51/200 [00:48<02:18,  1.07it/s]
# Epoch: 51, train_loss: 0.2799, train_acc:0.87687, val_loss: 0.3211, val_acc:0.83922, val_f1:0.67717, test_acc:0.8632, test_f1:0.7097:  26%|██▌       | 52/200 [00:48<02:17,  1.08it/s]
# Epoch: 52, train_loss: 0.2758, train_acc:0.87841, val_loss: 0.3206, val_acc:0.84216, val_f1:0.68493, test_acc:0.8652, test_f1:0.7138:  26%|██▌       | 52/200 [00:49<02:17,  1.08it/s]
# Epoch: 52, train_loss: 0.2758, train_acc:0.87841, val_loss: 0.3206, val_acc:0.84216, val_f1:0.68493, test_acc:0.8652, test_f1:0.7138:  26%|██▋       | 53/200 [00:49<02:16,  1.08it/s]
# Epoch: 53, train_loss: 0.2709, train_acc:0.87813, val_loss: 0.3191, val_acc:0.84216, val_f1:0.68616, test_acc:0.8677, test_f1:0.7211:  26%|██▋       | 53/200 [00:50<02:16,  1.08it/s]
# Epoch: 53, train_loss: 0.2709, train_acc:0.87813, val_loss: 0.3191, val_acc:0.84216, val_f1:0.68616, test_acc:0.8677, test_f1:0.7211:  27%|██▋       | 54/200 [00:50<02:15,  1.08it/s]
# Epoch: 54, train_loss: 0.2682, train_acc:0.88052, val_loss: 0.3178, val_acc:0.84314, val_f1:0.68627, test_acc:0.8681, test_f1:0.7207:  27%|██▋       | 54/200 [00:51<02:15,  1.08it/s]
# Epoch: 54, train_loss: 0.2682, train_acc:0.88052, val_loss: 0.3178, val_acc:0.84314, val_f1:0.68627, test_acc:0.8681, test_f1:0.7207:  28%|██▊       | 55/200 [00:51<02:14,  1.08it/s]
# Epoch: 55, train_loss: 0.2707, train_acc:0.88136, val_loss: 0.3155, val_acc:0.84412, val_f1:0.69006, test_acc:0.8716, test_f1:0.7310:  28%|██▊       | 55/200 [00:52<02:14,  1.08it/s]
# Epoch: 55, train_loss: 0.2707, train_acc:0.88136, val_loss: 0.3155, val_acc:0.84412, val_f1:0.69006, test_acc:0.8716, test_f1:0.7310:  28%|██▊       | 56/200 [00:52<02:13,  1.08it/s]
# Epoch: 56, train_loss: 0.2648, train_acc:0.88472, val_loss: 0.3141, val_acc:0.84314, val_f1:0.68872, test_acc:0.8730, test_f1:0.7327:  28%|██▊       | 56/200 [00:53<02:13,  1.08it/s]
# Epoch: 56, train_loss: 0.2648, train_acc:0.88472, val_loss: 0.3141, val_acc:0.84314, val_f1:0.68872, test_acc:0.8730, test_f1:0.7327:  28%|██▊       | 57/200 [00:53<02:12,  1.08it/s]
# Epoch: 57, train_loss: 0.2642, train_acc:0.88556, val_loss: 0.3147, val_acc:0.84118, val_f1:0.6811, test_acc:0.8716, test_f1:0.7259:  28%|██▊       | 57/200 [00:53<02:12,  1.08it/s] 
# Epoch: 57, train_loss: 0.2642, train_acc:0.88556, val_loss: 0.3147, val_acc:0.84118, val_f1:0.6811, test_acc:0.8716, test_f1:0.7259:  29%|██▉       | 58/200 [00:53<02:11,  1.08it/s]
# Epoch: 58, train_loss: 0.2627, train_acc:0.88458, val_loss: 0.3156, val_acc:0.8402, val_f1:0.67594, test_acc:0.8711, test_f1:0.7217:  29%|██▉       | 58/200 [00:54<02:11,  1.08it/s]
# Epoch: 58, train_loss: 0.2627, train_acc:0.88458, val_loss: 0.3156, val_acc:0.8402, val_f1:0.67594, test_acc:0.8711, test_f1:0.7217:  30%|██▉       | 59/200 [00:54<02:10,  1.08it/s]
# Epoch: 59, train_loss: 0.2601, train_acc:0.88654, val_loss: 0.3162, val_acc:0.8402, val_f1:0.67335, test_acc:0.8735, test_f1:0.7249:  30%|██▉       | 59/200 [00:55<02:10,  1.08it/s]
# Epoch: 59, train_loss: 0.2601, train_acc:0.88654, val_loss: 0.3162, val_acc:0.8402, val_f1:0.67335, test_acc:0.8735, test_f1:0.7249:  30%|███       | 60/200 [00:55<02:09,  1.08it/s]
# Epoch: 60, train_loss: 0.2560, train_acc:0.88584, val_loss: 0.3153, val_acc:0.84314, val_f1:0.68127, test_acc:0.8750, test_f1:0.7313:  30%|███       | 60/200 [00:56<02:09,  1.08it/s]
# Epoch: 60, train_loss: 0.2560, train_acc:0.88584, val_loss: 0.3153, val_acc:0.84314, val_f1:0.68127, test_acc:0.8750, test_f1:0.7313:  30%|███       | 61/200 [00:56<02:08,  1.08it/s]
# Epoch: 61, train_loss: 0.2581, train_acc:0.8878, val_loss: 0.3148, val_acc:0.84314, val_f1:0.68254, test_acc:0.8740, test_f1:0.7298:  30%|███       | 61/200 [00:57<02:08,  1.08it/s] 
# Epoch: 61, train_loss: 0.2581, train_acc:0.8878, val_loss: 0.3148, val_acc:0.84314, val_f1:0.68254, test_acc:0.8740, test_f1:0.7298:  31%|███       | 62/200 [00:57<02:07,  1.08it/s]
# Epoch: 62, train_loss: 0.2553, train_acc:0.88948, val_loss: 0.3114, val_acc:0.84608, val_f1:0.69515, test_acc:0.8799, test_f1:0.7461:  31%|███       | 62/200 [00:58<02:07,  1.08it/s]
# Epoch: 62, train_loss: 0.2553, train_acc:0.88948, val_loss: 0.3114, val_acc:0.84608, val_f1:0.69515, test_acc:0.8799, test_f1:0.7461:  32%|███▏      | 63/200 [00:58<02:07,  1.08it/s]
# Epoch: 63, train_loss: 0.2544, train_acc:0.88878, val_loss: 0.3106, val_acc:0.84608, val_f1:0.69515, test_acc:0.8823, test_f1:0.7526:  32%|███▏      | 63/200 [00:59<02:07,  1.08it/s]
# Epoch: 63, train_loss: 0.2544, train_acc:0.88878, val_loss: 0.3106, val_acc:0.84608, val_f1:0.69515, test_acc:0.8823, test_f1:0.7526:  32%|███▏      | 64/200 [00:59<02:06,  1.07it/s]
# Epoch: 64, train_loss: 0.2536, train_acc:0.8899, val_loss: 0.3077, val_acc:0.85, val_f1:0.70746, test_acc:0.8872, test_f1:0.7672:  32%|███▏      | 64/200 [01:00<02:06,  1.07it/s]    
# Epoch: 64, train_loss: 0.2536, train_acc:0.8899, val_loss: 0.3077, val_acc:0.85, val_f1:0.70746, test_acc:0.8872, test_f1:0.7672:  32%|███▎      | 65/200 [01:00<02:06,  1.07it/s]
# Epoch: 65, train_loss: 0.2516, train_acc:0.892, val_loss: 0.3047, val_acc:0.85098, val_f1:0.71321, test_acc:0.8892, test_f1:0.7762:  32%|███▎      | 65/200 [01:01<02:06,  1.07it/s]
# Epoch: 65, train_loss: 0.2516, train_acc:0.892, val_loss: 0.3047, val_acc:0.85098, val_f1:0.71321, test_acc:0.8892, test_f1:0.7762:  33%|███▎      | 66/200 [01:01<02:05,  1.07it/s]
# Epoch: 66, train_loss: 0.2475, train_acc:0.89158, val_loss: 0.3029, val_acc:0.85588, val_f1:0.72523, test_acc:0.8897, test_f1:0.7796:  33%|███▎      | 66/200 [01:02<02:05,  1.07it/s]
# Epoch: 66, train_loss: 0.2475, train_acc:0.89158, val_loss: 0.3029, val_acc:0.85588, val_f1:0.72523, test_acc:0.8897, test_f1:0.7796:  34%|███▎      | 67/200 [01:02<02:04,  1.07it/s]
# Epoch: 67, train_loss: 0.2457, train_acc:0.89452, val_loss: 0.3025, val_acc:0.85392, val_f1:0.7194, test_acc:0.8917, test_f1:0.7827:  34%|███▎      | 67/200 [01:03<02:04,  1.07it/s] 
# Epoch: 67, train_loss: 0.2457, train_acc:0.89452, val_loss: 0.3025, val_acc:0.85392, val_f1:0.7194, test_acc:0.8917, test_f1:0.7827:  34%|███▍      | 68/200 [01:03<02:03,  1.07it/s]
# Epoch: 68, train_loss: 0.2434, train_acc:0.89634, val_loss: 0.3018, val_acc:0.85294, val_f1:0.71591, test_acc:0.8931, test_f1:0.7837:  34%|███▍      | 68/200 [01:04<02:03,  1.07it/s]
# Epoch: 68, train_loss: 0.2434, train_acc:0.89634, val_loss: 0.3018, val_acc:0.85294, val_f1:0.71591, test_acc:0.8931, test_f1:0.7837:  34%|███▍      | 69/200 [01:04<02:01,  1.08it/s]
# Epoch: 69, train_loss: 0.2453, train_acc:0.89466, val_loss: 0.3000, val_acc:0.85784, val_f1:0.72795, test_acc:0.8927, test_f1:0.7847:  34%|███▍      | 69/200 [01:05<02:01,  1.08it/s]
# Epoch: 69, train_loss: 0.2453, train_acc:0.89466, val_loss: 0.3000, val_acc:0.85784, val_f1:0.72795, test_acc:0.8927, test_f1:0.7847:  35%|███▌      | 70/200 [01:05<02:01,  1.07it/s]
# Epoch: 70, train_loss: 0.2423, train_acc:0.89802, val_loss: 0.3000, val_acc:0.85784, val_f1:0.72693, test_acc:0.8941, test_f1:0.7866:  35%|███▌      | 70/200 [01:06<02:01,  1.07it/s]
# Epoch: 70, train_loss: 0.2423, train_acc:0.89802, val_loss: 0.3000, val_acc:0.85784, val_f1:0.72693, test_acc:0.8941, test_f1:0.7866:  36%|███▌      | 71/200 [01:06<02:00,  1.07it/s]
# Epoch: 71, train_loss: 0.2403, train_acc:0.89522, val_loss: 0.2987, val_acc:0.8598, val_f1:0.7307, test_acc:0.8927, test_f1:0.7842:  36%|███▌      | 71/200 [01:07<02:00,  1.07it/s]  
# Epoch: 71, train_loss: 0.2403, train_acc:0.89522, val_loss: 0.2987, val_acc:0.8598, val_f1:0.7307, test_acc:0.8927, test_f1:0.7842:  36%|███▌      | 72/200 [01:07<01:59,  1.07it/s]
# Epoch: 72, train_loss: 0.2415, train_acc:0.89704, val_loss: 0.2997, val_acc:0.85686, val_f1:0.72243, test_acc:0.8956, test_f1:0.7876:  36%|███▌      | 72/200 [01:07<01:59,  1.07it/s]
# Epoch: 72, train_loss: 0.2415, train_acc:0.89704, val_loss: 0.2997, val_acc:0.85686, val_f1:0.72243, test_acc:0.8956, test_f1:0.7876:  36%|███▋      | 73/200 [01:07<01:58,  1.07it/s]
# Epoch: 73, train_loss: 0.2381, train_acc:0.90097, val_loss: 0.2985, val_acc:0.85784, val_f1:0.72486, test_acc:0.8961, test_f1:0.7901:  36%|███▋      | 73/200 [01:08<01:58,  1.07it/s]
# Epoch: 73, train_loss: 0.2381, train_acc:0.90097, val_loss: 0.2985, val_acc:0.85784, val_f1:0.72486, test_acc:0.8961, test_f1:0.7901:  37%|███▋      | 74/200 [01:08<01:57,  1.08it/s]
# Epoch: 74, train_loss: 0.2371, train_acc:0.89774, val_loss: 0.2966, val_acc:0.8598, val_f1:0.7307, test_acc:0.8961, test_f1:0.7917:  37%|███▋      | 74/200 [01:09<01:57,  1.08it/s]  
# Epoch: 74, train_loss: 0.2371, train_acc:0.89774, val_loss: 0.2966, val_acc:0.8598, val_f1:0.7307, test_acc:0.8961, test_f1:0.7917:  38%|███▊      | 75/200 [01:09<01:56,  1.07it/s]
# Epoch: 75, train_loss: 0.2354, train_acc:0.89732, val_loss: 0.2963, val_acc:0.86176, val_f1:0.73446, test_acc:0.8966, test_f1:0.7925:  38%|███▊      | 75/200 [01:10<01:56,  1.07it/s]
# Epoch: 75, train_loss: 0.2354, train_acc:0.89732, val_loss: 0.2963, val_acc:0.86176, val_f1:0.73446, test_acc:0.8966, test_f1:0.7925:  38%|███▊      | 76/200 [01:10<01:55,  1.07it/s]
# Epoch: 76, train_loss: 0.2350, train_acc:0.89999, val_loss: 0.2950, val_acc:0.86275, val_f1:0.73881, test_acc:0.8985, test_f1:0.7988:  38%|███▊      | 76/200 [01:11<01:55,  1.07it/s]
# Epoch: 76, train_loss: 0.2350, train_acc:0.89999, val_loss: 0.2950, val_acc:0.86275, val_f1:0.73881, test_acc:0.8985, test_f1:0.7988:  38%|███▊      | 77/200 [01:11<01:54,  1.07it/s]
# Epoch: 77, train_loss: 0.2355, train_acc:0.89971, val_loss: 0.2941, val_acc:0.86275, val_f1:0.73978, test_acc:0.9000, test_f1:0.8027:  38%|███▊      | 77/200 [01:12<01:54,  1.07it/s]
# Epoch: 77, train_loss: 0.2355, train_acc:0.89971, val_loss: 0.2941, val_acc:0.86275, val_f1:0.73978, test_acc:0.9000, test_f1:0.8027:  39%|███▉      | 78/200 [01:12<01:54,  1.07it/s]
# Epoch: 78, train_loss: 0.2289, train_acc:0.90237, val_loss: 0.2925, val_acc:0.86176, val_f1:0.74033, test_acc:0.9000, test_f1:0.8042:  39%|███▉      | 78/200 [01:13<01:54,  1.07it/s]
# Epoch: 78, train_loss: 0.2289, train_acc:0.90237, val_loss: 0.2925, val_acc:0.86176, val_f1:0.74033, test_acc:0.9000, test_f1:0.8042:  40%|███▉      | 79/200 [01:13<01:52,  1.07it/s]
# Epoch: 79, train_loss: 0.2289, train_acc:0.90055, val_loss: 0.2918, val_acc:0.86373, val_f1:0.74401, test_acc:0.9020, test_f1:0.8058:  40%|███▉      | 79/200 [01:14<01:52,  1.07it/s]
# Epoch: 79, train_loss: 0.2289, train_acc:0.90055, val_loss: 0.2918, val_acc:0.86373, val_f1:0.74401, test_acc:0.9020, test_f1:0.8058:  40%|████      | 80/200 [01:14<01:52,  1.07it/s]
# Epoch: 80, train_loss: 0.2326, train_acc:0.90391, val_loss: 0.2924, val_acc:0.86569, val_f1:0.742, test_acc:0.9024, test_f1:0.8051:  40%|████      | 80/200 [01:15<01:52,  1.07it/s]  
# Epoch: 80, train_loss: 0.2326, train_acc:0.90391, val_loss: 0.2924, val_acc:0.86569, val_f1:0.742, test_acc:0.9024, test_f1:0.8051:  40%|████      | 81/200 [01:15<01:51,  1.07it/s]
# Epoch: 81, train_loss: 0.2288, train_acc:0.90629, val_loss: 0.2958, val_acc:0.86078, val_f1:0.72797, test_acc:0.9024, test_f1:0.8020:  40%|████      | 81/200 [01:16<01:51,  1.07it/s]
# Epoch: 81, train_loss: 0.2288, train_acc:0.90629, val_loss: 0.2958, val_acc:0.86078, val_f1:0.72797, test_acc:0.9024, test_f1:0.8020:  41%|████      | 82/200 [01:16<01:49,  1.07it/s]
# Epoch: 82, train_loss: 0.2269, train_acc:0.90027, val_loss: 0.2975, val_acc:0.86176, val_f1:0.72937, test_acc:0.9005, test_f1:0.7964:  41%|████      | 82/200 [01:17<01:49,  1.07it/s]
# Epoch: 82, train_loss: 0.2269, train_acc:0.90027, val_loss: 0.2975, val_acc:0.86176, val_f1:0.72937, test_acc:0.9005, test_f1:0.7964:  42%|████▏     | 83/200 [01:17<01:48,  1.08it/s]
# Epoch: 83, train_loss: 0.2265, train_acc:0.90363, val_loss: 0.2922, val_acc:0.86471, val_f1:0.73962, test_acc:0.9024, test_f1:0.8032:  42%|████▏     | 83/200 [01:18<01:48,  1.08it/s]
# Epoch: 83, train_loss: 0.2265, train_acc:0.90363, val_loss: 0.2922, val_acc:0.86471, val_f1:0.73962, test_acc:0.9024, test_f1:0.8032:  42%|████▏     | 84/200 [01:18<01:47,  1.08it/s]
# Epoch: 84, train_loss: 0.2217, train_acc:0.90713, val_loss: 0.2894, val_acc:0.86569, val_f1:0.74296, test_acc:0.9005, test_f1:0.8016:  42%|████▏     | 84/200 [01:19<01:47,  1.08it/s]
# Epoch: 84, train_loss: 0.2217, train_acc:0.90713, val_loss: 0.2894, val_acc:0.86569, val_f1:0.74296, test_acc:0.9005, test_f1:0.8016:  42%|████▎     | 85/200 [01:19<01:47,  1.07it/s]
# Epoch: 85, train_loss: 0.2218, train_acc:0.90629, val_loss: 0.2877, val_acc:0.86863, val_f1:0.75093, test_acc:0.9010, test_f1:0.8035:  42%|████▎     | 85/200 [01:20<01:47,  1.07it/s]
# Epoch: 85, train_loss: 0.2218, train_acc:0.90629, val_loss: 0.2877, val_acc:0.86863, val_f1:0.75093, test_acc:0.9010, test_f1:0.8035:  43%|████▎     | 86/200 [01:20<01:46,  1.07it/s]
# Epoch: 86, train_loss: 0.2235, train_acc:0.90531, val_loss: 0.2893, val_acc:0.86471, val_f1:0.73864, test_acc:0.9039, test_f1:0.8063:  43%|████▎     | 86/200 [01:21<01:46,  1.07it/s]
# Epoch: 86, train_loss: 0.2235, train_acc:0.90531, val_loss: 0.2893, val_acc:0.86471, val_f1:0.73864, test_acc:0.9039, test_f1:0.8063:  44%|████▎     | 87/200 [01:21<01:45,  1.07it/s]
# Epoch: 87, train_loss: 0.2211, train_acc:0.90783, val_loss: 0.2904, val_acc:0.86569, val_f1:0.74102, test_acc:0.9034, test_f1:0.8051:  44%|████▎     | 87/200 [01:21<01:45,  1.07it/s]
# Epoch: 87, train_loss: 0.2211, train_acc:0.90783, val_loss: 0.2904, val_acc:0.86569, val_f1:0.74102, test_acc:0.9034, test_f1:0.8051:  44%|████▍     | 88/200 [01:21<01:44,  1.08it/s]
# Epoch: 88, train_loss: 0.2186, train_acc:0.90559, val_loss: 0.2874, val_acc:0.86569, val_f1:0.74583, test_acc:0.9044, test_f1:0.8120:  44%|████▍     | 88/200 [01:22<01:44,  1.08it/s]
# Epoch: 88, train_loss: 0.2186, train_acc:0.90559, val_loss: 0.2874, val_acc:0.86569, val_f1:0.74583, test_acc:0.9044, test_f1:0.8120:  44%|████▍     | 89/200 [01:22<01:43,  1.08it/s]
# Epoch: 89, train_loss: 0.2175, train_acc:0.90993, val_loss: 0.2852, val_acc:0.86569, val_f1:0.75226, test_acc:0.9039, test_f1:0.8165:  44%|████▍     | 89/200 [01:23<01:43,  1.08it/s]
# Epoch: 89, train_loss: 0.2175, train_acc:0.90993, val_loss: 0.2852, val_acc:0.86569, val_f1:0.75226, test_acc:0.9039, test_f1:0.8165:  45%|████▌     | 90/200 [01:23<01:42,  1.08it/s]
# Epoch: 90, train_loss: 0.2183, train_acc:0.90727, val_loss: 0.2836, val_acc:0.86765, val_f1:0.7532, test_acc:0.9049, test_f1:0.8166:  45%|████▌     | 90/200 [01:24<01:42,  1.08it/s] 
# Epoch: 90, train_loss: 0.2183, train_acc:0.90727, val_loss: 0.2836, val_acc:0.86765, val_f1:0.7532, test_acc:0.9049, test_f1:0.8166:  46%|████▌     | 91/200 [01:24<01:41,  1.08it/s]
# Epoch: 91, train_loss: 0.2193, train_acc:0.90881, val_loss: 0.2837, val_acc:0.87157, val_f1:0.75605, test_acc:0.9078, test_f1:0.8178:  46%|████▌     | 91/200 [01:25<01:41,  1.08it/s]
# Epoch: 91, train_loss: 0.2193, train_acc:0.90881, val_loss: 0.2837, val_acc:0.87157, val_f1:0.75605, test_acc:0.9078, test_f1:0.8178:  46%|████▌     | 92/200 [01:25<01:40,  1.07it/s]
# Epoch: 92, train_loss: 0.2181, train_acc:0.90825, val_loss: 0.2832, val_acc:0.86961, val_f1:0.75047, test_acc:0.9083, test_f1:0.8172:  46%|████▌     | 92/200 [01:26<01:40,  1.07it/s]
# Epoch: 92, train_loss: 0.2181, train_acc:0.90825, val_loss: 0.2832, val_acc:0.86961, val_f1:0.75047, test_acc:0.9083, test_f1:0.8172:  46%|████▋     | 93/200 [01:26<01:39,  1.08it/s]
# Epoch: 93, train_loss: 0.2145, train_acc:0.91161, val_loss: 0.2812, val_acc:0.87059, val_f1:0.75373, test_acc:0.9078, test_f1:0.8164:  46%|████▋     | 93/200 [01:27<01:39,  1.08it/s]
# Epoch: 93, train_loss: 0.2145, train_acc:0.91161, val_loss: 0.2812, val_acc:0.87059, val_f1:0.75373, test_acc:0.9078, test_f1:0.8164:  47%|████▋     | 94/200 [01:27<01:38,  1.08it/s]
# Epoch: 94, train_loss: 0.2096, train_acc:0.91007, val_loss: 0.2776, val_acc:0.87059, val_f1:0.76259, test_acc:0.9103, test_f1:0.8285:  47%|████▋     | 94/200 [01:28<01:38,  1.08it/s]
# Epoch: 94, train_loss: 0.2096, train_acc:0.91007, val_loss: 0.2776, val_acc:0.87059, val_f1:0.76259, test_acc:0.9103, test_f1:0.8285:  48%|████▊     | 95/200 [01:28<01:37,  1.08it/s]
# Epoch: 95, train_loss: 0.2108, train_acc:0.91217, val_loss: 0.2781, val_acc:0.87157, val_f1:0.77138, test_acc:0.9054, test_f1:0.8231:  48%|████▊     | 95/200 [01:29<01:37,  1.08it/s]
# Epoch: 95, train_loss: 0.2108, train_acc:0.91217, val_loss: 0.2781, val_acc:0.87157, val_f1:0.77138, test_acc:0.9054, test_f1:0.8231:  48%|████▊     | 96/200 [01:29<01:36,  1.07it/s]
# Epoch: 96, train_loss: 0.2107, train_acc:0.91245, val_loss: 0.2782, val_acc:0.86863, val_f1:0.76897, test_acc:0.9034, test_f1:0.8201:  48%|████▊     | 96/200 [01:30<01:36,  1.07it/s]
# Epoch: 96, train_loss: 0.2107, train_acc:0.91245, val_loss: 0.2782, val_acc:0.86863, val_f1:0.76897, test_acc:0.9034, test_f1:0.8201:  48%|████▊     | 97/200 [01:30<01:35,  1.08it/s]
# Epoch: 97, train_loss: 0.2091, train_acc:0.91217, val_loss: 0.2774, val_acc:0.87255, val_f1:0.76534, test_acc:0.9118, test_f1:0.8302:  48%|████▊     | 97/200 [01:31<01:35,  1.08it/s]
# Epoch: 97, train_loss: 0.2091, train_acc:0.91217, val_loss: 0.2774, val_acc:0.87255, val_f1:0.76534, test_acc:0.9118, test_f1:0.8302:  49%|████▉     | 98/200 [01:31<01:34,  1.07it/s]
# Epoch: 98, train_loss: 0.2072, train_acc:0.91133, val_loss: 0.2818, val_acc:0.87451, val_f1:0.75665, test_acc:0.9078, test_f1:0.8150:  49%|████▉     | 98/200 [01:32<01:34,  1.07it/s]
# Epoch: 98, train_loss: 0.2072, train_acc:0.91133, val_loss: 0.2818, val_acc:0.87451, val_f1:0.75665, test_acc:0.9078, test_f1:0.8150:  50%|████▉     | 99/200 [01:32<01:34,  1.07it/s]
# Epoch: 99, train_loss: 0.2089, train_acc:0.91175, val_loss: 0.2840, val_acc:0.86863, val_f1:0.7433, test_acc:0.9044, test_f1:0.8056:  50%|████▉     | 99/200 [01:33<01:34,  1.07it/s] 
# Epoch: 99, train_loss: 0.2089, train_acc:0.91175, val_loss: 0.2840, val_acc:0.86863, val_f1:0.7433, test_acc:0.9044, test_f1:0.8056:  50%|█████     | 100/200 [01:33<01:33,  1.07it/s]
# Epoch: 100, train_loss: 0.2059, train_acc:0.91287, val_loss: 0.2750, val_acc:0.87451, val_f1:0.76812, test_acc:0.9127, test_f1:0.8311:  50%|█████     | 100/200 [01:34<01:33,  1.07it/s]
# Epoch: 100, train_loss: 0.2059, train_acc:0.91287, val_loss: 0.2750, val_acc:0.87451, val_f1:0.76812, test_acc:0.9127, test_f1:0.8311:  50%|█████     | 101/200 [01:34<01:34,  1.05it/s]
# Epoch: 101, train_loss: 0.2081, train_acc:0.9168, val_loss: 0.2742, val_acc:0.87157, val_f1:0.77375, test_acc:0.9083, test_f1:0.8289:  50%|█████     | 101/200 [01:35<01:34,  1.05it/s] 
# Epoch: 101, train_loss: 0.2081, train_acc:0.9168, val_loss: 0.2742, val_acc:0.87157, val_f1:0.77375, test_acc:0.9083, test_f1:0.8289:  51%|█████     | 102/200 [01:35<01:32,  1.06it/s]
# Epoch: 102, train_loss: 0.2076, train_acc:0.91413, val_loss: 0.2747, val_acc:0.87157, val_f1:0.77375, test_acc:0.9078, test_f1:0.8297:  51%|█████     | 102/200 [01:35<01:32,  1.06it/s]
# Epoch: 102, train_loss: 0.2076, train_acc:0.91413, val_loss: 0.2747, val_acc:0.87157, val_f1:0.77375, test_acc:0.9078, test_f1:0.8297:  52%|█████▏    | 103/200 [01:35<01:31,  1.06it/s]
# Epoch: 103, train_loss: 0.2052, train_acc:0.91511, val_loss: 0.2733, val_acc:0.87745, val_f1:0.78109, test_acc:0.9113, test_f1:0.8326:  52%|█████▏    | 103/200 [01:36<01:31,  1.06it/s]
# Epoch: 103, train_loss: 0.2052, train_acc:0.91511, val_loss: 0.2733, val_acc:0.87745, val_f1:0.78109, test_acc:0.9113, test_f1:0.8326:  52%|█████▏    | 104/200 [01:36<01:30,  1.06it/s]
# Epoch: 104, train_loss: 0.2032, train_acc:0.91427, val_loss: 0.2735, val_acc:0.87843, val_f1:0.77936, test_acc:0.9137, test_f1:0.8340:  52%|█████▏    | 104/200 [01:37<01:30,  1.06it/s]
# Epoch: 104, train_loss: 0.2032, train_acc:0.91427, val_loss: 0.2735, val_acc:0.87843, val_f1:0.77936, test_acc:0.9137, test_f1:0.8340:  52%|█████▎    | 105/200 [01:37<01:29,  1.06it/s]
# Epoch: 105, train_loss: 0.2027, train_acc:0.9175, val_loss: 0.2746, val_acc:0.87745, val_f1:0.77477, test_acc:0.9137, test_f1:0.8321:  52%|█████▎    | 105/200 [01:38<01:29,  1.06it/s] 
# Epoch: 105, train_loss: 0.2027, train_acc:0.9175, val_loss: 0.2746, val_acc:0.87745, val_f1:0.77477, test_acc:0.9137, test_f1:0.8321:  53%|█████▎    | 106/200 [01:38<01:27,  1.07it/s]
# Epoch: 106, train_loss: 0.1998, train_acc:0.91694, val_loss: 0.2748, val_acc:0.87941, val_f1:0.77917, test_acc:0.9137, test_f1:0.8327:  53%|█████▎    | 106/200 [01:39<01:27,  1.07it/s]
# Epoch: 106, train_loss: 0.1998, train_acc:0.91694, val_loss: 0.2748, val_acc:0.87941, val_f1:0.77917, test_acc:0.9137, test_f1:0.8327:  54%|█████▎    | 107/200 [01:39<01:27,  1.07it/s]
# Epoch: 107, train_loss: 0.2012, train_acc:0.91834, val_loss: 0.2745, val_acc:0.87843, val_f1:0.77936, test_acc:0.9123, test_f1:0.8306:  54%|█████▎    | 107/200 [01:40<01:27,  1.07it/s]
# Epoch: 107, train_loss: 0.2012, train_acc:0.91834, val_loss: 0.2745, val_acc:0.87843, val_f1:0.77936, test_acc:0.9123, test_f1:0.8306:  54%|█████▍    | 108/200 [01:40<01:25,  1.07it/s]
# Epoch: 108, train_loss: 0.2018, train_acc:0.91595, val_loss: 0.2740, val_acc:0.87549, val_f1:0.77522, test_acc:0.9127, test_f1:0.8333:  54%|█████▍    | 108/200 [01:41<01:25,  1.07it/s]
# Epoch: 108, train_loss: 0.2018, train_acc:0.91595, val_loss: 0.2740, val_acc:0.87549, val_f1:0.77522, test_acc:0.9127, test_f1:0.8333:  55%|█████▍    | 109/200 [01:41<01:24,  1.07it/s]
# Epoch: 109, train_loss: 0.1984, train_acc:0.91637, val_loss: 0.2742, val_acc:0.87255, val_f1:0.77352, test_acc:0.9113, test_f1:0.8323:  55%|█████▍    | 109/200 [01:42<01:24,  1.07it/s]
# Epoch: 109, train_loss: 0.1984, train_acc:0.91637, val_loss: 0.2742, val_acc:0.87255, val_f1:0.77352, test_acc:0.9113, test_f1:0.8323:  55%|█████▌    | 110/200 [01:42<01:23,  1.08it/s]
# Epoch: 110, train_loss: 0.1982, train_acc:0.91764, val_loss: 0.2741, val_acc:0.87451, val_f1:0.777, test_acc:0.9108, test_f1:0.8315:  55%|█████▌    | 110/200 [01:43<01:23,  1.08it/s]  
# Epoch: 110, train_loss: 0.1982, train_acc:0.91764, val_loss: 0.2741, val_acc:0.87451, val_f1:0.777, test_acc:0.9108, test_f1:0.8315:  56%|█████▌    | 111/200 [01:43<01:22,  1.08it/s]
# Epoch: 111, train_loss: 0.1988, train_acc:0.91736, val_loss: 0.2747, val_acc:0.87843, val_f1:0.77206, test_acc:0.9142, test_f1:0.8316:  56%|█████▌    | 111/200 [01:44<01:22,  1.08it/s]
# Epoch: 111, train_loss: 0.1988, train_acc:0.91736, val_loss: 0.2747, val_acc:0.87843, val_f1:0.77206, test_acc:0.9142, test_f1:0.8316:  56%|█████▌    | 112/200 [01:44<01:21,  1.08it/s]
# Epoch: 112, train_loss: 0.1988, train_acc:0.91595, val_loss: 0.2765, val_acc:0.87451, val_f1:0.76471, test_acc:0.9152, test_f1:0.8328:  56%|█████▌    | 112/200 [01:45<01:21,  1.08it/s]
# Epoch: 112, train_loss: 0.1988, train_acc:0.91595, val_loss: 0.2765, val_acc:0.87451, val_f1:0.76471, test_acc:0.9152, test_f1:0.8328:  56%|█████▋    | 113/200 [01:45<01:20,  1.08it/s]
# Epoch: 113, train_loss: 0.1961, train_acc:0.91932, val_loss: 0.2757, val_acc:0.87353, val_f1:0.76503, test_acc:0.9167, test_f1:0.8368:  56%|█████▋    | 113/200 [01:46<01:20,  1.08it/s]
# Epoch: 113, train_loss: 0.1961, train_acc:0.91932, val_loss: 0.2757, val_acc:0.87353, val_f1:0.76503, test_acc:0.9167, test_f1:0.8368:  57%|█████▋    | 114/200 [01:46<01:19,  1.08it/s]
# Epoch: 114, train_loss: 0.1931, train_acc:0.92128, val_loss: 0.2737, val_acc:0.87549, val_f1:0.77601, test_acc:0.9127, test_f1:0.8333:  57%|█████▋    | 114/200 [01:47<01:19,  1.08it/s]
# Epoch: 114, train_loss: 0.1931, train_acc:0.92128, val_loss: 0.2737, val_acc:0.87549, val_f1:0.77601, test_acc:0.9127, test_f1:0.8333:  57%|█████▊    | 115/200 [01:47<01:18,  1.08it/s]
# Epoch: 115, train_loss: 0.1905, train_acc:0.92044, val_loss: 0.2747, val_acc:0.87451, val_f1:0.77931, test_acc:0.9118, test_f1:0.8343:  57%|█████▊    | 115/200 [01:48<01:18,  1.08it/s]
# Epoch: 115, train_loss: 0.1905, train_acc:0.92044, val_loss: 0.2747, val_acc:0.87451, val_f1:0.77931, test_acc:0.9118, test_f1:0.8343:  58%|█████▊    | 116/200 [01:48<01:17,  1.08it/s]
# Epoch: 116, train_loss: 0.1935, train_acc:0.91988, val_loss: 0.2757, val_acc:0.87451, val_f1:0.78157, test_acc:0.9098, test_f1:0.8321:  58%|█████▊    | 116/200 [01:48<01:17,  1.08it/s]
# Epoch: 116, train_loss: 0.1935, train_acc:0.91988, val_loss: 0.2757, val_acc:0.87451, val_f1:0.78157, test_acc:0.9098, test_f1:0.8321:  58%|█████▊    | 117/200 [01:48<01:16,  1.08it/s]
# Epoch: 117, train_loss: 0.1917, train_acc:0.91862, val_loss: 0.2734, val_acc:0.87843, val_f1:0.78169, test_acc:0.9147, test_f1:0.8371:  58%|█████▊    | 117/200 [01:49<01:16,  1.08it/s]
# Epoch: 117, train_loss: 0.1917, train_acc:0.91862, val_loss: 0.2734, val_acc:0.87843, val_f1:0.78169, test_acc:0.9147, test_f1:0.8371:  59%|█████▉    | 118/200 [01:49<01:15,  1.08it/s]
# Epoch: 118, train_loss: 0.1904, train_acc:0.92254, val_loss: 0.2739, val_acc:0.87745, val_f1:0.77231, test_acc:0.9162, test_f1:0.8370:  59%|█████▉    | 118/200 [01:50<01:15,  1.08it/s]
# Epoch: 118, train_loss: 0.1904, train_acc:0.92254, val_loss: 0.2739, val_acc:0.87745, val_f1:0.77231, test_acc:0.9162, test_f1:0.8370:  60%|█████▉    | 119/200 [01:50<01:14,  1.08it/s]
# Epoch: 119, train_loss: 0.1900, train_acc:0.92184, val_loss: 0.2719, val_acc:0.87451, val_f1:0.76895, test_acc:0.9142, test_f1:0.8332:  60%|█████▉    | 119/200 [01:51<01:14,  1.08it/s]
# Epoch: 119, train_loss: 0.1900, train_acc:0.92184, val_loss: 0.2719, val_acc:0.87451, val_f1:0.76895, test_acc:0.9142, test_f1:0.8332:  60%|██████    | 120/200 [01:51<01:14,  1.08it/s]
# Epoch: 120, train_loss: 0.1912, train_acc:0.92072, val_loss: 0.2721, val_acc:0.87647, val_f1:0.77817, test_acc:0.9123, test_f1:0.8329:  60%|██████    | 120/200 [01:52<01:14,  1.08it/s]
# Epoch: 120, train_loss: 0.1912, train_acc:0.92072, val_loss: 0.2721, val_acc:0.87647, val_f1:0.77817, test_acc:0.9123, test_f1:0.8329:  60%|██████    | 121/200 [01:52<01:13,  1.08it/s]
# Epoch: 121, train_loss: 0.1884, train_acc:0.92254, val_loss: 0.2731, val_acc:0.87941, val_f1:0.78756, test_acc:0.9113, test_f1:0.8326:  60%|██████    | 121/200 [01:53<01:13,  1.08it/s]
# Epoch: 121, train_loss: 0.1884, train_acc:0.92254, val_loss: 0.2731, val_acc:0.87941, val_f1:0.78756, test_acc:0.9113, test_f1:0.8326:  61%|██████    | 122/200 [01:53<01:12,  1.08it/s]
# Epoch: 122, train_loss: 0.1891, train_acc:0.92296, val_loss: 0.2723, val_acc:0.87255, val_f1:0.76703, test_acc:0.9176, test_f1:0.8412:  61%|██████    | 122/200 [01:54<01:12,  1.08it/s]
# Epoch: 122, train_loss: 0.1891, train_acc:0.92296, val_loss: 0.2723, val_acc:0.87255, val_f1:0.76703, test_acc:0.9176, test_f1:0.8412:  62%|██████▏   | 123/200 [01:54<01:11,  1.08it/s]
# Epoch: 123, train_loss: 0.1917, train_acc:0.92086, val_loss: 0.2754, val_acc:0.87941, val_f1:0.7718, test_acc:0.9137, test_f1:0.8281:  62%|██████▏   | 123/200 [01:55<01:11,  1.08it/s] 
# Epoch: 123, train_loss: 0.1917, train_acc:0.92086, val_loss: 0.2754, val_acc:0.87941, val_f1:0.7718, test_acc:0.9137, test_f1:0.8281:  62%|██████▏   | 124/200 [01:55<01:10,  1.07it/s]
# Epoch: 124, train_loss: 0.1856, train_acc:0.92072, val_loss: 0.2786, val_acc:0.87941, val_f1:0.76749, test_acc:0.9132, test_f1:0.8260:  62%|██████▏   | 124/200 [01:56<01:10,  1.07it/s]
# Epoch: 124, train_loss: 0.1856, train_acc:0.92072, val_loss: 0.2786, val_acc:0.87941, val_f1:0.76749, test_acc:0.9132, test_f1:0.8260:  62%|██████▎   | 125/200 [01:56<01:09,  1.07it/s]
# Epoch: 125, train_loss: 0.1876, train_acc:0.92128, val_loss: 0.2766, val_acc:0.87941, val_f1:0.77677, test_acc:0.9176, test_f1:0.8394:  62%|██████▎   | 125/200 [01:57<01:09,  1.07it/s]
# Epoch: 125, train_loss: 0.1876, train_acc:0.92128, val_loss: 0.2766, val_acc:0.87941, val_f1:0.77677, test_acc:0.9176, test_f1:0.8394:  63%|██████▎   | 126/200 [01:57<01:09,  1.07it/s]
# Epoch: 126, train_loss: 0.1862, train_acc:0.92226, val_loss: 0.2753, val_acc:0.88235, val_f1:0.78799, test_acc:0.9147, test_f1:0.8371:  63%|██████▎   | 126/200 [01:58<01:09,  1.07it/s]
# Epoch: 126, train_loss: 0.1862, train_acc:0.92226, val_loss: 0.2753, val_acc:0.88235, val_f1:0.78799, test_acc:0.9147, test_f1:0.8371:  64%|██████▎   | 127/200 [01:58<01:08,  1.07it/s]
# Epoch: 127, train_loss: 0.1803, train_acc:0.9266, val_loss: 0.2743, val_acc:0.88235, val_f1:0.78947, test_acc:0.9142, test_f1:0.8372:  64%|██████▎   | 127/200 [01:59<01:08,  1.07it/s] 
# Epoch: 127, train_loss: 0.1803, train_acc:0.9266, val_loss: 0.2743, val_acc:0.88235, val_f1:0.78947, test_acc:0.9142, test_f1:0.8372:  64%|██████▍   | 128/200 [01:59<01:07,  1.07it/s]
# Epoch: 128, train_loss: 0.1845, train_acc:0.92366, val_loss: 0.2722, val_acc:0.88039, val_f1:0.78521, test_acc:0.9162, test_f1:0.8391:  64%|██████▍   | 128/200 [02:00<01:07,  1.07it/s]
# Epoch: 128, train_loss: 0.1845, train_acc:0.92366, val_loss: 0.2722, val_acc:0.88039, val_f1:0.78521, test_acc:0.9162, test_f1:0.8391:  64%|██████▍   | 129/200 [02:00<01:06,  1.07it/s]
# Epoch: 129, train_loss: 0.1864, train_acc:0.9238, val_loss: 0.2695, val_acc:0.88039, val_f1:0.78136, test_acc:0.9157, test_f1:0.8368:  64%|██████▍   | 129/200 [02:01<01:06,  1.07it/s] 
# Epoch: 129, train_loss: 0.1864, train_acc:0.9238, val_loss: 0.2695, val_acc:0.88039, val_f1:0.78136, test_acc:0.9157, test_f1:0.8368:  65%|██████▌   | 130/200 [02:01<01:05,  1.07it/s]
# Epoch: 130, train_loss: 0.1829, train_acc:0.92576, val_loss: 0.2693, val_acc:0.87941, val_f1:0.77838, test_acc:0.9167, test_f1:0.8384:  65%|██████▌   | 130/200 [02:01<01:05,  1.07it/s]
# Epoch: 130, train_loss: 0.1829, train_acc:0.92576, val_loss: 0.2693, val_acc:0.87941, val_f1:0.77838, test_acc:0.9167, test_f1:0.8384:  66%|██████▌   | 131/200 [02:01<01:04,  1.08it/s]
# Epoch: 131, train_loss: 0.1826, train_acc:0.92828, val_loss: 0.2692, val_acc:0.87843, val_f1:0.77857, test_acc:0.9167, test_f1:0.8390:  66%|██████▌   | 131/200 [02:02<01:04,  1.08it/s]
# Epoch: 131, train_loss: 0.1826, train_acc:0.92828, val_loss: 0.2692, val_acc:0.87843, val_f1:0.77857, test_acc:0.9167, test_f1:0.8390:  66%|██████▌   | 132/200 [02:02<01:03,  1.08it/s]
# Epoch: 132, train_loss: 0.1801, train_acc:0.92842, val_loss: 0.2691, val_acc:0.88039, val_f1:0.78746, test_acc:0.9167, test_f1:0.8405:  66%|██████▌   | 132/200 [02:03<01:03,  1.08it/s]
# Epoch: 132, train_loss: 0.1801, train_acc:0.92842, val_loss: 0.2691, val_acc:0.88039, val_f1:0.78746, test_acc:0.9167, test_f1:0.8405:  66%|██████▋   | 133/200 [02:03<01:02,  1.08it/s]
# Epoch: 133, train_loss: 0.1807, train_acc:0.92562, val_loss: 0.2701, val_acc:0.87843, val_f1:0.78767, test_acc:0.9162, test_f1:0.8421:  66%|██████▋   | 133/200 [02:04<01:02,  1.08it/s]
# Epoch: 133, train_loss: 0.1807, train_acc:0.92562, val_loss: 0.2701, val_acc:0.87843, val_f1:0.78767, test_acc:0.9162, test_f1:0.8421:  67%|██████▋   | 134/200 [02:04<01:01,  1.08it/s]
# Epoch: 134, train_loss: 0.1781, train_acc:0.92842, val_loss: 0.2709, val_acc:0.87941, val_f1:0.7883, test_acc:0.9162, test_f1:0.8421:  67%|██████▋   | 134/200 [02:05<01:01,  1.08it/s] 
# Epoch: 134, train_loss: 0.1781, train_acc:0.92842, val_loss: 0.2709, val_acc:0.87941, val_f1:0.7883, test_acc:0.9162, test_f1:0.8421:  68%|██████▊   | 135/200 [02:05<01:00,  1.08it/s]
# Epoch: 135, train_loss: 0.1800, train_acc:0.92604, val_loss: 0.2720, val_acc:0.88235, val_f1:0.78339, test_acc:0.9186, test_f1:0.8416:  68%|██████▊   | 135/200 [02:06<01:00,  1.08it/s]
# Epoch: 135, train_loss: 0.1800, train_acc:0.92604, val_loss: 0.2720, val_acc:0.88235, val_f1:0.78339, test_acc:0.9186, test_f1:0.8416:  68%|██████▊   | 136/200 [02:06<00:59,  1.08it/s]
# Epoch: 136, train_loss: 0.1785, train_acc:0.92772, val_loss: 0.2769, val_acc:0.88039, val_f1:0.77239, test_acc:0.9142, test_f1:0.8293:  68%|██████▊   | 136/200 [02:07<00:59,  1.08it/s]
# Epoch: 136, train_loss: 0.1785, train_acc:0.92772, val_loss: 0.2769, val_acc:0.88039, val_f1:0.77239, test_acc:0.9142, test_f1:0.8293:  68%|██████▊   | 137/200 [02:07<00:58,  1.08it/s]
# Epoch: 137, train_loss: 0.1785, train_acc:0.92688, val_loss: 0.2761, val_acc:0.87941, val_f1:0.77264, test_acc:0.9147, test_f1:0.8304:  68%|██████▊   | 137/200 [02:08<00:58,  1.08it/s]
# Epoch: 137, train_loss: 0.1785, train_acc:0.92688, val_loss: 0.2761, val_acc:0.87941, val_f1:0.77264, test_acc:0.9147, test_f1:0.8304:  69%|██████▉   | 138/200 [02:08<00:57,  1.08it/s]
# Epoch: 138, train_loss: 0.1777, train_acc:0.92996, val_loss: 0.2725, val_acc:0.87941, val_f1:0.77838, test_acc:0.9211, test_f1:0.8468:  69%|██████▉   | 138/200 [02:09<00:57,  1.08it/s]
# Epoch: 138, train_loss: 0.1777, train_acc:0.92996, val_loss: 0.2725, val_acc:0.87941, val_f1:0.77838, test_acc:0.9211, test_f1:0.8468:  70%|██████▉   | 139/200 [02:09<00:56,  1.08it/s]
# Epoch: 139, train_loss: 0.1764, train_acc:0.92744, val_loss: 0.2740, val_acc:0.88039, val_f1:0.79181, test_acc:0.9157, test_f1:0.8419:  70%|██████▉   | 139/200 [02:10<00:56,  1.08it/s]
# Epoch: 139, train_loss: 0.1764, train_acc:0.92744, val_loss: 0.2740, val_acc:0.88039, val_f1:0.79181, test_acc:0.9157, test_f1:0.8419:  70%|███████   | 140/200 [02:10<00:55,  1.08it/s]
# Epoch: 140, train_loss: 0.1742, train_acc:0.92856, val_loss: 0.2833, val_acc:0.88529, val_f1:0.80725, test_acc:0.9093, test_f1:0.8350:  70%|███████   | 140/200 [02:11<00:55,  1.08it/s]
# Epoch: 140, train_loss: 0.1742, train_acc:0.92856, val_loss: 0.2833, val_acc:0.88529, val_f1:0.80725, test_acc:0.9093, test_f1:0.8350:  70%|███████   | 141/200 [02:11<00:54,  1.07it/s]
# Epoch: 141, train_loss: 0.1772, train_acc:0.92786, val_loss: 0.2788, val_acc:0.87941, val_f1:0.79397, test_acc:0.9147, test_f1:0.8427:  70%|███████   | 141/200 [02:12<00:54,  1.07it/s]
# Epoch: 141, train_loss: 0.1772, train_acc:0.92786, val_loss: 0.2788, val_acc:0.87941, val_f1:0.79397, test_acc:0.9147, test_f1:0.8427:  71%|███████   | 142/200 [02:12<00:53,  1.07it/s]
# Epoch: 142, train_loss: 0.1744, train_acc:0.92842, val_loss: 0.2723, val_acc:0.88039, val_f1:0.78369, test_acc:0.9176, test_f1:0.8412:  71%|███████   | 142/200 [02:13<00:53,  1.07it/s]
# Epoch: 142, train_loss: 0.1744, train_acc:0.92842, val_loss: 0.2723, val_acc:0.88039, val_f1:0.78369, test_acc:0.9176, test_f1:0.8412:  72%|███████▏  | 143/200 [02:13<00:52,  1.08it/s]
# Epoch: 143, train_loss: 0.1742, train_acc:0.92786, val_loss: 0.2730, val_acc:0.88235, val_f1:0.78182, test_acc:0.9181, test_f1:0.8408:  72%|███████▏  | 143/200 [02:14<00:52,  1.08it/s]
# Epoch: 143, train_loss: 0.1742, train_acc:0.92786, val_loss: 0.2730, val_acc:0.88235, val_f1:0.78182, test_acc:0.9181, test_f1:0.8408:  72%|███████▏  | 144/200 [02:14<00:52,  1.08it/s]
# Epoch: 144, train_loss: 0.1748, train_acc:0.92828, val_loss: 0.2723, val_acc:0.88235, val_f1:0.78495, test_acc:0.9186, test_f1:0.8425:  72%|███████▏  | 144/200 [02:14<00:52,  1.08it/s]
# Epoch: 144, train_loss: 0.1748, train_acc:0.92828, val_loss: 0.2723, val_acc:0.88235, val_f1:0.78495, test_acc:0.9186, test_f1:0.8425:  72%|███████▎  | 145/200 [02:14<00:51,  1.08it/s]
# Epoch: 145, train_loss: 0.1727, train_acc:0.92912, val_loss: 0.2729, val_acc:0.88137, val_f1:0.78883, test_acc:0.9201, test_f1:0.8467:  72%|███████▎  | 145/200 [02:15<00:51,  1.08it/s]
# Epoch: 145, train_loss: 0.1727, train_acc:0.92912, val_loss: 0.2729, val_acc:0.88137, val_f1:0.78883, test_acc:0.9201, test_f1:0.8467:  73%|███████▎  | 146/200 [02:15<00:50,  1.08it/s]
# Epoch: 146, train_loss: 0.1721, train_acc:0.93122, val_loss: 0.2753, val_acc:0.88627, val_f1:0.80137, test_acc:0.9167, test_f1:0.8432:  73%|███████▎  | 146/200 [02:16<00:50,  1.08it/s]
# Epoch: 146, train_loss: 0.1721, train_acc:0.93122, val_loss: 0.2753, val_acc:0.88627, val_f1:0.80137, test_acc:0.9167, test_f1:0.8432:  74%|███████▎  | 147/200 [02:16<00:49,  1.07it/s]
# Epoch: 147, train_loss: 0.1697, train_acc:0.93136, val_loss: 0.2747, val_acc:0.87941, val_f1:0.78534, test_acc:0.9206, test_f1:0.8483:  74%|███████▎  | 147/200 [02:17<00:49,  1.07it/s]
# Epoch: 147, train_loss: 0.1697, train_acc:0.93136, val_loss: 0.2747, val_acc:0.87941, val_f1:0.78534, test_acc:0.9206, test_f1:0.8483:  74%|███████▍  | 148/200 [02:17<00:48,  1.07it/s]
# Epoch: 148, train_loss: 0.1704, train_acc:0.93038, val_loss: 0.2738, val_acc:0.88333, val_f1:0.78559, test_acc:0.9196, test_f1:0.8444:  74%|███████▍  | 148/200 [02:18<00:48,  1.07it/s]
# Epoch: 148, train_loss: 0.1704, train_acc:0.93038, val_loss: 0.2738, val_acc:0.88333, val_f1:0.78559, test_acc:0.9196, test_f1:0.8444:  74%|███████▍  | 149/200 [02:18<00:47,  1.08it/s]
# Epoch: 149, train_loss: 0.1686, train_acc:0.93136, val_loss: 0.2753, val_acc:0.88235, val_f1:0.78182, test_acc:0.9172, test_f1:0.8383:  74%|███████▍  | 149/200 [02:19<00:47,  1.08it/s]
# Epoch: 149, train_loss: 0.1686, train_acc:0.93136, val_loss: 0.2753, val_acc:0.88235, val_f1:0.78182, test_acc:0.9172, test_f1:0.8383:  75%|███████▌  | 150/200 [02:19<00:46,  1.08it/s]
# Epoch: 150, train_loss: 0.1691, train_acc:0.93164, val_loss: 0.2765, val_acc:0.88333, val_f1:0.79159, test_acc:0.9201, test_f1:0.8475:  75%|███████▌  | 150/200 [02:20<00:46,  1.08it/s]
# Epoch: 150, train_loss: 0.1691, train_acc:0.93164, val_loss: 0.2765, val_acc:0.88333, val_f1:0.79159, test_acc:0.9201, test_f1:0.8475:  76%|███████▌  | 151/200 [02:20<00:45,  1.08it/s]
# Epoch: 151, train_loss: 0.1667, train_acc:0.935, val_loss: 0.2783, val_acc:0.88235, val_f1:0.79167, test_acc:0.9196, test_f1:0.8476:  76%|███████▌  | 151/200 [02:21<00:45,  1.08it/s]  
# Epoch: 151, train_loss: 0.1667, train_acc:0.935, val_loss: 0.2783, val_acc:0.88235, val_f1:0.79167, test_acc:0.9196, test_f1:0.8476:  76%|███████▌  | 152/200 [02:21<00:44,  1.08it/s]
# Epoch: 152, train_loss: 0.1681, train_acc:0.93248, val_loss: 0.2779, val_acc:0.87843, val_f1:0.77536, test_acc:0.9186, test_f1:0.8419:  76%|███████▌  | 152/200 [02:22<00:44,  1.08it/s]
# Epoch: 152, train_loss: 0.1681, train_acc:0.93248, val_loss: 0.2779, val_acc:0.87843, val_f1:0.77536, test_acc:0.9186, test_f1:0.8419:  76%|███████▋  | 153/200 [02:22<00:43,  1.08it/s]
# Epoch: 153, train_loss: 0.1690, train_acc:0.92786, val_loss: 0.2777, val_acc:0.88235, val_f1:0.78102, test_acc:0.9162, test_f1:0.8351:  76%|███████▋  | 153/200 [02:23<00:43,  1.08it/s]
# Epoch: 153, train_loss: 0.1690, train_acc:0.92786, val_loss: 0.2777, val_acc:0.88235, val_f1:0.78102, test_acc:0.9162, test_f1:0.8351:  77%|███████▋  | 154/200 [02:23<00:42,  1.08it/s]
# Epoch: 154, train_loss: 0.1666, train_acc:0.93024, val_loss: 0.2775, val_acc:0.88235, val_f1:0.78182, test_acc:0.9186, test_f1:0.8407:  77%|███████▋  | 154/200 [02:24<00:42,  1.08it/s]
# Epoch: 154, train_loss: 0.1666, train_acc:0.93024, val_loss: 0.2775, val_acc:0.88235, val_f1:0.78182, test_acc:0.9186, test_f1:0.8407:  78%|███████▊  | 155/200 [02:24<00:41,  1.08it/s]
# Epoch: 155, train_loss: 0.1680, train_acc:0.93178, val_loss: 0.2768, val_acc:0.88529, val_f1:0.79365, test_acc:0.9211, test_f1:0.8488:  78%|███████▊  | 155/200 [02:25<00:41,  1.08it/s]
# Epoch: 155, train_loss: 0.1680, train_acc:0.93178, val_loss: 0.2768, val_acc:0.88529, val_f1:0.79365, test_acc:0.9211, test_f1:0.8488:  78%|███████▊  | 156/200 [02:25<00:40,  1.08it/s]
# Epoch: 156, train_loss: 0.1652, train_acc:0.93262, val_loss: 0.2767, val_acc:0.88529, val_f1:0.79723, test_acc:0.9216, test_f1:0.8508:  78%|███████▊  | 156/200 [02:26<00:40,  1.08it/s]
# Epoch: 156, train_loss: 0.1652, train_acc:0.93262, val_loss: 0.2767, val_acc:0.88529, val_f1:0.79723, test_acc:0.9216, test_f1:0.8508:  78%|███████▊  | 157/200 [02:26<00:39,  1.08it/s]
# Epoch: 157, train_loss: 0.1671, train_acc:0.9301, val_loss: 0.2772, val_acc:0.88529, val_f1:0.79218, test_acc:0.9201, test_f1:0.8469:  78%|███████▊  | 157/200 [02:27<00:39,  1.08it/s] 
# Epoch: 157, train_loss: 0.1671, train_acc:0.9301, val_loss: 0.2772, val_acc:0.88529, val_f1:0.79218, test_acc:0.9201, test_f1:0.8469:  79%|███████▉  | 158/200 [02:27<00:38,  1.08it/s]
# Epoch: 158, train_loss: 0.1645, train_acc:0.9329, val_loss: 0.2799, val_acc:0.88137, val_f1:0.78198, test_acc:0.9196, test_f1:0.8444:  79%|███████▉  | 158/200 [02:27<00:38,  1.08it/s]
# Epoch: 158, train_loss: 0.1645, train_acc:0.9329, val_loss: 0.2799, val_acc:0.88137, val_f1:0.78198, test_acc:0.9196, test_f1:0.8444:  80%|███████▉  | 159/200 [02:27<00:37,  1.08it/s]
# Epoch: 159, train_loss: 0.1656, train_acc:0.93627, val_loss: 0.2804, val_acc:0.88529, val_f1:0.79793, test_acc:0.9186, test_f1:0.8457:  80%|███████▉  | 159/200 [02:28<00:37,  1.08it/s]
# Epoch: 159, train_loss: 0.1656, train_acc:0.93627, val_loss: 0.2804, val_acc:0.88529, val_f1:0.79793, test_acc:0.9186, test_f1:0.8457:  80%|████████  | 160/200 [02:28<00:37,  1.08it/s]
# Epoch: 160, train_loss: 0.1647, train_acc:0.9329, val_loss: 0.2789, val_acc:0.88627, val_f1:0.80069, test_acc:0.9206, test_f1:0.8508:  80%|████████  | 160/200 [02:29<00:37,  1.08it/s] 
# Epoch: 160, train_loss: 0.1647, train_acc:0.9329, val_loss: 0.2789, val_acc:0.88627, val_f1:0.80069, test_acc:0.9206, test_f1:0.8508:  80%|████████  | 161/200 [02:29<00:36,  1.08it/s]
# Epoch: 161, train_loss: 0.1643, train_acc:0.9336, val_loss: 0.2761, val_acc:0.89216, val_f1:0.80836, test_acc:0.9221, test_f1:0.8521:  80%|████████  | 161/200 [02:30<00:36,  1.08it/s]
# Epoch: 161, train_loss: 0.1643, train_acc:0.9336, val_loss: 0.2761, val_acc:0.89216, val_f1:0.80836, test_acc:0.9221, test_f1:0.8521:  81%|████████  | 162/200 [02:30<00:35,  1.07it/s]
# Epoch: 162, train_loss: 0.1616, train_acc:0.93346, val_loss: 0.2750, val_acc:0.88431, val_f1:0.79004, test_acc:0.9240, test_f1:0.8545:  81%|████████  | 162/200 [02:31<00:35,  1.07it/s]
# Epoch: 162, train_loss: 0.1616, train_acc:0.93346, val_loss: 0.2750, val_acc:0.88431, val_f1:0.79004, test_acc:0.9240, test_f1:0.8545:  82%|████████▏ | 163/200 [02:31<00:34,  1.08it/s]
# Epoch: 163, train_loss: 0.1632, train_acc:0.93458, val_loss: 0.2779, val_acc:0.88235, val_f1:0.78495, test_acc:0.9176, test_f1:0.8400:  82%|████████▏ | 163/200 [02:32<00:34,  1.08it/s]
# Epoch: 163, train_loss: 0.1632, train_acc:0.93458, val_loss: 0.2779, val_acc:0.88235, val_f1:0.78495, test_acc:0.9176, test_f1:0.8400:  82%|████████▏ | 164/200 [02:32<00:33,  1.08it/s]
# Epoch: 164, train_loss: 0.1654, train_acc:0.93122, val_loss: 0.2800, val_acc:0.88235, val_f1:0.78495, test_acc:0.9191, test_f1:0.8436:  82%|████████▏ | 164/200 [02:33<00:33,  1.08it/s]
# Epoch: 164, train_loss: 0.1654, train_acc:0.93122, val_loss: 0.2800, val_acc:0.88235, val_f1:0.78495, test_acc:0.9191, test_f1:0.8436:  82%|████████▎ | 165/200 [02:33<00:32,  1.08it/s]
# Epoch: 165, train_loss: 0.1622, train_acc:0.93402, val_loss: 0.2818, val_acc:0.88922, val_f1:0.80348, test_acc:0.9191, test_f1:0.8457:  82%|████████▎ | 165/200 [02:34<00:32,  1.08it/s]
# Epoch: 165, train_loss: 0.1622, train_acc:0.93402, val_loss: 0.2818, val_acc:0.88922, val_f1:0.80348, test_acc:0.9191, test_f1:0.8457:  83%|████████▎ | 166/200 [02:34<00:31,  1.08it/s]
# Epoch: 166, train_loss: 0.1613, train_acc:0.93458, val_loss: 0.2801, val_acc:0.88627, val_f1:0.79505, test_acc:0.9201, test_f1:0.8472:  83%|████████▎ | 166/200 [02:35<00:31,  1.08it/s]
# Epoch: 166, train_loss: 0.1613, train_acc:0.93458, val_loss: 0.2801, val_acc:0.88627, val_f1:0.79505, test_acc:0.9201, test_f1:0.8472:  84%|████████▎ | 167/200 [02:35<00:30,  1.08it/s]
# Epoch: 167, train_loss: 0.1610, train_acc:0.93234, val_loss: 0.2778, val_acc:0.88137, val_f1:0.78119, test_acc:0.9196, test_f1:0.8447:  84%|████████▎ | 167/200 [02:36<00:30,  1.08it/s]
# Epoch: 167, train_loss: 0.1610, train_acc:0.93234, val_loss: 0.2778, val_acc:0.88137, val_f1:0.78119, test_acc:0.9196, test_f1:0.8447:  84%|████████▍ | 168/200 [02:36<00:29,  1.08it/s]
# Epoch: 168, train_loss: 0.1592, train_acc:0.93543, val_loss: 0.2771, val_acc:0.87843, val_f1:0.77536, test_acc:0.9186, test_f1:0.8419:  84%|████████▍ | 168/200 [02:37<00:29,  1.08it/s]
# Epoch: 168, train_loss: 0.1592, train_acc:0.93543, val_loss: 0.2771, val_acc:0.87843, val_f1:0.77536, test_acc:0.9186, test_f1:0.8419:  84%|████████▍ | 169/200 [02:37<00:28,  1.08it/s]
# Epoch: 169, train_loss: 0.1597, train_acc:0.93444, val_loss: 0.2780, val_acc:0.88333, val_f1:0.78788, test_acc:0.9221, test_f1:0.8496:  84%|████████▍ | 169/200 [02:38<00:28,  1.08it/s]
# Epoch: 169, train_loss: 0.1597, train_acc:0.93444, val_loss: 0.2780, val_acc:0.88333, val_f1:0.78788, test_acc:0.9221, test_f1:0.8496:  85%|████████▌ | 170/200 [02:38<00:27,  1.08it/s]
# Epoch: 170, train_loss: 0.1595, train_acc:0.93571, val_loss: 0.2835, val_acc:0.88627, val_f1:0.79931, test_acc:0.9181, test_f1:0.8461:  85%|████████▌ | 170/200 [02:39<00:27,  1.08it/s]
# Epoch: 170, train_loss: 0.1595, train_acc:0.93571, val_loss: 0.2835, val_acc:0.88627, val_f1:0.79931, test_acc:0.9181, test_f1:0.8461:  86%|████████▌ | 171/200 [02:39<00:26,  1.08it/s]
# Epoch: 171, train_loss: 0.1620, train_acc:0.9322, val_loss: 0.2883, val_acc:0.88725, val_f1:0.80409, test_acc:0.9162, test_f1:0.8438:  86%|████████▌ | 171/200 [02:40<00:26,  1.08it/s] 
# Epoch: 171, train_loss: 0.1620, train_acc:0.9322, val_loss: 0.2883, val_acc:0.88725, val_f1:0.80409, test_acc:0.9162, test_f1:0.8438:  86%|████████▌ | 172/200 [02:40<00:25,  1.08it/s]
# Epoch: 172, train_loss: 0.1575, train_acc:0.93557, val_loss: 0.2843, val_acc:0.88627, val_f1:0.79931, test_acc:0.9206, test_f1:0.8503:  86%|████████▌ | 172/200 [02:40<00:25,  1.08it/s]
# Epoch: 172, train_loss: 0.1575, train_acc:0.93557, val_loss: 0.2843, val_acc:0.88627, val_f1:0.79931, test_acc:0.9206, test_f1:0.8503:  86%|████████▋ | 173/200 [02:40<00:24,  1.08it/s]
# Epoch: 173, train_loss: 0.1582, train_acc:0.93585, val_loss: 0.2831, val_acc:0.87941, val_f1:0.77596, test_acc:0.9201, test_f1:0.8443:  86%|████████▋ | 173/200 [02:41<00:24,  1.08it/s]
# Epoch: 173, train_loss: 0.1582, train_acc:0.93585, val_loss: 0.2831, val_acc:0.87941, val_f1:0.77596, test_acc:0.9201, test_f1:0.8443:  87%|████████▋ | 174/200 [02:41<00:24,  1.08it/s]
# Epoch: 174, train_loss: 0.1557, train_acc:0.93641, val_loss: 0.2888, val_acc:0.88431, val_f1:0.7782, test_acc:0.9147, test_f1:0.8294:  87%|████████▋ | 174/200 [02:42<00:24,  1.08it/s] 
# Epoch: 174, train_loss: 0.1557, train_acc:0.93641, val_loss: 0.2888, val_acc:0.88431, val_f1:0.7782, test_acc:0.9147, test_f1:0.8294:  88%|████████▊ | 175/200 [02:42<00:23,  1.08it/s]
# Epoch: 175, train_loss: 0.1590, train_acc:0.93585, val_loss: 0.2879, val_acc:0.88431, val_f1:0.77985, test_acc:0.9162, test_f1:0.8338:  88%|████████▊ | 175/200 [02:43<00:23,  1.08it/s]
# Epoch: 175, train_loss: 0.1590, train_acc:0.93585, val_loss: 0.2879, val_acc:0.88431, val_f1:0.77985, test_acc:0.9162, test_f1:0.8338:  88%|████████▊ | 176/200 [02:43<00:22,  1.08it/s]
# Epoch: 176, train_loss: 0.1586, train_acc:0.93529, val_loss: 0.2840, val_acc:0.88235, val_f1:0.78799, test_acc:0.9211, test_f1:0.8485:  88%|████████▊ | 176/200 [02:44<00:22,  1.08it/s]
# Epoch: 176, train_loss: 0.1586, train_acc:0.93529, val_loss: 0.2840, val_acc:0.88235, val_f1:0.78799, test_acc:0.9211, test_f1:0.8485:  88%|████████▊ | 177/200 [02:44<00:21,  1.08it/s]
# Epoch: 177, train_loss: 0.1577, train_acc:0.93557, val_loss: 0.2878, val_acc:0.88627, val_f1:0.80137, test_acc:0.9176, test_f1:0.8456:  88%|████████▊ | 177/200 [02:45<00:21,  1.08it/s]
# Epoch: 177, train_loss: 0.1577, train_acc:0.93557, val_loss: 0.2878, val_acc:0.88627, val_f1:0.80137, test_acc:0.9176, test_f1:0.8456:  89%|████████▉ | 178/200 [02:45<00:20,  1.08it/s]
# Epoch: 178, train_loss: 0.1563, train_acc:0.93725, val_loss: 0.2856, val_acc:0.88529, val_f1:0.79793, test_acc:0.9181, test_f1:0.8458:  89%|████████▉ | 178/200 [02:46<00:20,  1.08it/s]
# Epoch: 178, train_loss: 0.1563, train_acc:0.93725, val_loss: 0.2856, val_acc:0.88529, val_f1:0.79793, test_acc:0.9181, test_f1:0.8458:  90%|████████▉ | 179/200 [02:46<00:19,  1.08it/s]
# Epoch: 179, train_loss: 0.1555, train_acc:0.93809, val_loss: 0.2822, val_acc:0.88333, val_f1:0.78788, test_acc:0.9216, test_f1:0.8499:  90%|████████▉ | 179/200 [02:47<00:19,  1.08it/s]
# Epoch: 179, train_loss: 0.1555, train_acc:0.93809, val_loss: 0.2822, val_acc:0.88333, val_f1:0.78788, test_acc:0.9216, test_f1:0.8499:  90%|█████████ | 180/200 [02:47<00:18,  1.08it/s]
# Epoch: 180, train_loss: 0.1533, train_acc:0.93781, val_loss: 0.2815, val_acc:0.88235, val_f1:0.78261, test_acc:0.9216, test_f1:0.8491:  90%|█████████ | 180/200 [02:48<00:18,  1.08it/s]
# Epoch: 180, train_loss: 0.1533, train_acc:0.93781, val_loss: 0.2815, val_acc:0.88235, val_f1:0.78261, test_acc:0.9216, test_f1:0.8491:  90%|█████████ | 181/200 [02:48<00:17,  1.08it/s]
# Epoch: 181, train_loss: 0.1536, train_acc:0.93697, val_loss: 0.2827, val_acc:0.88235, val_f1:0.78261, test_acc:0.9206, test_f1:0.8466:  90%|█████████ | 181/200 [02:49<00:17,  1.08it/s]
# Epoch: 181, train_loss: 0.1536, train_acc:0.93697, val_loss: 0.2827, val_acc:0.88235, val_f1:0.78261, test_acc:0.9206, test_f1:0.8466:  91%|█████████ | 182/200 [02:49<00:16,  1.08it/s]
# Epoch: 182, train_loss: 0.1570, train_acc:0.93458, val_loss: 0.2839, val_acc:0.88137, val_f1:0.78431, test_acc:0.9211, test_f1:0.8491:  91%|█████████ | 182/200 [02:50<00:16,  1.08it/s]
# Epoch: 182, train_loss: 0.1570, train_acc:0.93458, val_loss: 0.2839, val_acc:0.88137, val_f1:0.78431, test_acc:0.9211, test_f1:0.8491:  92%|█████████▏| 183/200 [02:50<00:15,  1.08it/s]
# Epoch: 183, train_loss: 0.1538, train_acc:0.93851, val_loss: 0.2878, val_acc:0.88137, val_f1:0.78809, test_acc:0.9206, test_f1:0.8503:  92%|█████████▏| 183/200 [02:51<00:15,  1.08it/s]
# Epoch: 183, train_loss: 0.1538, train_acc:0.93851, val_loss: 0.2878, val_acc:0.88137, val_f1:0.78809, test_acc:0.9206, test_f1:0.8503:  92%|█████████▏| 184/200 [02:51<00:14,  1.08it/s]
# Epoch: 184, train_loss: 0.1556, train_acc:0.93613, val_loss: 0.2899, val_acc:0.88431, val_f1:0.79585, test_acc:0.9206, test_f1:0.8506:  92%|█████████▏| 184/200 [02:52<00:14,  1.08it/s]
# Epoch: 184, train_loss: 0.1556, train_acc:0.93613, val_loss: 0.2899, val_acc:0.88431, val_f1:0.79585, test_acc:0.9206, test_f1:0.8506:  92%|█████████▎| 185/200 [02:52<00:13,  1.08it/s]
# Epoch: 185, train_loss: 0.1525, train_acc:0.94159, val_loss: 0.2882, val_acc:0.88627, val_f1:0.8, test_acc:0.9211, test_f1:0.8511:  92%|█████████▎| 185/200 [02:52<00:13,  1.08it/s]    
# Epoch: 185, train_loss: 0.1525, train_acc:0.94159, val_loss: 0.2882, val_acc:0.88627, val_f1:0.8, test_acc:0.9211, test_f1:0.8511:  93%|█████████▎| 186/200 [02:52<00:12,  1.08it/s]
# Epoch: 186, train_loss: 0.1525, train_acc:0.94005, val_loss: 0.2862, val_acc:0.88529, val_f1:0.7951, test_acc:0.9211, test_f1:0.8491:  93%|█████████▎| 186/200 [02:53<00:12,  1.08it/s]
# Epoch: 186, train_loss: 0.1525, train_acc:0.94005, val_loss: 0.2862, val_acc:0.88529, val_f1:0.7951, test_acc:0.9211, test_f1:0.8491:  94%|█████████▎| 187/200 [02:53<00:12,  1.08it/s]
# Epoch: 187, train_loss: 0.1531, train_acc:0.93753, val_loss: 0.2852, val_acc:0.88235, val_f1:0.78723, test_acc:0.9230, test_f1:0.8526:  94%|█████████▎| 187/200 [02:54<00:12,  1.08it/s]
# Epoch: 187, train_loss: 0.1531, train_acc:0.93753, val_loss: 0.2852, val_acc:0.88235, val_f1:0.78723, test_acc:0.9230, test_f1:0.8526:  94%|█████████▍| 188/200 [02:54<00:11,  1.08it/s]
# Epoch: 188, train_loss: 0.1498, train_acc:0.94047, val_loss: 0.2869, val_acc:0.88529, val_f1:0.79581, test_acc:0.9230, test_f1:0.8545:  94%|█████████▍| 188/200 [02:55<00:11,  1.08it/s]
# Epoch: 188, train_loss: 0.1498, train_acc:0.94047, val_loss: 0.2869, val_acc:0.88529, val_f1:0.79581, test_acc:0.9230, test_f1:0.8545:  94%|█████████▍| 189/200 [02:55<00:10,  1.08it/s]
# Epoch: 189, train_loss: 0.1531, train_acc:0.93809, val_loss: 0.2907, val_acc:0.88431, val_f1:0.79655, test_acc:0.9186, test_f1:0.8483:  94%|█████████▍| 189/200 [02:56<00:10,  1.08it/s]
# Epoch: 189, train_loss: 0.1531, train_acc:0.93809, val_loss: 0.2907, val_acc:0.88431, val_f1:0.79655, test_acc:0.9186, test_f1:0.8483:  95%|█████████▌| 190/200 [02:56<00:09,  1.08it/s]
# Epoch: 190, train_loss: 0.1512, train_acc:0.93529, val_loss: 0.2900, val_acc:0.88431, val_f1:0.79585, test_acc:0.9181, test_f1:0.8475:  95%|█████████▌| 190/200 [02:57<00:09,  1.08it/s]
# Epoch: 190, train_loss: 0.1512, train_acc:0.93529, val_loss: 0.2900, val_acc:0.88431, val_f1:0.79585, test_acc:0.9181, test_f1:0.8475:  96%|█████████▌| 191/200 [02:57<00:08,  1.08it/s]
# Epoch: 191, train_loss: 0.1503, train_acc:0.93935, val_loss: 0.2869, val_acc:0.88431, val_f1:0.79371, test_acc:0.9216, test_f1:0.8516:  96%|█████████▌| 191/200 [02:58<00:08,  1.08it/s]
# Epoch: 191, train_loss: 0.1503, train_acc:0.93935, val_loss: 0.2869, val_acc:0.88431, val_f1:0.79371, test_acc:0.9216, test_f1:0.8516:  96%|█████████▌| 192/200 [02:58<00:07,  1.08it/s]
# Epoch: 192, train_loss: 0.1491, train_acc:0.94089, val_loss: 0.2869, val_acc:0.88235, val_f1:0.78571, test_acc:0.9211, test_f1:0.8480:  96%|█████████▌| 192/200 [02:59<00:07,  1.08it/s]
# Epoch: 192, train_loss: 0.1491, train_acc:0.94089, val_loss: 0.2869, val_acc:0.88235, val_f1:0.78571, test_acc:0.9211, test_f1:0.8480:  96%|█████████▋| 193/200 [02:59<00:06,  1.08it/s]
# Epoch: 193, train_loss: 0.1501, train_acc:0.93921, val_loss: 0.2880, val_acc:0.88333, val_f1:0.78481, test_acc:0.9191, test_f1:0.8427:  96%|█████████▋| 193/200 [03:00<00:06,  1.08it/s]
# Epoch: 193, train_loss: 0.1501, train_acc:0.93921, val_loss: 0.2880, val_acc:0.88333, val_f1:0.78481, test_acc:0.9191, test_f1:0.8427:  97%|█████████▋| 194/200 [03:00<00:05,  1.08it/s]
# Epoch: 194, train_loss: 0.1485, train_acc:0.94005, val_loss: 0.2868, val_acc:0.88824, val_f1:0.80139, test_acc:0.9230, test_f1:0.8542:  97%|█████████▋| 194/200 [03:01<00:05,  1.08it/s]
# Epoch: 194, train_loss: 0.1485, train_acc:0.94005, val_loss: 0.2868, val_acc:0.88824, val_f1:0.80139, test_acc:0.9230, test_f1:0.8542:  98%|█████████▊| 195/200 [03:01<00:04,  1.08it/s]
# Epoch: 195, train_loss: 0.1485, train_acc:0.94075, val_loss: 0.2908, val_acc:0.88824, val_f1:0.80479, test_acc:0.9172, test_f1:0.8457:  98%|█████████▊| 195/200 [03:02<00:04,  1.08it/s]
# Epoch: 195, train_loss: 0.1485, train_acc:0.94075, val_loss: 0.2908, val_acc:0.88824, val_f1:0.80479, test_acc:0.9172, test_f1:0.8457:  98%|█████████▊| 196/200 [03:02<00:03,  1.08it/s]
# Epoch: 196, train_loss: 0.1503, train_acc:0.93991, val_loss: 0.2909, val_acc:0.88922, val_f1:0.80551, test_acc:0.9181, test_f1:0.8467:  98%|█████████▊| 196/200 [03:03<00:03,  1.08it/s]
# Epoch: 196, train_loss: 0.1503, train_acc:0.93991, val_loss: 0.2909, val_acc:0.88922, val_f1:0.80551, test_acc:0.9181, test_f1:0.8467:  98%|█████████▊| 197/200 [03:03<00:02,  1.08it/s]
# Epoch: 197, train_loss: 0.1492, train_acc:0.93991, val_loss: 0.2904, val_acc:0.88529, val_f1:0.79365, test_acc:0.9211, test_f1:0.8497:  98%|█████████▊| 197/200 [03:04<00:02,  1.08it/s]
# Epoch: 197, train_loss: 0.1492, train_acc:0.93991, val_loss: 0.2904, val_acc:0.88529, val_f1:0.79365, test_acc:0.9211, test_f1:0.8497:  99%|█████████▉| 198/200 [03:04<00:01,  1.08it/s]
# Epoch: 198, train_loss: 0.1470, train_acc:0.94159, val_loss: 0.2938, val_acc:0.88627, val_f1:0.78986, test_acc:0.9181, test_f1:0.8402:  99%|█████████▉| 198/200 [03:05<00:01,  1.08it/s]
# Epoch: 198, train_loss: 0.1470, train_acc:0.94159, val_loss: 0.2938, val_acc:0.88627, val_f1:0.78986, test_acc:0.9181, test_f1:0.8402: 100%|█████████▉| 199/200 [03:05<00:00,  1.08it/s]
# Epoch: 199, train_loss: 0.1479, train_acc:0.93935, val_loss: 0.2943, val_acc:0.88627, val_f1:0.78909, test_acc:0.9181, test_f1:0.8402: 100%|█████████▉| 199/200 [03:05<00:00,  1.08it/s]
# Epoch: 199, train_loss: 0.1479, train_acc:0.93935, val_loss: 0.2943, val_acc:0.88627, val_f1:0.78909, test_acc:0.9181, test_f1:0.8402: 100%|██████████| 200/200 [03:05<00:00,  1.08it/s]
# Epoch: 199, train_loss: 0.1479, train_acc:0.93935, val_loss: 0.2943, val_acc:0.88627, val_f1:0.78909, test_acc:0.9181, test_f1:0.8402: 100%|██████████| 200/200 [03:05<00:00,  1.08it/s]
--- Final-epoch-TestAcc: 0.9181, best-val-epoch-TestAcc: 0.9221, best-val-epoch: 161, best-test-epoch-TestAcc: 0.9240, best-test-epoch: 162.
Saved embeddings data: visualizations_data/ours_MGTAB-FF_20260518_144934.npz
####### Run 1 #######
  0%|          | 0/100 [00:00<?, ?it/s]

# Epoch 0: train_loss: 1.0073608160:   0%|          | 0/100 [00:01<?, ?it/s]
# Epoch 0: train_loss: 1.0073608160:   1%|          | 1/100 [00:01<02:13,  1.35s/it]

# Epoch 1: train_loss: 0.9607855678:   1%|          | 1/100 [00:02<02:13,  1.35s/it]
# Epoch 1: train_loss: 0.9607855678:   2%|▏         | 2/100 [00:02<02:06,  1.29s/it]

# Epoch 2: train_loss: 0.9262979031:   2%|▏         | 2/100 [00:03<02:06,  1.29s/it]
# Epoch 2: train_loss: 0.9262979031:   3%|▎         | 3/100 [00:03<02:03,  1.28s/it]

# Epoch 3: train_loss: 0.9064140320:   3%|▎         | 3/100 [00:05<02:03,  1.28s/it]
# Epoch 3: train_loss: 0.9064140320:   4%|▍         | 4/100 [00:05<02:01,  1.27s/it]

# Epoch 4: train_loss: 0.8862446547:   4%|▍         | 4/100 [00:06<02:01,  1.27s/it]
# Epoch 4: train_loss: 0.8862446547:   5%|▌         | 5/100 [00:06<02:00,  1.26s/it]

# Epoch 5: train_loss: 0.8677625060:   5%|▌         | 5/100 [00:07<02:00,  1.26s/it]
# Epoch 5: train_loss: 0.8677625060:   6%|▌         | 6/100 [00:07<01:58,  1.26s/it]

# Epoch 6: train_loss: 0.8491607308:   6%|▌         | 6/100 [00:08<01:58,  1.26s/it]
# Epoch 6: train_loss: 0.8491607308:   7%|▋         | 7/100 [00:08<01:57,  1.26s/it]

# Epoch 7: train_loss: 0.8304945230:   7%|▋         | 7/100 [00:10<01:57,  1.26s/it]
# Epoch 7: train_loss: 0.8304945230:   8%|▊         | 8/100 [00:10<01:55,  1.26s/it]

# Epoch 8: train_loss: 0.8066287041:   8%|▊         | 8/100 [00:11<01:55,  1.26s/it]
# Epoch 8: train_loss: 0.8066287041:   9%|▉         | 9/100 [00:11<01:54,  1.26s/it]

# Epoch 9: train_loss: 0.7857192159:   9%|▉         | 9/100 [00:12<01:54,  1.26s/it]
# Epoch 9: train_loss: 0.7857192159:  10%|█         | 10/100 [00:12<01:53,  1.26s/it]

# Epoch 10: train_loss: 0.7588950396:  10%|█         | 10/100 [00:13<01:53,  1.26s/it]
# Epoch 10: train_loss: 0.7588950396:  11%|█         | 11/100 [00:13<01:51,  1.26s/it]

# Epoch 11: train_loss: 0.7375939488:  11%|█         | 11/100 [00:15<01:51,  1.26s/it]
# Epoch 11: train_loss: 0.7375939488:  12%|█▏        | 12/100 [00:15<01:50,  1.26s/it]

# Epoch 12: train_loss: 0.7160122991:  12%|█▏        | 12/100 [00:16<01:50,  1.26s/it]
# Epoch 12: train_loss: 0.7160122991:  13%|█▎        | 13/100 [00:16<01:49,  1.26s/it]

# Epoch 13: train_loss: 0.6918705702:  13%|█▎        | 13/100 [00:17<01:49,  1.26s/it]
# Epoch 13: train_loss: 0.6918705702:  14%|█▍        | 14/100 [00:17<01:48,  1.26s/it]

# Epoch 14: train_loss: 0.6709924340:  14%|█▍        | 14/100 [00:18<01:48,  1.26s/it]
# Epoch 14: train_loss: 0.6709924340:  15%|█▌        | 15/100 [00:18<01:46,  1.26s/it]

# Epoch 15: train_loss: 0.6484493017:  15%|█▌        | 15/100 [00:20<01:46,  1.26s/it]
# Epoch 15: train_loss: 0.6484493017:  16%|█▌        | 16/100 [00:20<01:45,  1.26s/it]

# Epoch 16: train_loss: 0.6260586977:  16%|█▌        | 16/100 [00:21<01:45,  1.26s/it]
# Epoch 16: train_loss: 0.6260586977:  17%|█▋        | 17/100 [00:21<01:44,  1.26s/it]

# Epoch 17: train_loss: 0.6051390767:  17%|█▋        | 17/100 [00:22<01:44,  1.26s/it]
# Epoch 17: train_loss: 0.6051390767:  18%|█▊        | 18/100 [00:22<01:43,  1.26s/it]

# Epoch 18: train_loss: 0.5805941224:  18%|█▊        | 18/100 [00:23<01:43,  1.26s/it]
# Epoch 18: train_loss: 0.5805941224:  19%|█▉        | 19/100 [00:23<01:41,  1.26s/it]

# Epoch 19: train_loss: 0.5588116646:  19%|█▉        | 19/100 [00:25<01:41,  1.26s/it]
# Epoch 19: train_loss: 0.5588116646:  20%|██        | 20/100 [00:25<01:40,  1.26s/it]

# Epoch 20: train_loss: 0.5410020947:  20%|██        | 20/100 [00:26<01:40,  1.26s/it]
# Epoch 20: train_loss: 0.5410020947:  21%|██        | 21/100 [00:26<01:39,  1.26s/it]

# Epoch 21: train_loss: 0.5256304145:  21%|██        | 21/100 [00:27<01:39,  1.26s/it]
# Epoch 21: train_loss: 0.5256304145:  22%|██▏       | 22/100 [00:27<01:38,  1.26s/it]

# Epoch 22: train_loss: 0.5056036115:  22%|██▏       | 22/100 [00:28<01:38,  1.26s/it]
# Epoch 22: train_loss: 0.5056036115:  23%|██▎       | 23/100 [00:28<01:36,  1.26s/it]

# Epoch 23: train_loss: 0.4878405929:  23%|██▎       | 23/100 [00:30<01:36,  1.26s/it]
# Epoch 23: train_loss: 0.4878405929:  24%|██▍       | 24/100 [00:30<01:35,  1.26s/it]

# Epoch 24: train_loss: 0.4672034979:  24%|██▍       | 24/100 [00:31<01:35,  1.26s/it]
# Epoch 24: train_loss: 0.4672034979:  25%|██▌       | 25/100 [00:31<01:34,  1.26s/it]

# Epoch 25: train_loss: 0.4497958422:  25%|██▌       | 25/100 [00:32<01:34,  1.26s/it]
# Epoch 25: train_loss: 0.4497958422:  26%|██▌       | 26/100 [00:32<01:33,  1.26s/it]

# Epoch 26: train_loss: 0.4333531260:  26%|██▌       | 26/100 [00:34<01:33,  1.26s/it]
# Epoch 26: train_loss: 0.4333531260:  27%|██▋       | 27/100 [00:34<01:31,  1.26s/it]

# Epoch 27: train_loss: 0.4188186526:  27%|██▋       | 27/100 [00:35<01:31,  1.26s/it]
# Epoch 27: train_loss: 0.4188186526:  28%|██▊       | 28/100 [00:35<01:30,  1.26s/it]

# Epoch 28: train_loss: 0.4038907290:  28%|██▊       | 28/100 [00:36<01:30,  1.26s/it]
# Epoch 28: train_loss: 0.4038907290:  29%|██▉       | 29/100 [00:36<01:29,  1.26s/it]

# Epoch 29: train_loss: 0.3900184035:  29%|██▉       | 29/100 [00:37<01:29,  1.26s/it]
# Epoch 29: train_loss: 0.3900184035:  30%|███       | 30/100 [00:37<01:27,  1.26s/it]

# Epoch 30: train_loss: 0.3676263392:  30%|███       | 30/100 [00:39<01:27,  1.26s/it]
# Epoch 30: train_loss: 0.3676263392:  31%|███       | 31/100 [00:39<01:26,  1.26s/it]

# Epoch 31: train_loss: 0.3615984321:  31%|███       | 31/100 [00:40<01:26,  1.26s/it]
# Epoch 31: train_loss: 0.3615984321:  32%|███▏      | 32/100 [00:40<01:25,  1.26s/it]

# Epoch 32: train_loss: 0.3478241265:  32%|███▏      | 32/100 [00:41<01:25,  1.26s/it]
# Epoch 32: train_loss: 0.3478241265:  33%|███▎      | 33/100 [00:41<01:24,  1.26s/it]

# Epoch 33: train_loss: 0.3365007043:  33%|███▎      | 33/100 [00:42<01:24,  1.26s/it]
# Epoch 33: train_loss: 0.3365007043:  34%|███▍      | 34/100 [00:42<01:22,  1.26s/it]

# Epoch 34: train_loss: 0.3255585432:  34%|███▍      | 34/100 [00:44<01:22,  1.26s/it]
# Epoch 34: train_loss: 0.3255585432:  35%|███▌      | 35/100 [00:44<01:21,  1.26s/it]

# Epoch 35: train_loss: 0.3153531253:  35%|███▌      | 35/100 [00:45<01:21,  1.26s/it]
# Epoch 35: train_loss: 0.3153531253:  36%|███▌      | 36/100 [00:45<01:20,  1.26s/it]

# Epoch 36: train_loss: 0.3068985045:  36%|███▌      | 36/100 [00:46<01:20,  1.26s/it]
# Epoch 36: train_loss: 0.3068985045:  37%|███▋      | 37/100 [00:46<01:19,  1.26s/it]

# Epoch 37: train_loss: 0.2979624867:  37%|███▋      | 37/100 [00:47<01:19,  1.26s/it]
# Epoch 37: train_loss: 0.2979624867:  38%|███▊      | 38/100 [00:47<01:17,  1.26s/it]

# Epoch 38: train_loss: 0.2895036340:  38%|███▊      | 38/100 [00:49<01:17,  1.26s/it]
# Epoch 38: train_loss: 0.2895036340:  39%|███▉      | 39/100 [00:49<01:16,  1.26s/it]

# Epoch 39: train_loss: 0.2833151817:  39%|███▉      | 39/100 [00:50<01:16,  1.26s/it]
# Epoch 39: train_loss: 0.2833151817:  40%|████      | 40/100 [00:50<01:15,  1.26s/it]

# Epoch 40: train_loss: 0.2816611826:  40%|████      | 40/100 [00:51<01:15,  1.26s/it]
# Epoch 40: train_loss: 0.2816611826:  41%|████      | 41/100 [00:51<01:14,  1.26s/it]

# Epoch 41: train_loss: 0.2801150382:  41%|████      | 41/100 [00:52<01:14,  1.26s/it]
# Epoch 41: train_loss: 0.2801150382:  42%|████▏     | 42/100 [00:52<01:12,  1.26s/it]

# Epoch 42: train_loss: 0.2743713558:  42%|████▏     | 42/100 [00:54<01:12,  1.26s/it]
# Epoch 42: train_loss: 0.2743713558:  43%|████▎     | 43/100 [00:54<01:11,  1.26s/it]

# Epoch 43: train_loss: 0.2694603503:  43%|████▎     | 43/100 [00:55<01:11,  1.26s/it]
# Epoch 43: train_loss: 0.2694603503:  44%|████▍     | 44/100 [00:55<01:10,  1.26s/it]

# Epoch 44: train_loss: 0.2646737695:  44%|████▍     | 44/100 [00:56<01:10,  1.26s/it]
# Epoch 44: train_loss: 0.2646737695:  45%|████▌     | 45/100 [00:56<01:09,  1.26s/it]

# Epoch 45: train_loss: 0.2606858611:  45%|████▌     | 45/100 [00:57<01:09,  1.26s/it]
# Epoch 45: train_loss: 0.2606858611:  46%|████▌     | 46/100 [00:57<01:07,  1.26s/it]

# Epoch 46: train_loss: 0.2564955354:  46%|████▌     | 46/100 [00:59<01:07,  1.26s/it]
# Epoch 46: train_loss: 0.2564955354:  47%|████▋     | 47/100 [00:59<01:06,  1.26s/it]

# Epoch 47: train_loss: 0.2523732185:  47%|████▋     | 47/100 [01:00<01:06,  1.26s/it]
# Epoch 47: train_loss: 0.2523732185:  48%|████▊     | 48/100 [01:00<01:05,  1.26s/it]

# Epoch 48: train_loss: 0.2502322495:  48%|████▊     | 48/100 [01:01<01:05,  1.26s/it]
# Epoch 48: train_loss: 0.2502322495:  49%|████▉     | 49/100 [01:01<01:04,  1.26s/it]

# Epoch 49: train_loss: 0.2456147522:  49%|████▉     | 49/100 [01:02<01:04,  1.26s/it]
# Epoch 49: train_loss: 0.2456147522:  50%|█████     | 50/100 [01:02<01:02,  1.26s/it]

# Epoch 50: train_loss: 0.8412693143:  50%|█████     | 50/100 [01:04<01:02,  1.26s/it]
# Epoch 50: train_loss: 0.8412693143:  51%|█████     | 51/100 [01:04<01:03,  1.29s/it]

# Epoch 51: train_loss: 0.7884279490:  51%|█████     | 51/100 [01:05<01:03,  1.29s/it]
# Epoch 51: train_loss: 0.7884279490:  52%|█████▏    | 52/100 [01:05<01:03,  1.32s/it]

# Epoch 52: train_loss: 0.7259216309:  52%|█████▏    | 52/100 [01:07<01:03,  1.32s/it]
# Epoch 52: train_loss: 0.7259216309:  53%|█████▎    | 53/100 [01:07<01:02,  1.34s/it]

# Epoch 53: train_loss: 0.6666411757:  53%|█████▎    | 53/100 [01:08<01:02,  1.34s/it]
# Epoch 53: train_loss: 0.6666411757:  54%|█████▍    | 54/100 [01:08<01:02,  1.35s/it]

# Epoch 54: train_loss: 0.6142197847:  54%|█████▍    | 54/100 [01:09<01:02,  1.35s/it]
# Epoch 54: train_loss: 0.6142197847:  55%|█████▌    | 55/100 [01:09<01:01,  1.36s/it]

# Epoch 55: train_loss: 0.5673473477:  55%|█████▌    | 55/100 [01:11<01:01,  1.36s/it]
# Epoch 55: train_loss: 0.5673473477:  56%|█████▌    | 56/100 [01:11<01:00,  1.37s/it]

# Epoch 56: train_loss: 0.5307438374:  56%|█████▌    | 56/100 [01:12<01:00,  1.37s/it]
# Epoch 56: train_loss: 0.5307438374:  57%|█████▋    | 57/100 [01:12<00:58,  1.37s/it]

# Epoch 57: train_loss: 0.4993719459:  57%|█████▋    | 57/100 [01:13<00:58,  1.37s/it]
# Epoch 57: train_loss: 0.4993719459:  58%|█████▊    | 58/100 [01:13<00:57,  1.37s/it]

# Epoch 58: train_loss: 0.4751904011:  58%|█████▊    | 58/100 [01:15<00:57,  1.37s/it]
# Epoch 58: train_loss: 0.4751904011:  59%|█████▉    | 59/100 [01:15<00:56,  1.38s/it]

# Epoch 59: train_loss: 0.4576807618:  59%|█████▉    | 59/100 [01:16<00:56,  1.38s/it]
# Epoch 59: train_loss: 0.4576807618:  60%|██████    | 60/100 [01:16<00:55,  1.38s/it]

# Epoch 60: train_loss: 0.4477166831:  60%|██████    | 60/100 [01:18<00:55,  1.38s/it]
# Epoch 60: train_loss: 0.4477166831:  61%|██████    | 61/100 [01:18<00:53,  1.38s/it]

# Epoch 61: train_loss: 0.4401389956:  61%|██████    | 61/100 [01:19<00:53,  1.38s/it]
# Epoch 61: train_loss: 0.4401389956:  62%|██████▏   | 62/100 [01:19<00:52,  1.38s/it]

# Epoch 62: train_loss: 0.4335469007:  62%|██████▏   | 62/100 [01:20<00:52,  1.38s/it]
# Epoch 62: train_loss: 0.4335469007:  63%|██████▎   | 63/100 [01:20<00:51,  1.38s/it]

# Epoch 63: train_loss: 0.4255686998:  63%|██████▎   | 63/100 [01:22<00:51,  1.38s/it]
# Epoch 63: train_loss: 0.4255686998:  64%|██████▍   | 64/100 [01:22<00:49,  1.38s/it]

# Epoch 64: train_loss: 0.4189958870:  64%|██████▍   | 64/100 [01:23<00:49,  1.38s/it]
# Epoch 64: train_loss: 0.4189958870:  65%|██████▌   | 65/100 [01:23<00:48,  1.38s/it]

# Epoch 65: train_loss: 0.4135827124:  65%|██████▌   | 65/100 [01:25<00:48,  1.38s/it]
# Epoch 65: train_loss: 0.4135827124:  66%|██████▌   | 66/100 [01:25<00:46,  1.38s/it]

# Epoch 66: train_loss: 0.4096298814:  66%|██████▌   | 66/100 [01:26<00:46,  1.38s/it]
# Epoch 66: train_loss: 0.4096298814:  67%|██████▋   | 67/100 [01:26<00:45,  1.38s/it]

# Epoch 67: train_loss: 0.4049638510:  67%|██████▋   | 67/100 [01:27<00:45,  1.38s/it]
# Epoch 67: train_loss: 0.4049638510:  68%|██████▊   | 68/100 [01:27<00:44,  1.38s/it]

# Epoch 68: train_loss: 0.3997998238:  68%|██████▊   | 68/100 [01:29<00:44,  1.38s/it]
# Epoch 68: train_loss: 0.3997998238:  69%|██████▉   | 69/100 [01:29<00:42,  1.38s/it]

# Epoch 69: train_loss: 0.3966336250:  69%|██████▉   | 69/100 [01:30<00:42,  1.38s/it]
# Epoch 69: train_loss: 0.3966336250:  70%|███████   | 70/100 [01:30<00:41,  1.38s/it]

# Epoch 70: train_loss: 0.3951643705:  70%|███████   | 70/100 [01:31<00:41,  1.38s/it]
# Epoch 70: train_loss: 0.3951643705:  71%|███████   | 71/100 [01:31<00:40,  1.38s/it]

# Epoch 71: train_loss: 0.3945404887:  71%|███████   | 71/100 [01:33<00:40,  1.38s/it]
# Epoch 71: train_loss: 0.3945404887:  72%|███████▏  | 72/100 [01:33<00:38,  1.38s/it]

# Epoch 72: train_loss: 0.3906455636:  72%|███████▏  | 72/100 [01:34<00:38,  1.38s/it]
# Epoch 72: train_loss: 0.3906455636:  73%|███████▎  | 73/100 [01:34<00:37,  1.38s/it]

# Epoch 73: train_loss: 0.3882206678:  73%|███████▎  | 73/100 [01:36<00:37,  1.38s/it]
# Epoch 73: train_loss: 0.3882206678:  74%|███████▍  | 74/100 [01:36<00:35,  1.38s/it]

# Epoch 74: train_loss: 0.3848857284:  74%|███████▍  | 74/100 [01:37<00:35,  1.38s/it]
# Epoch 74: train_loss: 0.3848857284:  75%|███████▌  | 75/100 [01:37<00:34,  1.38s/it]

# Epoch 75: train_loss: 0.3829691410:  75%|███████▌  | 75/100 [01:38<00:34,  1.38s/it]
# Epoch 75: train_loss: 0.3829691410:  76%|███████▌  | 76/100 [01:38<00:33,  1.38s/it]

# Epoch 76: train_loss: 0.3807489276:  76%|███████▌  | 76/100 [01:40<00:33,  1.38s/it]
# Epoch 76: train_loss: 0.3807489276:  77%|███████▋  | 77/100 [01:40<00:31,  1.38s/it]

# Epoch 77: train_loss: 0.3770483136:  77%|███████▋  | 77/100 [01:41<00:31,  1.38s/it]
# Epoch 77: train_loss: 0.3770483136:  78%|███████▊  | 78/100 [01:41<00:30,  1.38s/it]

# Epoch 78: train_loss: 0.3749970794:  78%|███████▊  | 78/100 [01:42<00:30,  1.38s/it]
# Epoch 78: train_loss: 0.3749970794:  79%|███████▉  | 79/100 [01:42<00:29,  1.38s/it]

# Epoch 79: train_loss: 0.3737273812:  79%|███████▉  | 79/100 [01:44<00:29,  1.38s/it]
# Epoch 79: train_loss: 0.3737273812:  80%|████████  | 80/100 [01:44<00:27,  1.38s/it]

# Epoch 80: train_loss: 0.3723407090:  80%|████████  | 80/100 [01:45<00:27,  1.38s/it]
# Epoch 80: train_loss: 0.3723407090:  81%|████████  | 81/100 [01:45<00:26,  1.38s/it]

# Epoch 81: train_loss: 0.3725250363:  81%|████████  | 81/100 [01:47<00:26,  1.38s/it]
# Epoch 81: train_loss: 0.3725250363:  82%|████████▏ | 82/100 [01:47<00:24,  1.38s/it]

# Epoch 82: train_loss: 0.3711846173:  82%|████████▏ | 82/100 [01:48<00:24,  1.38s/it]
# Epoch 82: train_loss: 0.3711846173:  83%|████████▎ | 83/100 [01:48<00:23,  1.38s/it]

# Epoch 83: train_loss: 0.3695647717:  83%|████████▎ | 83/100 [01:49<00:23,  1.38s/it]
# Epoch 83: train_loss: 0.3695647717:  84%|████████▍ | 84/100 [01:49<00:22,  1.38s/it]

# Epoch 84: train_loss: 0.3680129647:  84%|████████▍ | 84/100 [01:51<00:22,  1.38s/it]
# Epoch 84: train_loss: 0.3680129647:  85%|████████▌ | 85/100 [01:51<00:20,  1.38s/it]

# Epoch 85: train_loss: 0.3671635687:  85%|████████▌ | 85/100 [01:52<00:20,  1.38s/it]
# Epoch 85: train_loss: 0.3671635687:  86%|████████▌ | 86/100 [01:52<00:19,  1.38s/it]

# Epoch 86: train_loss: 0.3661770225:  86%|████████▌ | 86/100 [01:54<00:19,  1.38s/it]
# Epoch 86: train_loss: 0.3661770225:  87%|████████▋ | 87/100 [01:54<00:17,  1.38s/it]

# Epoch 87: train_loss: 0.3652193248:  87%|████████▋ | 87/100 [01:55<00:17,  1.38s/it]
# Epoch 87: train_loss: 0.3652193248:  88%|████████▊ | 88/100 [01:55<00:16,  1.38s/it]

# Epoch 88: train_loss: 0.3646877110:  88%|████████▊ | 88/100 [01:56<00:16,  1.38s/it]
# Epoch 88: train_loss: 0.3646877110:  89%|████████▉ | 89/100 [01:56<00:15,  1.38s/it]

# Epoch 89: train_loss: 0.3648360670:  89%|████████▉ | 89/100 [01:58<00:15,  1.38s/it]
# Epoch 89: train_loss: 0.3648360670:  90%|█████████ | 90/100 [01:58<00:13,  1.38s/it]

# Epoch 90: train_loss: 0.3619410694:  90%|█████████ | 90/100 [01:59<00:13,  1.38s/it]
# Epoch 90: train_loss: 0.3619410694:  91%|█████████ | 91/100 [01:59<00:12,  1.38s/it]

# Epoch 91: train_loss: 0.3646109402:  91%|█████████ | 91/100 [02:00<00:12,  1.38s/it]
# Epoch 91: train_loss: 0.3646109402:  92%|█████████▏| 92/100 [02:00<00:11,  1.38s/it]

# Epoch 92: train_loss: 0.3635770380:  92%|█████████▏| 92/100 [02:02<00:11,  1.38s/it]
# Epoch 92: train_loss: 0.3635770380:  93%|█████████▎| 93/100 [02:02<00:09,  1.38s/it]

# Epoch 93: train_loss: 0.3619233966:  93%|█████████▎| 93/100 [02:03<00:09,  1.38s/it]
# Epoch 93: train_loss: 0.3619233966:  94%|█████████▍| 94/100 [02:03<00:08,  1.38s/it]

# Epoch 94: train_loss: 0.3627394736:  94%|█████████▍| 94/100 [02:05<00:08,  1.38s/it]
# Epoch 94: train_loss: 0.3627394736:  95%|█████████▌| 95/100 [02:05<00:06,  1.38s/it]

# Epoch 95: train_loss: 0.3628565371:  95%|█████████▌| 95/100 [02:06<00:06,  1.38s/it]
# Epoch 95: train_loss: 0.3628565371:  96%|█████████▌| 96/100 [02:06<00:05,  1.38s/it]

# Epoch 96: train_loss: 0.3634565771:  96%|█████████▌| 96/100 [02:07<00:05,  1.38s/it]
# Epoch 96: train_loss: 0.3634565771:  97%|█████████▋| 97/100 [02:07<00:04,  1.38s/it]

# Epoch 97: train_loss: 0.3622772098:  97%|█████████▋| 97/100 [02:09<00:04,  1.38s/it]
# Epoch 97: train_loss: 0.3622772098:  98%|█████████▊| 98/100 [02:09<00:02,  1.38s/it]

# Epoch 98: train_loss: 0.3635275066:  98%|█████████▊| 98/100 [02:10<00:02,  1.38s/it]
# Epoch 98: train_loss: 0.3635275066:  99%|█████████▉| 99/100 [02:10<00:01,  1.38s/it]

# Epoch 99: train_loss: 0.3634203672:  99%|█████████▉| 99/100 [02:11<00:01,  1.38s/it]
# Epoch 99: train_loss: 0.3634203672: 100%|██████████| 100/100 [02:11<00:00,  1.38s/it]
# Epoch 99: train_loss: 0.3634203672: 100%|██████████| 100/100 [02:11<00:00,  1.32s/it]

  0%|          | 0/200 [00:00<?, ?it/s]
# Epoch: 0, train_loss: 0.7078, train_acc:0.32582, val_loss: 0.6821, val_acc:0.73137, val_f1:0.38839, test_acc:0.7505, test_f1:0.4019:   0%|          | 0/200 [00:00<?, ?it/s]
# Epoch: 0, train_loss: 0.7078, train_acc:0.32582, val_loss: 0.6821, val_acc:0.73137, val_f1:0.38839, test_acc:0.7505, test_f1:0.4019:   0%|          | 1/200 [00:00<03:07,  1.06it/s]
# Epoch: 1, train_loss: 0.6883, train_acc:0.58552, val_loss: 0.6657, val_acc:0.75098, val_f1:0.22561, test_acc:0.7520, test_f1:0.2094:   0%|          | 1/200 [00:01<03:07,  1.06it/s]
# Epoch: 1, train_loss: 0.6883, train_acc:0.58552, val_loss: 0.6657, val_acc:0.75098, val_f1:0.22561, test_acc:0.7520, test_f1:0.2094:   1%|          | 2/200 [00:01<03:05,  1.07it/s]
# Epoch: 2, train_loss: 0.6695, train_acc:0.74884, val_loss: 0.6524, val_acc:0.74804, val_f1:0.14618, test_acc:0.7500, test_f1:0.1414:   1%|          | 2/200 [00:02<03:05,  1.07it/s]
# Epoch: 2, train_loss: 0.6695, train_acc:0.74884, val_loss: 0.6524, val_acc:0.74804, val_f1:0.14618, test_acc:0.7500, test_f1:0.1414:   2%|▏         | 3/200 [00:02<03:03,  1.07it/s]
# Epoch: 3, train_loss: 0.6532, train_acc:0.75249, val_loss: 0.6403, val_acc:0.74216, val_f1:0.10847, test_acc:0.7466, test_f1:0.1040:   2%|▏         | 3/200 [00:03<03:03,  1.07it/s]
# Epoch: 3, train_loss: 0.6532, train_acc:0.75249, val_loss: 0.6403, val_acc:0.74216, val_f1:0.10847, test_acc:0.7466, test_f1:0.1040:   2%|▏         | 4/200 [00:03<03:01,  1.08it/s]
# Epoch: 4, train_loss: 0.6384, train_acc:0.74436, val_loss: 0.6282, val_acc:0.73922, val_f1:0.09524, test_acc:0.7466, test_f1:0.1040:   2%|▏         | 4/200 [00:04<03:01,  1.08it/s]
# Epoch: 4, train_loss: 0.6384, train_acc:0.74436, val_loss: 0.6282, val_acc:0.73922, val_f1:0.09524, test_acc:0.7466, test_f1:0.1040:   2%|▎         | 5/200 [00:04<03:00,  1.08it/s]
# Epoch: 5, train_loss: 0.6246, train_acc:0.74002, val_loss: 0.6155, val_acc:0.74804, val_f1:0.16828, test_acc:0.7500, test_f1:0.1443:   2%|▎         | 5/200 [00:05<03:00,  1.08it/s]
# Epoch: 5, train_loss: 0.6246, train_acc:0.74002, val_loss: 0.6155, val_acc:0.74804, val_f1:0.16828, test_acc:0.7500, test_f1:0.1443:   3%|▎         | 6/200 [00:05<02:59,  1.08it/s]
# Epoch: 6, train_loss: 0.6119, train_acc:0.73764, val_loss: 0.6027, val_acc:0.75686, val_f1:0.31111, test_acc:0.7642, test_f1:0.2916:   3%|▎         | 6/200 [00:06<02:59,  1.08it/s]
# Epoch: 6, train_loss: 0.6119, train_acc:0.73764, val_loss: 0.6027, val_acc:0.75686, val_f1:0.31111, test_acc:0.7642, test_f1:0.2916:   4%|▎         | 7/200 [00:06<02:59,  1.08it/s]
# Epoch: 7, train_loss: 0.5996, train_acc:0.73596, val_loss: 0.5903, val_acc:0.75588, val_f1:0.37905, test_acc:0.7725, test_f1:0.3943:   4%|▎         | 7/200 [00:07<02:59,  1.08it/s]
# Epoch: 7, train_loss: 0.5996, train_acc:0.73596, val_loss: 0.5903, val_acc:0.75588, val_f1:0.37905, test_acc:0.7725, test_f1:0.3943:   4%|▍         | 8/200 [00:07<02:58,  1.08it/s]
# Epoch: 8, train_loss: 0.5874, train_acc:0.7326, val_loss: 0.5789, val_acc:0.75, val_f1:0.38849, test_acc:0.7657, test_f1:0.3995:   4%|▍         | 8/200 [00:08<02:58,  1.08it/s]    
# Epoch: 8, train_loss: 0.5874, train_acc:0.7326, val_loss: 0.5789, val_acc:0.75, val_f1:0.38849, test_acc:0.7657, test_f1:0.3995:   4%|▍         | 9/200 [00:08<02:56,  1.08it/s]
# Epoch: 9, train_loss: 0.5762, train_acc:0.73274, val_loss: 0.5685, val_acc:0.7402, val_f1:0.37939, test_acc:0.7598, test_f1:0.3966:   4%|▍         | 9/200 [00:09<02:56,  1.08it/s]
# Epoch: 9, train_loss: 0.5762, train_acc:0.73274, val_loss: 0.5685, val_acc:0.7402, val_f1:0.37939, test_acc:0.7598, test_f1:0.3966:   5%|▌         | 10/200 [00:09<02:55,  1.08it/s]
# Epoch: 10, train_loss: 0.5652, train_acc:0.73232, val_loss: 0.5586, val_acc:0.73039, val_f1:0.37071, test_acc:0.7573, test_f1:0.3971:   5%|▌         | 10/200 [00:10<02:55,  1.08it/s]
# Epoch: 10, train_loss: 0.5652, train_acc:0.73232, val_loss: 0.5586, val_acc:0.73039, val_f1:0.37071, test_acc:0.7573, test_f1:0.3971:   6%|▌         | 11/200 [00:10<02:54,  1.08it/s]
# Epoch: 11, train_loss: 0.5543, train_acc:0.73147, val_loss: 0.5497, val_acc:0.72941, val_f1:0.37273, test_acc:0.7549, test_f1:0.3961:   6%|▌         | 11/200 [00:11<02:54,  1.08it/s]
# Epoch: 11, train_loss: 0.5543, train_acc:0.73147, val_loss: 0.5497, val_acc:0.72941, val_f1:0.37273, test_acc:0.7549, test_f1:0.3961:   6%|▌         | 12/200 [00:11<02:53,  1.08it/s]
# Epoch: 12, train_loss: 0.5451, train_acc:0.73316, val_loss: 0.5415, val_acc:0.72941, val_f1:0.37273, test_acc:0.7539, test_f1:0.3952:   6%|▌         | 12/200 [00:12<02:53,  1.08it/s]
# Epoch: 12, train_loss: 0.5451, train_acc:0.73316, val_loss: 0.5415, val_acc:0.72941, val_f1:0.37273, test_acc:0.7539, test_f1:0.3952:   6%|▋         | 13/200 [00:12<02:52,  1.08it/s]
# Epoch: 13, train_loss: 0.5369, train_acc:0.73162, val_loss: 0.5340, val_acc:0.72941, val_f1:0.37273, test_acc:0.7544, test_f1:0.3971:   6%|▋         | 13/200 [00:12<02:52,  1.08it/s]
# Epoch: 13, train_loss: 0.5369, train_acc:0.73162, val_loss: 0.5340, val_acc:0.72941, val_f1:0.37273, test_acc:0.7544, test_f1:0.3971:   7%|▋         | 14/200 [00:12<02:51,  1.08it/s]
# Epoch: 14, train_loss: 0.5285, train_acc:0.73246, val_loss: 0.5268, val_acc:0.73137, val_f1:0.38009, test_acc:0.7549, test_f1:0.4033:   7%|▋         | 14/200 [00:13<02:51,  1.08it/s]
# Epoch: 14, train_loss: 0.5285, train_acc:0.73246, val_loss: 0.5268, val_acc:0.73137, val_f1:0.38009, test_acc:0.7549, test_f1:0.4033:   8%|▊         | 15/200 [00:13<02:50,  1.08it/s]
# Epoch: 15, train_loss: 0.5202, train_acc:0.73456, val_loss: 0.5199, val_acc:0.73922, val_f1:0.4115, test_acc:0.7588, test_f1:0.4171:   8%|▊         | 15/200 [00:14<02:50,  1.08it/s] 
# Epoch: 15, train_loss: 0.5202, train_acc:0.73456, val_loss: 0.5199, val_acc:0.73922, val_f1:0.4115, test_acc:0.7588, test_f1:0.4171:   8%|▊         | 16/200 [00:14<02:50,  1.08it/s]
# Epoch: 16, train_loss: 0.5127, train_acc:0.73778, val_loss: 0.5128, val_acc:0.74608, val_f1:0.43573, test_acc:0.7711, test_f1:0.4675:   8%|▊         | 16/200 [00:15<02:50,  1.08it/s]
# Epoch: 16, train_loss: 0.5127, train_acc:0.73778, val_loss: 0.5128, val_acc:0.74608, val_f1:0.43573, test_acc:0.7711, test_f1:0.4675:   8%|▊         | 17/200 [00:15<02:49,  1.08it/s]
# Epoch: 17, train_loss: 0.5036, train_acc:0.73848, val_loss: 0.5053, val_acc:0.76569, val_f1:0.51324, test_acc:0.7907, test_f1:0.5384:   8%|▊         | 17/200 [00:16<02:49,  1.08it/s]
# Epoch: 17, train_loss: 0.5036, train_acc:0.73848, val_loss: 0.5053, val_acc:0.76569, val_f1:0.51324, test_acc:0.7907, test_f1:0.5384:   9%|▉         | 18/200 [00:16<02:48,  1.08it/s]
# Epoch: 18, train_loss: 0.4948, train_acc:0.74856, val_loss: 0.4973, val_acc:0.77843, val_f1:0.55512, test_acc:0.7956, test_f1:0.5697:   9%|▉         | 18/200 [00:17<02:48,  1.08it/s]
# Epoch: 18, train_loss: 0.4948, train_acc:0.74856, val_loss: 0.4973, val_acc:0.77843, val_f1:0.55512, test_acc:0.7956, test_f1:0.5697:  10%|▉         | 19/200 [00:17<02:48,  1.08it/s]
# Epoch: 19, train_loss: 0.4859, train_acc:0.75501, val_loss: 0.4885, val_acc:0.78333, val_f1:0.57744, test_acc:0.8059, test_f1:0.6016:  10%|▉         | 19/200 [00:18<02:48,  1.08it/s]
# Epoch: 19, train_loss: 0.4859, train_acc:0.75501, val_loss: 0.4885, val_acc:0.78333, val_f1:0.57744, test_acc:0.8059, test_f1:0.6016:  10%|█         | 20/200 [00:18<02:47,  1.07it/s]
# Epoch: 20, train_loss: 0.4740, train_acc:0.76691, val_loss: 0.4793, val_acc:0.78725, val_f1:0.59134, test_acc:0.8069, test_f1:0.6091:  10%|█         | 20/200 [00:19<02:47,  1.07it/s]
# Epoch: 20, train_loss: 0.4740, train_acc:0.76691, val_loss: 0.4793, val_acc:0.78725, val_f1:0.59134, test_acc:0.8069, test_f1:0.6091:  10%|█         | 21/200 [00:19<02:47,  1.07it/s]
# Epoch: 21, train_loss: 0.4617, train_acc:0.77406, val_loss: 0.4696, val_acc:0.79118, val_f1:0.60187, test_acc:0.8123, test_f1:0.6241:  10%|█         | 21/200 [00:20<02:47,  1.07it/s]
# Epoch: 21, train_loss: 0.4617, train_acc:0.77406, val_loss: 0.4696, val_acc:0.79118, val_f1:0.60187, test_acc:0.8123, test_f1:0.6241:  11%|█         | 22/200 [00:20<02:46,  1.07it/s]
# Epoch: 22, train_loss: 0.4493, train_acc:0.79213, val_loss: 0.4593, val_acc:0.79412, val_f1:0.60967, test_acc:0.8157, test_f1:0.6321:  11%|█         | 22/200 [00:21<02:46,  1.07it/s]
# Epoch: 22, train_loss: 0.4493, train_acc:0.79213, val_loss: 0.4593, val_acc:0.79412, val_f1:0.60967, test_acc:0.8157, test_f1:0.6321:  12%|█▏        | 23/200 [00:21<02:45,  1.07it/s]
# Epoch: 23, train_loss: 0.4393, train_acc:0.79997, val_loss: 0.4480, val_acc:0.79706, val_f1:0.61453, test_acc:0.8196, test_f1:0.6399:  12%|█▏        | 23/200 [00:22<02:45,  1.07it/s]
# Epoch: 23, train_loss: 0.4393, train_acc:0.79997, val_loss: 0.4480, val_acc:0.79706, val_f1:0.61453, test_acc:0.8196, test_f1:0.6399:  12%|█▏        | 24/200 [00:22<02:44,  1.07it/s]
# Epoch: 24, train_loss: 0.4233, train_acc:0.81048, val_loss: 0.4352, val_acc:0.8049, val_f1:0.62804, test_acc:0.8226, test_f1:0.6465:  12%|█▏        | 24/200 [00:23<02:44,  1.07it/s] 
# Epoch: 24, train_loss: 0.4233, train_acc:0.81048, val_loss: 0.4352, val_acc:0.8049, val_f1:0.62804, test_acc:0.8226, test_f1:0.6465:  12%|█▎        | 25/200 [00:23<02:43,  1.07it/s]
# Epoch: 25, train_loss: 0.4109, train_acc:0.81776, val_loss: 0.4205, val_acc:0.81176, val_f1:0.64045, test_acc:0.8319, test_f1:0.6641:  12%|█▎        | 25/200 [00:24<02:43,  1.07it/s]
# Epoch: 25, train_loss: 0.4109, train_acc:0.81776, val_loss: 0.4205, val_acc:0.81176, val_f1:0.64045, test_acc:0.8319, test_f1:0.6641:  13%|█▎        | 26/200 [00:24<02:42,  1.07it/s]
# Epoch: 26, train_loss: 0.3998, train_acc:0.82364, val_loss: 0.4039, val_acc:0.81471, val_f1:0.64137, test_acc:0.8328, test_f1:0.6640:  13%|█▎        | 26/200 [00:25<02:42,  1.07it/s]
# Epoch: 26, train_loss: 0.3998, train_acc:0.82364, val_loss: 0.4039, val_acc:0.81471, val_f1:0.64137, test_acc:0.8328, test_f1:0.6640:  14%|█▎        | 27/200 [00:25<02:41,  1.07it/s]
# Epoch: 27, train_loss: 0.3876, train_acc:0.83107, val_loss: 0.3876, val_acc:0.81275, val_f1:0.62768, test_acc:0.8373, test_f1:0.6646:  14%|█▎        | 27/200 [00:26<02:41,  1.07it/s]
# Epoch: 27, train_loss: 0.3876, train_acc:0.83107, val_loss: 0.3876, val_acc:0.81275, val_f1:0.62768, test_acc:0.8373, test_f1:0.6646:  14%|█▍        | 28/200 [00:26<02:40,  1.07it/s]
# Epoch: 28, train_loss: 0.3774, train_acc:0.83121, val_loss: 0.3756, val_acc:0.81765, val_f1:0.625, test_acc:0.8353, test_f1:0.6456:  14%|█▍        | 28/200 [00:26<02:40,  1.07it/s]  
# Epoch: 28, train_loss: 0.3774, train_acc:0.83121, val_loss: 0.3756, val_acc:0.81765, val_f1:0.625, test_acc:0.8353, test_f1:0.6456:  14%|█▍        | 29/200 [00:26<02:39,  1.07it/s]
# Epoch: 29, train_loss: 0.3655, train_acc:0.83835, val_loss: 0.3724, val_acc:0.81569, val_f1:0.6, test_acc:0.8338, test_f1:0.6204:  14%|█▍        | 29/200 [00:27<02:39,  1.07it/s]  
# Epoch: 29, train_loss: 0.3655, train_acc:0.83835, val_loss: 0.3724, val_acc:0.81569, val_f1:0.6, test_acc:0.8338, test_f1:0.6204:  15%|█▌        | 30/200 [00:27<02:38,  1.07it/s]
# Epoch: 30, train_loss: 0.3573, train_acc:0.84101, val_loss: 0.3782, val_acc:0.8098, val_f1:0.56109, test_acc:0.8250, test_f1:0.5825:  15%|█▌        | 30/200 [00:28<02:38,  1.07it/s]
# Epoch: 30, train_loss: 0.3573, train_acc:0.84101, val_loss: 0.3782, val_acc:0.8098, val_f1:0.56109, test_acc:0.8250, test_f1:0.5825:  16%|█▌        | 31/200 [00:28<02:37,  1.08it/s]
# Epoch: 31, train_loss: 0.3478, train_acc:0.8504, val_loss: 0.3878, val_acc:0.80196, val_f1:0.52804, test_acc:0.8211, test_f1:0.5543:  16%|█▌        | 31/200 [00:29<02:37,  1.08it/s]
# Epoch: 31, train_loss: 0.3478, train_acc:0.8504, val_loss: 0.3878, val_acc:0.80196, val_f1:0.52804, test_acc:0.8211, test_f1:0.5543:  16%|█▌        | 32/200 [00:29<02:36,  1.08it/s]
# Epoch: 32, train_loss: 0.3396, train_acc:0.8504, val_loss: 0.3931, val_acc:0.80294, val_f1:0.52257, test_acc:0.8201, test_f1:0.5475:  16%|█▌        | 32/200 [00:30<02:36,  1.08it/s]
# Epoch: 32, train_loss: 0.3396, train_acc:0.8504, val_loss: 0.3931, val_acc:0.80294, val_f1:0.52257, test_acc:0.8201, test_f1:0.5475:  16%|█▋        | 33/200 [00:30<02:35,  1.08it/s]
# Epoch: 33, train_loss: 0.3329, train_acc:0.85446, val_loss: 0.3861, val_acc:0.80392, val_f1:0.54128, test_acc:0.8245, test_f1:0.5728:  16%|█▋        | 33/200 [00:31<02:35,  1.08it/s]
# Epoch: 33, train_loss: 0.3329, train_acc:0.85446, val_loss: 0.3861, val_acc:0.80392, val_f1:0.54128, test_acc:0.8245, test_f1:0.5728:  17%|█▋        | 34/200 [00:31<02:33,  1.08it/s]
# Epoch: 34, train_loss: 0.3316, train_acc:0.85376, val_loss: 0.3711, val_acc:0.81863, val_f1:0.5987, test_acc:0.8348, test_f1:0.6157:  17%|█▋        | 34/200 [00:32<02:33,  1.08it/s] 
# Epoch: 34, train_loss: 0.3316, train_acc:0.85376, val_loss: 0.3711, val_acc:0.81863, val_f1:0.5987, test_acc:0.8348, test_f1:0.6157:  18%|█▊        | 35/200 [00:32<02:33,  1.07it/s]
# Epoch: 35, train_loss: 0.3229, train_acc:0.86133, val_loss: 0.3570, val_acc:0.82843, val_f1:0.65209, test_acc:0.8480, test_f1:0.6730:  18%|█▊        | 35/200 [00:33<02:33,  1.07it/s]
# Epoch: 35, train_loss: 0.3229, train_acc:0.86133, val_loss: 0.3570, val_acc:0.82843, val_f1:0.65209, test_acc:0.8480, test_f1:0.6730:  18%|█▊        | 36/200 [00:33<02:32,  1.07it/s]
# Epoch: 36, train_loss: 0.3163, train_acc:0.86259, val_loss: 0.3499, val_acc:0.83627, val_f1:0.67946, test_acc:0.8529, test_f1:0.6970:  18%|█▊        | 36/200 [00:34<02:32,  1.07it/s]
# Epoch: 36, train_loss: 0.3163, train_acc:0.86259, val_loss: 0.3499, val_acc:0.83627, val_f1:0.67946, test_acc:0.8529, test_f1:0.6970:  18%|█▊        | 37/200 [00:34<02:32,  1.07it/s]
# Epoch: 37, train_loss: 0.3152, train_acc:0.8602, val_loss: 0.3489, val_acc:0.83824, val_f1:0.68691, test_acc:0.8539, test_f1:0.7032:  18%|█▊        | 37/200 [00:35<02:32,  1.07it/s] 
# Epoch: 37, train_loss: 0.3152, train_acc:0.8602, val_loss: 0.3489, val_acc:0.83824, val_f1:0.68691, test_acc:0.8539, test_f1:0.7032:  19%|█▉        | 38/200 [00:35<02:31,  1.07it/s]
# Epoch: 38, train_loss: 0.3095, train_acc:0.86203, val_loss: 0.3526, val_acc:0.8402, val_f1:0.68952, test_acc:0.8544, test_f1:0.7015:  19%|█▉        | 38/200 [00:36<02:31,  1.07it/s]
# Epoch: 38, train_loss: 0.3095, train_acc:0.86203, val_loss: 0.3526, val_acc:0.8402, val_f1:0.68952, test_acc:0.8544, test_f1:0.7015:  20%|█▉        | 39/200 [00:36<02:30,  1.07it/s]
# Epoch: 39, train_loss: 0.3041, train_acc:0.86441, val_loss: 0.3564, val_acc:0.83627, val_f1:0.67946, test_acc:0.8559, test_f1:0.7006:  20%|█▉        | 39/200 [00:37<02:30,  1.07it/s]
# Epoch: 39, train_loss: 0.3041, train_acc:0.86441, val_loss: 0.3564, val_acc:0.83627, val_f1:0.67946, test_acc:0.8559, test_f1:0.7006:  20%|██        | 40/200 [00:37<02:29,  1.07it/s]
# Epoch: 40, train_loss: 0.3053, train_acc:0.86315, val_loss: 0.3577, val_acc:0.83529, val_f1:0.67568, test_acc:0.8554, test_f1:0.6981:  20%|██        | 40/200 [00:38<02:29,  1.07it/s]
# Epoch: 40, train_loss: 0.3053, train_acc:0.86315, val_loss: 0.3577, val_acc:0.83529, val_f1:0.67568, test_acc:0.8554, test_f1:0.6981:  20%|██        | 41/200 [00:38<02:28,  1.07it/s]
# Epoch: 41, train_loss: 0.3019, train_acc:0.86343, val_loss: 0.3530, val_acc:0.83824, val_f1:0.68451, test_acc:0.8549, test_f1:0.6973:  20%|██        | 41/200 [00:39<02:28,  1.07it/s]
# Epoch: 41, train_loss: 0.3019, train_acc:0.86343, val_loss: 0.3530, val_acc:0.83824, val_f1:0.68451, test_acc:0.8549, test_f1:0.6973:  21%|██        | 42/200 [00:39<02:26,  1.08it/s]
# Epoch: 42, train_loss: 0.2982, train_acc:0.86693, val_loss: 0.3433, val_acc:0.83922, val_f1:0.69173, test_acc:0.8539, test_f1:0.7014:  21%|██        | 42/200 [00:39<02:26,  1.08it/s]
# Epoch: 42, train_loss: 0.2982, train_acc:0.86693, val_loss: 0.3433, val_acc:0.83922, val_f1:0.69173, test_acc:0.8539, test_f1:0.7014:  22%|██▏       | 43/200 [00:39<02:25,  1.08it/s]
# Epoch: 43, train_loss: 0.2995, train_acc:0.86399, val_loss: 0.3350, val_acc:0.8402, val_f1:0.69646, test_acc:0.8564, test_f1:0.7147:  22%|██▏       | 43/200 [00:40<02:25,  1.08it/s] 
# Epoch: 43, train_loss: 0.2995, train_acc:0.86399, val_loss: 0.3350, val_acc:0.8402, val_f1:0.69646, test_acc:0.8564, test_f1:0.7147:  22%|██▏       | 44/200 [00:40<02:25,  1.07it/s]
# Epoch: 44, train_loss: 0.2980, train_acc:0.86707, val_loss: 0.3281, val_acc:0.84412, val_f1:0.70718, test_acc:0.8608, test_f1:0.7300:  22%|██▏       | 44/200 [00:41<02:25,  1.07it/s]
# Epoch: 44, train_loss: 0.2980, train_acc:0.86707, val_loss: 0.3281, val_acc:0.84412, val_f1:0.70718, test_acc:0.8608, test_f1:0.7300:  22%|██▎       | 45/200 [00:41<02:24,  1.07it/s]
# Epoch: 45, train_loss: 0.2919, train_acc:0.86959, val_loss: 0.3238, val_acc:0.85, val_f1:0.72333, test_acc:0.8618, test_f1:0.7365:  22%|██▎       | 45/200 [00:42<02:24,  1.07it/s]   
# Epoch: 45, train_loss: 0.2919, train_acc:0.86959, val_loss: 0.3238, val_acc:0.85, val_f1:0.72333, test_acc:0.8618, test_f1:0.7365:  23%|██▎       | 46/200 [00:42<02:23,  1.07it/s]
# Epoch: 46, train_loss: 0.2935, train_acc:0.86819, val_loss: 0.3210, val_acc:0.85196, val_f1:0.72987, test_acc:0.8637, test_f1:0.7426:  23%|██▎       | 46/200 [00:43<02:23,  1.07it/s]
# Epoch: 46, train_loss: 0.2935, train_acc:0.86819, val_loss: 0.3210, val_acc:0.85196, val_f1:0.72987, test_acc:0.8637, test_f1:0.7426:  24%|██▎       | 47/200 [00:43<02:23,  1.07it/s]
# Epoch: 47, train_loss: 0.2904, train_acc:0.87043, val_loss: 0.3191, val_acc:0.85294, val_f1:0.73022, test_acc:0.8647, test_f1:0.7454:  24%|██▎       | 47/200 [00:44<02:23,  1.07it/s]
# Epoch: 47, train_loss: 0.2904, train_acc:0.87043, val_loss: 0.3191, val_acc:0.85294, val_f1:0.73022, test_acc:0.8647, test_f1:0.7454:  24%|██▍       | 48/200 [00:44<02:22,  1.07it/s]
# Epoch: 48, train_loss: 0.2904, train_acc:0.86805, val_loss: 0.3177, val_acc:0.85294, val_f1:0.72826, test_acc:0.8652, test_f1:0.7428:  24%|██▍       | 48/200 [00:45<02:22,  1.07it/s]
# Epoch: 48, train_loss: 0.2904, train_acc:0.86805, val_loss: 0.3177, val_acc:0.85294, val_f1:0.72826, test_acc:0.8652, test_f1:0.7428:  24%|██▍       | 49/200 [00:45<02:21,  1.07it/s]
# Epoch: 49, train_loss: 0.2881, train_acc:0.87127, val_loss: 0.3169, val_acc:0.85, val_f1:0.71927, test_acc:0.8647, test_f1:0.7366:  24%|██▍       | 49/200 [00:46<02:21,  1.07it/s]   
# Epoch: 49, train_loss: 0.2881, train_acc:0.87127, val_loss: 0.3169, val_acc:0.85, val_f1:0.71927, test_acc:0.8647, test_f1:0.7366:  25%|██▌       | 50/200 [00:46<02:20,  1.07it/s]
# Epoch: 50, train_loss: 0.2828, train_acc:0.87113, val_loss: 0.3167, val_acc:0.84608, val_f1:0.70872, test_acc:0.8662, test_f1:0.7362:  25%|██▌       | 50/200 [00:47<02:20,  1.07it/s]
# Epoch: 50, train_loss: 0.2828, train_acc:0.87113, val_loss: 0.3167, val_acc:0.84608, val_f1:0.70872, test_acc:0.8662, test_f1:0.7362:  26%|██▌       | 51/200 [00:47<02:18,  1.07it/s]
# Epoch: 51, train_loss: 0.2816, train_acc:0.87365, val_loss: 0.3163, val_acc:0.84608, val_f1:0.70872, test_acc:0.8657, test_f1:0.7350:  26%|██▌       | 51/200 [00:48<02:18,  1.07it/s]
# Epoch: 51, train_loss: 0.2816, train_acc:0.87365, val_loss: 0.3163, val_acc:0.84608, val_f1:0.70872, test_acc:0.8657, test_f1:0.7350:  26%|██▌       | 52/200 [00:48<02:17,  1.08it/s]
# Epoch: 52, train_loss: 0.2818, train_acc:0.87449, val_loss: 0.3160, val_acc:0.84706, val_f1:0.71111, test_acc:0.8677, test_f1:0.7394:  26%|██▌       | 52/200 [00:49<02:17,  1.08it/s]
# Epoch: 52, train_loss: 0.2818, train_acc:0.87449, val_loss: 0.3160, val_acc:0.84706, val_f1:0.71111, test_acc:0.8677, test_f1:0.7394:  26%|██▋       | 53/200 [00:49<02:16,  1.08it/s]
# Epoch: 53, train_loss: 0.2775, train_acc:0.87449, val_loss: 0.3151, val_acc:0.85, val_f1:0.71823, test_acc:0.8696, test_f1:0.7452:  26%|██▋       | 53/200 [00:50<02:16,  1.08it/s]   
# Epoch: 53, train_loss: 0.2775, train_acc:0.87449, val_loss: 0.3151, val_acc:0.85, val_f1:0.71823, test_acc:0.8696, test_f1:0.7452:  27%|██▋       | 54/200 [00:50<02:15,  1.08it/s]
# Epoch: 54, train_loss: 0.2743, train_acc:0.87449, val_loss: 0.3147, val_acc:0.85, val_f1:0.71823, test_acc:0.8706, test_f1:0.7466:  27%|██▋       | 54/200 [00:51<02:15,  1.08it/s]
# Epoch: 54, train_loss: 0.2743, train_acc:0.87449, val_loss: 0.3147, val_acc:0.85, val_f1:0.71823, test_acc:0.8706, test_f1:0.7466:  28%|██▊       | 55/200 [00:51<02:14,  1.08it/s]
# Epoch: 55, train_loss: 0.2764, train_acc:0.87743, val_loss: 0.3155, val_acc:0.84902, val_f1:0.71375, test_acc:0.8716, test_f1:0.7451:  28%|██▊       | 55/200 [00:52<02:14,  1.08it/s]
# Epoch: 55, train_loss: 0.2764, train_acc:0.87743, val_loss: 0.3155, val_acc:0.84902, val_f1:0.71375, test_acc:0.8716, test_f1:0.7451:  28%|██▊       | 56/200 [00:52<02:13,  1.08it/s]
# Epoch: 56, train_loss: 0.2731, train_acc:0.87771, val_loss: 0.3165, val_acc:0.85196, val_f1:0.71563, test_acc:0.8706, test_f1:0.7412:  28%|██▊       | 56/200 [00:53<02:13,  1.08it/s]
# Epoch: 56, train_loss: 0.2731, train_acc:0.87771, val_loss: 0.3165, val_acc:0.85196, val_f1:0.71563, test_acc:0.8706, test_f1:0.7412:  28%|██▊       | 57/200 [00:53<02:12,  1.08it/s]
# Epoch: 57, train_loss: 0.2709, train_acc:0.87953, val_loss: 0.3181, val_acc:0.84804, val_f1:0.7025, test_acc:0.8681, test_f1:0.7313:  28%|██▊       | 57/200 [00:53<02:12,  1.08it/s] 
# Epoch: 57, train_loss: 0.2709, train_acc:0.87953, val_loss: 0.3181, val_acc:0.84804, val_f1:0.7025, test_acc:0.8681, test_f1:0.7313:  29%|██▉       | 58/200 [00:53<02:11,  1.08it/s]
# Epoch: 58, train_loss: 0.2692, train_acc:0.88248, val_loss: 0.3201, val_acc:0.8451, val_f1:0.6902, test_acc:0.8711, test_f1:0.7314:  29%|██▉       | 58/200 [00:54<02:11,  1.08it/s] 
# Epoch: 58, train_loss: 0.2692, train_acc:0.88248, val_loss: 0.3201, val_acc:0.8451, val_f1:0.6902, test_acc:0.8711, test_f1:0.7314:  30%|██▉       | 59/200 [00:54<02:10,  1.08it/s]
# Epoch: 59, train_loss: 0.2686, train_acc:0.87996, val_loss: 0.3189, val_acc:0.84608, val_f1:0.69276, test_acc:0.8716, test_f1:0.7337:  30%|██▉       | 59/200 [00:55<02:10,  1.08it/s]
# Epoch: 59, train_loss: 0.2686, train_acc:0.87996, val_loss: 0.3189, val_acc:0.84608, val_f1:0.69276, test_acc:0.8716, test_f1:0.7337:  30%|███       | 60/200 [00:55<02:09,  1.08it/s]
# Epoch: 60, train_loss: 0.2660, train_acc:0.88458, val_loss: 0.3169, val_acc:0.84902, val_f1:0.70039, test_acc:0.8726, test_f1:0.7379:  30%|███       | 60/200 [00:56<02:09,  1.08it/s]
# Epoch: 60, train_loss: 0.2660, train_acc:0.88458, val_loss: 0.3169, val_acc:0.84902, val_f1:0.70039, test_acc:0.8726, test_f1:0.7379:  30%|███       | 61/200 [00:56<02:08,  1.08it/s]
# Epoch: 61, train_loss: 0.2642, train_acc:0.88276, val_loss: 0.3147, val_acc:0.85098, val_f1:0.70543, test_acc:0.8750, test_f1:0.7447:  30%|███       | 61/200 [00:57<02:08,  1.08it/s]
# Epoch: 61, train_loss: 0.2642, train_acc:0.88276, val_loss: 0.3147, val_acc:0.85098, val_f1:0.70543, test_acc:0.8750, test_f1:0.7447:  31%|███       | 62/200 [00:57<02:07,  1.08it/s]
# Epoch: 62, train_loss: 0.2628, train_acc:0.88374, val_loss: 0.3126, val_acc:0.85392, val_f1:0.71401, test_acc:0.8779, test_f1:0.7532:  31%|███       | 62/200 [00:58<02:07,  1.08it/s]
# Epoch: 62, train_loss: 0.2628, train_acc:0.88374, val_loss: 0.3126, val_acc:0.85392, val_f1:0.71401, test_acc:0.8779, test_f1:0.7532:  32%|███▏      | 63/200 [00:58<02:07,  1.08it/s]
# Epoch: 63, train_loss: 0.2613, train_acc:0.885, val_loss: 0.3118, val_acc:0.85392, val_f1:0.71401, test_acc:0.8799, test_f1:0.7557:  32%|███▏      | 63/200 [00:59<02:07,  1.08it/s]  
# Epoch: 63, train_loss: 0.2613, train_acc:0.885, val_loss: 0.3118, val_acc:0.85392, val_f1:0.71401, test_acc:0.8799, test_f1:0.7557:  32%|███▏      | 64/200 [00:59<02:06,  1.07it/s]
# Epoch: 64, train_loss: 0.2606, train_acc:0.88444, val_loss: 0.3120, val_acc:0.85196, val_f1:0.7068, test_acc:0.8794, test_f1:0.7510:  32%|███▏      | 64/200 [01:00<02:06,  1.07it/s]
# Epoch: 64, train_loss: 0.2606, train_acc:0.88444, val_loss: 0.3120, val_acc:0.85196, val_f1:0.7068, test_acc:0.8794, test_f1:0.7510:  32%|███▎      | 65/200 [01:00<02:05,  1.08it/s]
# Epoch: 65, train_loss: 0.2583, train_acc:0.88472, val_loss: 0.3126, val_acc:0.85196, val_f1:0.70334, test_acc:0.8794, test_f1:0.7469:  32%|███▎      | 65/200 [01:01<02:05,  1.08it/s]
# Epoch: 65, train_loss: 0.2583, train_acc:0.88472, val_loss: 0.3126, val_acc:0.85196, val_f1:0.70334, test_acc:0.8794, test_f1:0.7469:  33%|███▎      | 66/200 [01:01<02:04,  1.08it/s]
# Epoch: 66, train_loss: 0.2543, train_acc:0.88682, val_loss: 0.3145, val_acc:0.85, val_f1:0.69461, test_acc:0.8770, test_f1:0.7361:  33%|███▎      | 66/200 [01:02<02:04,  1.08it/s]   
# Epoch: 66, train_loss: 0.2543, train_acc:0.88682, val_loss: 0.3145, val_acc:0.85, val_f1:0.69461, test_acc:0.8770, test_f1:0.7361:  34%|███▎      | 67/200 [01:02<02:03,  1.08it/s]
# Epoch: 67, train_loss: 0.2564, train_acc:0.88528, val_loss: 0.3141, val_acc:0.84902, val_f1:0.692, test_acc:0.8765, test_f1:0.7347:  34%|███▎      | 67/200 [01:03<02:03,  1.08it/s]
# Epoch: 67, train_loss: 0.2564, train_acc:0.88528, val_loss: 0.3141, val_acc:0.84902, val_f1:0.692, test_acc:0.8765, test_f1:0.7347:  34%|███▍      | 68/200 [01:03<02:02,  1.08it/s]
# Epoch: 68, train_loss: 0.2536, train_acc:0.89004, val_loss: 0.3132, val_acc:0.85196, val_f1:0.6998, test_acc:0.8784, test_f1:0.7400:  34%|███▍      | 68/200 [01:04<02:02,  1.08it/s]
# Epoch: 68, train_loss: 0.2536, train_acc:0.89004, val_loss: 0.3132, val_acc:0.85196, val_f1:0.6998, test_acc:0.8784, test_f1:0.7400:  34%|███▍      | 69/200 [01:04<02:01,  1.08it/s]
# Epoch: 69, train_loss: 0.2505, train_acc:0.88948, val_loss: 0.3101, val_acc:0.85784, val_f1:0.71735, test_acc:0.8828, test_f1:0.7539:  34%|███▍      | 69/200 [01:05<02:01,  1.08it/s]
# Epoch: 69, train_loss: 0.2505, train_acc:0.88948, val_loss: 0.3101, val_acc:0.85784, val_f1:0.71735, test_acc:0.8828, test_f1:0.7539:  35%|███▌      | 70/200 [01:05<02:00,  1.07it/s]
# Epoch: 70, train_loss: 0.2507, train_acc:0.88962, val_loss: 0.3080, val_acc:0.85686, val_f1:0.71815, test_acc:0.8878, test_f1:0.7694:  35%|███▌      | 70/200 [01:06<02:00,  1.07it/s]
# Epoch: 70, train_loss: 0.2507, train_acc:0.88962, val_loss: 0.3080, val_acc:0.85686, val_f1:0.71815, test_acc:0.8878, test_f1:0.7694:  36%|███▌      | 71/200 [01:06<01:59,  1.08it/s]
# Epoch: 71, train_loss: 0.2502, train_acc:0.89116, val_loss: 0.3060, val_acc:0.8598, val_f1:0.72447, test_acc:0.8912, test_f1:0.7771:  36%|███▌      | 71/200 [01:06<01:59,  1.08it/s] 
# Epoch: 71, train_loss: 0.2502, train_acc:0.89116, val_loss: 0.3060, val_acc:0.8598, val_f1:0.72447, test_acc:0.8912, test_f1:0.7771:  36%|███▌      | 72/200 [01:06<01:59,  1.07it/s]
# Epoch: 72, train_loss: 0.2467, train_acc:0.89172, val_loss: 0.3036, val_acc:0.86176, val_f1:0.73143, test_acc:0.8912, test_f1:0.7789:  36%|███▌      | 72/200 [01:07<01:59,  1.07it/s]
# Epoch: 72, train_loss: 0.2467, train_acc:0.89172, val_loss: 0.3036, val_acc:0.86176, val_f1:0.73143, test_acc:0.8912, test_f1:0.7789:  36%|███▋      | 73/200 [01:07<01:58,  1.07it/s]
# Epoch: 73, train_loss: 0.2464, train_acc:0.89522, val_loss: 0.3033, val_acc:0.85882, val_f1:0.72201, test_acc:0.8902, test_f1:0.7733:  36%|███▋      | 73/200 [01:08<01:58,  1.07it/s]
# Epoch: 73, train_loss: 0.2464, train_acc:0.89522, val_loss: 0.3033, val_acc:0.85882, val_f1:0.72201, test_acc:0.8902, test_f1:0.7733:  37%|███▋      | 74/200 [01:08<01:57,  1.07it/s]
# Epoch: 74, train_loss: 0.2470, train_acc:0.892, val_loss: 0.3046, val_acc:0.8549, val_f1:0.70866, test_acc:0.8863, test_f1:0.7628:  37%|███▋      | 74/200 [01:09<01:57,  1.07it/s]   
# Epoch: 74, train_loss: 0.2470, train_acc:0.892, val_loss: 0.3046, val_acc:0.8549, val_f1:0.70866, test_acc:0.8863, test_f1:0.7628:  38%|███▊      | 75/200 [01:09<01:56,  1.08it/s]
# Epoch: 75, train_loss: 0.2432, train_acc:0.89452, val_loss: 0.3030, val_acc:0.85686, val_f1:0.7126, test_acc:0.8902, test_f1:0.7700:  38%|███▊      | 75/200 [01:10<01:56,  1.08it/s]
# Epoch: 75, train_loss: 0.2432, train_acc:0.89452, val_loss: 0.3030, val_acc:0.85686, val_f1:0.7126, test_acc:0.8902, test_f1:0.7700:  38%|███▊      | 76/200 [01:10<01:55,  1.08it/s]
# Epoch: 76, train_loss: 0.2427, train_acc:0.89662, val_loss: 0.2978, val_acc:0.8598, val_f1:0.72553, test_acc:0.8941, test_f1:0.7844:  38%|███▊      | 76/200 [01:11<01:55,  1.08it/s]
# Epoch: 76, train_loss: 0.2427, train_acc:0.89662, val_loss: 0.2978, val_acc:0.8598, val_f1:0.72553, test_acc:0.8941, test_f1:0.7844:  38%|███▊      | 77/200 [01:11<01:54,  1.08it/s]
# Epoch: 77, train_loss: 0.2407, train_acc:0.89802, val_loss: 0.2948, val_acc:0.86275, val_f1:0.73783, test_acc:0.8936, test_f1:0.7875:  38%|███▊      | 77/200 [01:12<01:54,  1.08it/s]
# Epoch: 77, train_loss: 0.2407, train_acc:0.89802, val_loss: 0.2948, val_acc:0.86275, val_f1:0.73783, test_acc:0.8936, test_f1:0.7875:  39%|███▉      | 78/200 [01:12<01:53,  1.07it/s]
# Epoch: 78, train_loss: 0.2356, train_acc:0.89859, val_loss: 0.2935, val_acc:0.86373, val_f1:0.74115, test_acc:0.8951, test_f1:0.7922:  39%|███▉      | 78/200 [01:13<01:53,  1.07it/s]
# Epoch: 78, train_loss: 0.2356, train_acc:0.89859, val_loss: 0.2935, val_acc:0.86373, val_f1:0.74115, test_acc:0.8951, test_f1:0.7922:  40%|███▉      | 79/200 [01:13<01:52,  1.07it/s]
# Epoch: 79, train_loss: 0.2366, train_acc:0.89887, val_loss: 0.2939, val_acc:0.86176, val_f1:0.73446, test_acc:0.8961, test_f1:0.7901:  40%|███▉      | 79/200 [01:14<01:52,  1.07it/s]
# Epoch: 79, train_loss: 0.2366, train_acc:0.89887, val_loss: 0.2939, val_acc:0.86176, val_f1:0.73446, test_acc:0.8961, test_f1:0.7901:  40%|████      | 80/200 [01:14<01:51,  1.07it/s]
# Epoch: 80, train_loss: 0.2340, train_acc:0.89817, val_loss: 0.2951, val_acc:0.8598, val_f1:0.72762, test_acc:0.8961, test_f1:0.7876:  40%|████      | 80/200 [01:15<01:51,  1.07it/s] 
# Epoch: 80, train_loss: 0.2340, train_acc:0.89817, val_loss: 0.2951, val_acc:0.8598, val_f1:0.72762, test_acc:0.8961, test_f1:0.7876:  40%|████      | 81/200 [01:15<01:50,  1.08it/s]
# Epoch: 81, train_loss: 0.2352, train_acc:0.89802, val_loss: 0.2963, val_acc:0.8598, val_f1:0.72447, test_acc:0.8966, test_f1:0.7866:  40%|████      | 81/200 [01:16<01:50,  1.08it/s]
# Epoch: 81, train_loss: 0.2352, train_acc:0.89802, val_loss: 0.2963, val_acc:0.8598, val_f1:0.72447, test_acc:0.8966, test_f1:0.7866:  41%|████      | 82/200 [01:16<01:49,  1.08it/s]
# Epoch: 82, train_loss: 0.2312, train_acc:0.90237, val_loss: 0.2936, val_acc:0.8598, val_f1:0.72762, test_acc:0.8966, test_f1:0.7892:  41%|████      | 82/200 [01:17<01:49,  1.08it/s]
# Epoch: 82, train_loss: 0.2312, train_acc:0.90237, val_loss: 0.2936, val_acc:0.8598, val_f1:0.72762, test_acc:0.8966, test_f1:0.7892:  42%|████▏     | 83/200 [01:17<01:48,  1.08it/s]
# Epoch: 83, train_loss: 0.2314, train_acc:0.89788, val_loss: 0.2908, val_acc:0.86471, val_f1:0.74254, test_acc:0.8951, test_f1:0.7890:  42%|████▏     | 83/200 [01:18<01:48,  1.08it/s]
# Epoch: 83, train_loss: 0.2314, train_acc:0.89788, val_loss: 0.2908, val_acc:0.86471, val_f1:0.74254, test_acc:0.8951, test_f1:0.7890:  42%|████▏     | 84/200 [01:18<01:47,  1.07it/s]
# Epoch: 84, train_loss: 0.2289, train_acc:0.90279, val_loss: 0.2882, val_acc:0.86275, val_f1:0.74265, test_acc:0.8966, test_f1:0.7953:  42%|████▏     | 84/200 [01:19<01:47,  1.07it/s]
# Epoch: 84, train_loss: 0.2289, train_acc:0.90279, val_loss: 0.2882, val_acc:0.86275, val_f1:0.74265, test_acc:0.8966, test_f1:0.7953:  42%|████▎     | 85/200 [01:19<01:46,  1.08it/s]
# Epoch: 85, train_loss: 0.2302, train_acc:0.89915, val_loss: 0.2870, val_acc:0.86471, val_f1:0.74539, test_acc:0.8985, test_f1:0.7976:  42%|████▎     | 85/200 [01:19<01:46,  1.08it/s]
# Epoch: 85, train_loss: 0.2302, train_acc:0.89915, val_loss: 0.2870, val_acc:0.86471, val_f1:0.74539, test_acc:0.8985, test_f1:0.7976:  43%|████▎     | 86/200 [01:19<01:46,  1.07it/s]
# Epoch: 86, train_loss: 0.2283, train_acc:0.90153, val_loss: 0.2860, val_acc:0.86471, val_f1:0.74157, test_acc:0.8975, test_f1:0.7933:  43%|████▎     | 86/200 [01:20<01:46,  1.07it/s]
# Epoch: 86, train_loss: 0.2283, train_acc:0.90153, val_loss: 0.2860, val_acc:0.86471, val_f1:0.74157, test_acc:0.8975, test_f1:0.7933:  44%|████▎     | 87/200 [01:20<01:45,  1.07it/s]
# Epoch: 87, train_loss: 0.2267, train_acc:0.90069, val_loss: 0.2842, val_acc:0.86961, val_f1:0.75416, test_acc:0.8995, test_f1:0.7988:  44%|████▎     | 87/200 [01:21<01:45,  1.07it/s]
# Epoch: 87, train_loss: 0.2267, train_acc:0.90069, val_loss: 0.2842, val_acc:0.86961, val_f1:0.75416, test_acc:0.8995, test_f1:0.7988:  44%|████▍     | 88/200 [01:21<01:44,  1.07it/s]
# Epoch: 88, train_loss: 0.2218, train_acc:0.90559, val_loss: 0.2816, val_acc:0.86961, val_f1:0.75949, test_acc:0.9024, test_f1:0.8096:  44%|████▍     | 88/200 [01:22<01:44,  1.07it/s]
# Epoch: 88, train_loss: 0.2218, train_acc:0.90559, val_loss: 0.2816, val_acc:0.86961, val_f1:0.75949, test_acc:0.9024, test_f1:0.8096:  44%|████▍     | 89/200 [01:22<01:43,  1.07it/s]
# Epoch: 89, train_loss: 0.2252, train_acc:0.90391, val_loss: 0.2812, val_acc:0.87157, val_f1:0.75963, test_acc:0.9024, test_f1:0.8058:  44%|████▍     | 89/200 [01:23<01:43,  1.07it/s]
# Epoch: 89, train_loss: 0.2252, train_acc:0.90391, val_loss: 0.2812, val_acc:0.87157, val_f1:0.75963, test_acc:0.9024, test_f1:0.8058:  45%|████▌     | 90/200 [01:23<01:42,  1.07it/s]
# Epoch: 90, train_loss: 0.2235, train_acc:0.90699, val_loss: 0.2812, val_acc:0.87059, val_f1:0.75556, test_acc:0.9020, test_f1:0.8039:  45%|████▌     | 90/200 [01:24<01:42,  1.07it/s]
# Epoch: 90, train_loss: 0.2235, train_acc:0.90699, val_loss: 0.2812, val_acc:0.87059, val_f1:0.75556, test_acc:0.9020, test_f1:0.8039:  46%|████▌     | 91/200 [01:24<01:41,  1.07it/s]
# Epoch: 91, train_loss: 0.2225, train_acc:0.90545, val_loss: 0.2807, val_acc:0.87059, val_f1:0.75735, test_acc:0.9039, test_f1:0.8097:  46%|████▌     | 91/200 [01:25<01:41,  1.07it/s]
# Epoch: 91, train_loss: 0.2225, train_acc:0.90545, val_loss: 0.2807, val_acc:0.87059, val_f1:0.75735, test_acc:0.9039, test_f1:0.8097:  46%|████▌     | 92/200 [01:25<01:40,  1.07it/s]
# Epoch: 92, train_loss: 0.2217, train_acc:0.90615, val_loss: 0.2798, val_acc:0.86863, val_f1:0.75812, test_acc:0.9059, test_f1:0.8164:  46%|████▌     | 92/200 [01:26<01:40,  1.07it/s]
# Epoch: 92, train_loss: 0.2217, train_acc:0.90615, val_loss: 0.2798, val_acc:0.86863, val_f1:0.75812, test_acc:0.9059, test_f1:0.8164:  46%|████▋     | 93/200 [01:26<01:39,  1.08it/s]
# Epoch: 93, train_loss: 0.2238, train_acc:0.90559, val_loss: 0.2791, val_acc:0.87059, val_f1:0.76344, test_acc:0.9069, test_f1:0.8197:  46%|████▋     | 93/200 [01:27<01:39,  1.08it/s]
# Epoch: 93, train_loss: 0.2238, train_acc:0.90559, val_loss: 0.2791, val_acc:0.87059, val_f1:0.76344, test_acc:0.9069, test_f1:0.8197:  47%|████▋     | 94/200 [01:27<01:38,  1.08it/s]
# Epoch: 94, train_loss: 0.2201, train_acc:0.90517, val_loss: 0.2798, val_acc:0.87157, val_f1:0.76051, test_acc:0.9083, test_f1:0.8183:  47%|████▋     | 94/200 [01:28<01:38,  1.08it/s]
# Epoch: 94, train_loss: 0.2201, train_acc:0.90517, val_loss: 0.2798, val_acc:0.87157, val_f1:0.76051, test_acc:0.9083, test_f1:0.8183:  48%|████▊     | 95/200 [01:28<01:37,  1.07it/s]
# Epoch: 95, train_loss: 0.2170, train_acc:0.90657, val_loss: 0.2824, val_acc:0.87059, val_f1:0.75188, test_acc:0.9015, test_f1:0.7996:  48%|████▊     | 95/200 [01:29<01:37,  1.07it/s]
# Epoch: 95, train_loss: 0.2170, train_acc:0.90657, val_loss: 0.2824, val_acc:0.87059, val_f1:0.75188, test_acc:0.9015, test_f1:0.7996:  48%|████▊     | 96/200 [01:29<01:36,  1.08it/s]
# Epoch: 96, train_loss: 0.2172, train_acc:0.91007, val_loss: 0.2814, val_acc:0.86765, val_f1:0.7486, test_acc:0.9054, test_f1:0.8095:  48%|████▊     | 96/200 [01:30<01:36,  1.08it/s] 
# Epoch: 96, train_loss: 0.2172, train_acc:0.91007, val_loss: 0.2814, val_acc:0.86765, val_f1:0.7486, test_acc:0.9054, test_f1:0.8095:  48%|████▊     | 97/200 [01:30<01:35,  1.08it/s]
# Epoch: 97, train_loss: 0.2162, train_acc:0.90951, val_loss: 0.2796, val_acc:0.87059, val_f1:0.75824, test_acc:0.9069, test_f1:0.8152:  48%|████▊     | 97/200 [01:31<01:35,  1.08it/s]
# Epoch: 97, train_loss: 0.2162, train_acc:0.90951, val_loss: 0.2796, val_acc:0.87059, val_f1:0.75824, test_acc:0.9069, test_f1:0.8152:  49%|████▉     | 98/200 [01:31<01:34,  1.08it/s]
# Epoch: 98, train_loss: 0.2197, train_acc:0.90727, val_loss: 0.2775, val_acc:0.87451, val_f1:0.76895, test_acc:0.9078, test_f1:0.8206:  49%|████▉     | 98/200 [01:32<01:34,  1.08it/s]
# Epoch: 98, train_loss: 0.2197, train_acc:0.90727, val_loss: 0.2775, val_acc:0.87451, val_f1:0.76895, test_acc:0.9078, test_f1:0.8206:  50%|████▉     | 99/200 [01:32<01:33,  1.08it/s]
# Epoch: 99, train_loss: 0.2156, train_acc:0.90965, val_loss: 0.2764, val_acc:0.87353, val_f1:0.76757, test_acc:0.9098, test_f1:0.8248:  50%|████▉     | 99/200 [01:33<01:33,  1.08it/s]
# Epoch: 99, train_loss: 0.2156, train_acc:0.90965, val_loss: 0.2764, val_acc:0.87353, val_f1:0.76757, test_acc:0.9098, test_f1:0.8248:  50%|█████     | 100/200 [01:33<01:32,  1.08it/s]
# Epoch: 100, train_loss: 0.2131, train_acc:0.91119, val_loss: 0.2758, val_acc:0.87451, val_f1:0.76812, test_acc:0.9093, test_f1:0.8226:  50%|█████     | 100/200 [01:33<01:32,  1.08it/s]
# Epoch: 100, train_loss: 0.2131, train_acc:0.91119, val_loss: 0.2758, val_acc:0.87451, val_f1:0.76812, test_acc:0.9093, test_f1:0.8226:  50%|█████     | 101/200 [01:33<01:32,  1.07it/s]
# Epoch: 101, train_loss: 0.2133, train_acc:0.90895, val_loss: 0.2748, val_acc:0.87549, val_f1:0.77034, test_acc:0.9088, test_f1:0.8229:  50%|█████     | 101/200 [01:34<01:32,  1.07it/s]
# Epoch: 101, train_loss: 0.2133, train_acc:0.90895, val_loss: 0.2748, val_acc:0.87549, val_f1:0.77034, test_acc:0.9088, test_f1:0.8229:  51%|█████     | 102/200 [01:34<01:31,  1.07it/s]
# Epoch: 102, train_loss: 0.2135, train_acc:0.90727, val_loss: 0.2739, val_acc:0.87549, val_f1:0.77199, test_acc:0.9088, test_f1:0.8239:  51%|█████     | 102/200 [01:35<01:31,  1.07it/s]
# Epoch: 102, train_loss: 0.2135, train_acc:0.90727, val_loss: 0.2739, val_acc:0.87549, val_f1:0.77199, test_acc:0.9088, test_f1:0.8239:  52%|█████▏    | 103/200 [01:35<01:30,  1.07it/s]
# Epoch: 103, train_loss: 0.2118, train_acc:0.90825, val_loss: 0.2736, val_acc:0.87745, val_f1:0.77477, test_acc:0.9113, test_f1:0.8278:  52%|█████▏    | 103/200 [01:36<01:30,  1.07it/s]
# Epoch: 103, train_loss: 0.2118, train_acc:0.90825, val_loss: 0.2736, val_acc:0.87745, val_f1:0.77477, test_acc:0.9113, test_f1:0.8278:  52%|█████▏    | 104/200 [01:36<01:29,  1.07it/s]
# Epoch: 104, train_loss: 0.2098, train_acc:0.91231, val_loss: 0.2732, val_acc:0.87647, val_f1:0.77174, test_acc:0.9108, test_f1:0.8253:  52%|█████▏    | 104/200 [01:37<01:29,  1.07it/s]
# Epoch: 104, train_loss: 0.2098, train_acc:0.91231, val_loss: 0.2732, val_acc:0.87647, val_f1:0.77174, test_acc:0.9108, test_f1:0.8253:  52%|█████▎    | 105/200 [01:37<01:28,  1.07it/s]
# Epoch: 105, train_loss: 0.2089, train_acc:0.91231, val_loss: 0.2733, val_acc:0.87451, val_f1:0.76471, test_acc:0.9088, test_f1:0.8187:  52%|█████▎    | 105/200 [01:38<01:28,  1.07it/s]
# Epoch: 105, train_loss: 0.2089, train_acc:0.91231, val_loss: 0.2733, val_acc:0.87451, val_f1:0.76471, test_acc:0.9088, test_f1:0.8187:  53%|█████▎    | 106/200 [01:38<01:27,  1.07it/s]
# Epoch: 106, train_loss: 0.2063, train_acc:0.91792, val_loss: 0.2741, val_acc:0.87059, val_f1:0.75646, test_acc:0.9078, test_f1:0.8164:  53%|█████▎    | 106/200 [01:39<01:27,  1.07it/s]
# Epoch: 106, train_loss: 0.2063, train_acc:0.91792, val_loss: 0.2741, val_acc:0.87059, val_f1:0.75646, test_acc:0.9078, test_f1:0.8164:  54%|█████▎    | 107/200 [01:39<01:26,  1.08it/s]
# Epoch: 107, train_loss: 0.2099, train_acc:0.91147, val_loss: 0.2734, val_acc:0.87451, val_f1:0.76384, test_acc:0.9113, test_f1:0.8248:  54%|█████▎    | 107/200 [01:40<01:26,  1.08it/s]
# Epoch: 107, train_loss: 0.2099, train_acc:0.91147, val_loss: 0.2734, val_acc:0.87451, val_f1:0.76384, test_acc:0.9113, test_f1:0.8248:  54%|█████▍    | 108/200 [01:40<01:25,  1.08it/s]
# Epoch: 108, train_loss: 0.2066, train_acc:0.91357, val_loss: 0.2727, val_acc:0.87353, val_f1:0.77087, test_acc:0.9123, test_f1:0.8310:  54%|█████▍    | 108/200 [01:41<01:25,  1.08it/s]
# Epoch: 108, train_loss: 0.2066, train_acc:0.91357, val_loss: 0.2727, val_acc:0.87353, val_f1:0.77087, test_acc:0.9123, test_f1:0.8310:  55%|█████▍    | 109/200 [01:41<01:24,  1.08it/s]
# Epoch: 109, train_loss: 0.2069, train_acc:0.91287, val_loss: 0.2740, val_acc:0.87549, val_f1:0.78066, test_acc:0.9113, test_f1:0.8332:  55%|█████▍    | 109/200 [01:42<01:24,  1.08it/s]
# Epoch: 109, train_loss: 0.2069, train_acc:0.91287, val_loss: 0.2740, val_acc:0.87549, val_f1:0.78066, test_acc:0.9113, test_f1:0.8332:  55%|█████▌    | 110/200 [01:42<01:23,  1.08it/s]
# Epoch: 110, train_loss: 0.2045, train_acc:0.91525, val_loss: 0.2743, val_acc:0.87451, val_f1:0.77778, test_acc:0.9113, test_f1:0.8329:  55%|█████▌    | 110/200 [01:43<01:23,  1.08it/s]
# Epoch: 110, train_loss: 0.2045, train_acc:0.91525, val_loss: 0.2743, val_acc:0.87451, val_f1:0.77778, test_acc:0.9113, test_f1:0.8329:  56%|█████▌    | 111/200 [01:43<01:22,  1.08it/s]
# Epoch: 111, train_loss: 0.2047, train_acc:0.91273, val_loss: 0.2729, val_acc:0.87745, val_f1:0.78109, test_acc:0.9118, test_f1:0.8321:  56%|█████▌    | 111/200 [01:44<01:22,  1.08it/s]
# Epoch: 111, train_loss: 0.2047, train_acc:0.91273, val_loss: 0.2729, val_acc:0.87745, val_f1:0.78109, test_acc:0.9118, test_f1:0.8321:  56%|█████▌    | 112/200 [01:44<01:21,  1.07it/s]
# Epoch: 112, train_loss: 0.2032, train_acc:0.91637, val_loss: 0.2728, val_acc:0.87745, val_f1:0.78185, test_acc:0.9108, test_f1:0.8312:  56%|█████▌    | 112/200 [01:45<01:21,  1.07it/s]
# Epoch: 112, train_loss: 0.2032, train_acc:0.91637, val_loss: 0.2728, val_acc:0.87745, val_f1:0.78185, test_acc:0.9108, test_f1:0.8312:  56%|█████▋    | 113/200 [01:45<01:21,  1.07it/s]
# Epoch: 113, train_loss: 0.2040, train_acc:0.91722, val_loss: 0.2716, val_acc:0.88137, val_f1:0.78809, test_acc:0.9127, test_f1:0.8336:  56%|█████▋    | 113/200 [01:46<01:21,  1.07it/s]
# Epoch: 113, train_loss: 0.2040, train_acc:0.91722, val_loss: 0.2716, val_acc:0.88137, val_f1:0.78809, test_acc:0.9127, test_f1:0.8336:  57%|█████▋    | 114/200 [01:46<01:20,  1.07it/s]
# Epoch: 114, train_loss: 0.2029, train_acc:0.91609, val_loss: 0.2702, val_acc:0.87843, val_f1:0.77936, test_acc:0.9113, test_f1:0.8278:  57%|█████▋    | 114/200 [01:46<01:20,  1.07it/s]
# Epoch: 114, train_loss: 0.2029, train_acc:0.91609, val_loss: 0.2702, val_acc:0.87843, val_f1:0.77936, test_acc:0.9113, test_f1:0.8278:  57%|█████▊    | 115/200 [01:46<01:19,  1.07it/s]
# Epoch: 115, train_loss: 0.2019, train_acc:0.91413, val_loss: 0.2715, val_acc:0.87255, val_f1:0.76364, test_acc:0.9118, test_f1:0.8263:  57%|█████▊    | 115/200 [01:47<01:19,  1.07it/s]
# Epoch: 115, train_loss: 0.2019, train_acc:0.91413, val_loss: 0.2715, val_acc:0.87255, val_f1:0.76364, test_acc:0.9118, test_f1:0.8263:  58%|█████▊    | 116/200 [01:47<01:18,  1.07it/s]
# Epoch: 116, train_loss: 0.2001, train_acc:0.91694, val_loss: 0.2723, val_acc:0.87157, val_f1:0.75963, test_acc:0.9108, test_f1:0.8240:  58%|█████▊    | 116/200 [01:48<01:18,  1.07it/s]
# Epoch: 116, train_loss: 0.2001, train_acc:0.91694, val_loss: 0.2723, val_acc:0.87157, val_f1:0.75963, test_acc:0.9108, test_f1:0.8240:  58%|█████▊    | 117/200 [01:48<01:17,  1.08it/s]
# Epoch: 117, train_loss: 0.2027, train_acc:0.91385, val_loss: 0.2724, val_acc:0.87157, val_f1:0.75875, test_acc:0.9093, test_f1:0.8206:  58%|█████▊    | 117/200 [01:49<01:17,  1.08it/s]
# Epoch: 117, train_loss: 0.2027, train_acc:0.91385, val_loss: 0.2724, val_acc:0.87157, val_f1:0.75875, test_acc:0.9093, test_f1:0.8206:  59%|█████▉    | 118/200 [01:49<01:16,  1.08it/s]
# Epoch: 118, train_loss: 0.1986, train_acc:0.91778, val_loss: 0.2680, val_acc:0.87745, val_f1:0.77558, test_acc:0.9113, test_f1:0.8265:  59%|█████▉    | 118/200 [01:50<01:16,  1.08it/s]
# Epoch: 118, train_loss: 0.1986, train_acc:0.91778, val_loss: 0.2680, val_acc:0.87745, val_f1:0.77558, test_acc:0.9113, test_f1:0.8265:  60%|█████▉    | 119/200 [01:50<01:15,  1.08it/s]
# Epoch: 119, train_loss: 0.1982, train_acc:0.91623, val_loss: 0.2667, val_acc:0.88431, val_f1:0.79443, test_acc:0.9152, test_f1:0.8376:  60%|█████▉    | 119/200 [01:51<01:15,  1.08it/s]
# Epoch: 119, train_loss: 0.1982, train_acc:0.91623, val_loss: 0.2667, val_acc:0.88431, val_f1:0.79443, test_acc:0.9152, test_f1:0.8376:  60%|██████    | 120/200 [01:51<01:14,  1.07it/s]
# Epoch: 120, train_loss: 0.1979, train_acc:0.91806, val_loss: 0.2678, val_acc:0.88333, val_f1:0.79518, test_acc:0.9142, test_f1:0.8375:  60%|██████    | 120/200 [01:52<01:14,  1.07it/s]
# Epoch: 120, train_loss: 0.1979, train_acc:0.91806, val_loss: 0.2678, val_acc:0.88333, val_f1:0.79518, test_acc:0.9142, test_f1:0.8375:  60%|██████    | 121/200 [01:52<01:13,  1.08it/s]
# Epoch: 121, train_loss: 0.1954, train_acc:0.91848, val_loss: 0.2683, val_acc:0.88235, val_f1:0.78873, test_acc:0.9162, test_f1:0.8394:  60%|██████    | 121/200 [01:53<01:13,  1.08it/s]
# Epoch: 121, train_loss: 0.1954, train_acc:0.91848, val_loss: 0.2683, val_acc:0.88235, val_f1:0.78873, test_acc:0.9162, test_f1:0.8394:  61%|██████    | 122/200 [01:53<01:12,  1.08it/s]
# Epoch: 122, train_loss: 0.1982, train_acc:0.91637, val_loss: 0.2715, val_acc:0.87647, val_f1:0.7758, test_acc:0.9132, test_f1:0.8329:  61%|██████    | 122/200 [01:54<01:12,  1.08it/s] 
# Epoch: 122, train_loss: 0.1982, train_acc:0.91637, val_loss: 0.2715, val_acc:0.87647, val_f1:0.7758, test_acc:0.9132, test_f1:0.8329:  62%|██████▏   | 123/200 [01:54<01:11,  1.08it/s]
# Epoch: 123, train_loss: 0.1970, train_acc:0.91904, val_loss: 0.2734, val_acc:0.86863, val_f1:0.75458, test_acc:0.9113, test_f1:0.8251:  62%|██████▏   | 123/200 [01:55<01:11,  1.08it/s]
# Epoch: 123, train_loss: 0.1970, train_acc:0.91904, val_loss: 0.2734, val_acc:0.86863, val_f1:0.75458, test_acc:0.9113, test_f1:0.8251:  62%|██████▏   | 124/200 [01:55<01:10,  1.08it/s]
# Epoch: 124, train_loss: 0.1946, train_acc:0.92114, val_loss: 0.2692, val_acc:0.87451, val_f1:0.76895, test_acc:0.9098, test_f1:0.8217:  62%|██████▏   | 124/200 [01:56<01:10,  1.08it/s]
# Epoch: 124, train_loss: 0.1946, train_acc:0.92114, val_loss: 0.2692, val_acc:0.87451, val_f1:0.76895, test_acc:0.9098, test_f1:0.8217:  62%|██████▎   | 125/200 [01:56<01:09,  1.08it/s]
# Epoch: 125, train_loss: 0.1937, train_acc:0.92044, val_loss: 0.2661, val_acc:0.88824, val_f1:0.8007, test_acc:0.9152, test_f1:0.8379:  62%|██████▎   | 125/200 [01:57<01:09,  1.08it/s] 
# Epoch: 125, train_loss: 0.1937, train_acc:0.92044, val_loss: 0.2661, val_acc:0.88824, val_f1:0.8007, test_acc:0.9152, test_f1:0.8379:  63%|██████▎   | 126/200 [01:57<01:10,  1.05it/s]
# Epoch: 126, train_loss: 0.1935, train_acc:0.92002, val_loss: 0.2707, val_acc:0.87843, val_f1:0.78983, test_acc:0.9113, test_f1:0.8359:  63%|██████▎   | 126/200 [01:58<01:10,  1.05it/s]
# Epoch: 126, train_loss: 0.1935, train_acc:0.92002, val_loss: 0.2707, val_acc:0.87843, val_f1:0.78983, test_acc:0.9113, test_f1:0.8359:  64%|██████▎   | 127/200 [01:58<01:09,  1.06it/s]
# Epoch: 127, train_loss: 0.1917, train_acc:0.92016, val_loss: 0.2702, val_acc:0.87941, val_f1:0.79046, test_acc:0.9127, test_f1:0.8382:  64%|██████▎   | 127/200 [01:59<01:09,  1.06it/s]
# Epoch: 127, train_loss: 0.1917, train_acc:0.92016, val_loss: 0.2702, val_acc:0.87941, val_f1:0.79046, test_acc:0.9127, test_f1:0.8382:  64%|██████▍   | 128/200 [01:59<01:07,  1.06it/s]
# Epoch: 128, train_loss: 0.1940, train_acc:0.91932, val_loss: 0.2682, val_acc:0.88137, val_f1:0.78809, test_acc:0.9152, test_f1:0.8388:  64%|██████▍   | 128/200 [02:00<01:07,  1.06it/s]
# Epoch: 128, train_loss: 0.1940, train_acc:0.91932, val_loss: 0.2682, val_acc:0.88137, val_f1:0.78809, test_acc:0.9152, test_f1:0.8388:  64%|██████▍   | 129/200 [02:00<01:06,  1.07it/s]
# Epoch: 129, train_loss: 0.1948, train_acc:0.91764, val_loss: 0.2690, val_acc:0.87843, val_f1:0.77936, test_acc:0.9137, test_f1:0.8324:  64%|██████▍   | 129/200 [02:00<01:06,  1.07it/s]
# Epoch: 129, train_loss: 0.1948, train_acc:0.91764, val_loss: 0.2690, val_acc:0.87843, val_f1:0.77936, test_acc:0.9137, test_f1:0.8324:  65%|██████▌   | 130/200 [02:00<01:05,  1.07it/s]
# Epoch: 130, train_loss: 0.1919, train_acc:0.921, val_loss: 0.2667, val_acc:0.88431, val_f1:0.79225, test_acc:0.9152, test_f1:0.8357:  65%|██████▌   | 130/200 [02:01<01:05,  1.07it/s]  
# Epoch: 130, train_loss: 0.1919, train_acc:0.921, val_loss: 0.2667, val_acc:0.88431, val_f1:0.79225, test_acc:0.9152, test_f1:0.8357:  66%|██████▌   | 131/200 [02:01<01:04,  1.08it/s]
# Epoch: 131, train_loss: 0.1896, train_acc:0.92072, val_loss: 0.2661, val_acc:0.88529, val_f1:0.79652, test_acc:0.9142, test_f1:0.8347:  66%|██████▌   | 131/200 [02:02<01:04,  1.08it/s]
# Epoch: 131, train_loss: 0.1896, train_acc:0.92072, val_loss: 0.2661, val_acc:0.88529, val_f1:0.79652, test_acc:0.9142, test_f1:0.8347:  66%|██████▌   | 132/200 [02:02<01:03,  1.08it/s]
# Epoch: 132, train_loss: 0.1928, train_acc:0.91862, val_loss: 0.2662, val_acc:0.88431, val_f1:0.79443, test_acc:0.9152, test_f1:0.8366:  66%|██████▌   | 132/200 [02:03<01:03,  1.08it/s]
# Epoch: 132, train_loss: 0.1928, train_acc:0.91862, val_loss: 0.2662, val_acc:0.88431, val_f1:0.79443, test_acc:0.9152, test_f1:0.8366:  66%|██████▋   | 133/200 [02:03<01:02,  1.08it/s]
# Epoch: 133, train_loss: 0.1885, train_acc:0.9224, val_loss: 0.2677, val_acc:0.88137, val_f1:0.78809, test_acc:0.9142, test_f1:0.8341:  66%|██████▋   | 133/200 [02:04<01:02,  1.08it/s] 
# Epoch: 133, train_loss: 0.1885, train_acc:0.9224, val_loss: 0.2677, val_acc:0.88137, val_f1:0.78809, test_acc:0.9142, test_f1:0.8341:  67%|██████▋   | 134/200 [02:04<01:01,  1.08it/s]
# Epoch: 134, train_loss: 0.1887, train_acc:0.92352, val_loss: 0.2689, val_acc:0.87353, val_f1:0.76588, test_acc:0.9132, test_f1:0.8296:  67%|██████▋   | 134/200 [02:05<01:01,  1.08it/s]
# Epoch: 134, train_loss: 0.1887, train_acc:0.92352, val_loss: 0.2689, val_acc:0.87353, val_f1:0.76588, test_acc:0.9132, test_f1:0.8296:  68%|██████▊   | 135/200 [02:05<01:00,  1.08it/s]
# Epoch: 135, train_loss: 0.1909, train_acc:0.92114, val_loss: 0.2667, val_acc:0.88235, val_f1:0.78417, test_acc:0.9142, test_f1:0.8319:  68%|██████▊   | 135/200 [02:06<01:00,  1.08it/s]
# Epoch: 135, train_loss: 0.1909, train_acc:0.92114, val_loss: 0.2667, val_acc:0.88235, val_f1:0.78417, test_acc:0.9142, test_f1:0.8319:  68%|██████▊   | 136/200 [02:06<00:59,  1.08it/s]
# Epoch: 136, train_loss: 0.1849, train_acc:0.92338, val_loss: 0.2656, val_acc:0.88333, val_f1:0.78788, test_acc:0.9152, test_f1:0.8348:  68%|██████▊   | 136/200 [02:07<00:59,  1.08it/s]
# Epoch: 136, train_loss: 0.1849, train_acc:0.92338, val_loss: 0.2656, val_acc:0.88333, val_f1:0.78788, test_acc:0.9152, test_f1:0.8348:  68%|██████▊   | 137/200 [02:07<00:58,  1.08it/s]
# Epoch: 137, train_loss: 0.1835, train_acc:0.92394, val_loss: 0.2660, val_acc:0.88431, val_f1:0.79078, test_acc:0.9157, test_f1:0.8374:  68%|██████▊   | 137/200 [02:08<00:58,  1.08it/s]
# Epoch: 137, train_loss: 0.1835, train_acc:0.92394, val_loss: 0.2660, val_acc:0.88431, val_f1:0.79078, test_acc:0.9157, test_f1:0.8374:  69%|██████▉   | 138/200 [02:08<00:57,  1.08it/s]
# Epoch: 138, train_loss: 0.1881, train_acc:0.92338, val_loss: 0.2693, val_acc:0.87941, val_f1:0.77996, test_acc:0.9152, test_f1:0.8348:  69%|██████▉   | 138/200 [02:09<00:57,  1.08it/s]
# Epoch: 138, train_loss: 0.1881, train_acc:0.92338, val_loss: 0.2693, val_acc:0.87941, val_f1:0.77996, test_acc:0.9152, test_f1:0.8348:  70%|██████▉   | 139/200 [02:09<00:56,  1.08it/s]
# Epoch: 139, train_loss: 0.1856, train_acc:0.92394, val_loss: 0.2701, val_acc:0.88039, val_f1:0.78445, test_acc:0.9147, test_f1:0.8349:  70%|██████▉   | 139/200 [02:10<00:56,  1.08it/s]
# Epoch: 139, train_loss: 0.1856, train_acc:0.92394, val_loss: 0.2701, val_acc:0.88039, val_f1:0.78445, test_acc:0.9147, test_f1:0.8349:  70%|███████   | 140/200 [02:10<00:55,  1.08it/s]
# Epoch: 140, train_loss: 0.1829, train_acc:0.92464, val_loss: 0.2675, val_acc:0.88235, val_f1:0.79021, test_acc:0.9167, test_f1:0.8399:  70%|███████   | 140/200 [02:11<00:55,  1.08it/s]
# Epoch: 140, train_loss: 0.1829, train_acc:0.92464, val_loss: 0.2675, val_acc:0.88235, val_f1:0.79021, test_acc:0.9167, test_f1:0.8399:  70%|███████   | 141/200 [02:11<00:54,  1.08it/s]
# Epoch: 141, train_loss: 0.1850, train_acc:0.92324, val_loss: 0.2641, val_acc:0.88431, val_f1:0.79443, test_acc:0.9186, test_f1:0.8446:  70%|███████   | 141/200 [02:12<00:54,  1.08it/s]
# Epoch: 141, train_loss: 0.1850, train_acc:0.92324, val_loss: 0.2641, val_acc:0.88431, val_f1:0.79443, test_acc:0.9186, test_f1:0.8446:  71%|███████   | 142/200 [02:12<00:53,  1.08it/s]
# Epoch: 142, train_loss: 0.1845, train_acc:0.92254, val_loss: 0.2638, val_acc:0.88431, val_f1:0.79655, test_acc:0.9162, test_f1:0.8430:  71%|███████   | 142/200 [02:12<00:53,  1.08it/s]
# Epoch: 142, train_loss: 0.1845, train_acc:0.92254, val_loss: 0.2638, val_acc:0.88431, val_f1:0.79655, test_acc:0.9162, test_f1:0.8430:  72%|███████▏  | 143/200 [02:12<00:52,  1.08it/s]
# Epoch: 143, train_loss: 0.1809, train_acc:0.9259, val_loss: 0.2614, val_acc:0.88529, val_f1:0.79581, test_acc:0.9196, test_f1:0.8467:  72%|███████▏  | 143/200 [02:13<00:52,  1.08it/s] 
# Epoch: 143, train_loss: 0.1809, train_acc:0.9259, val_loss: 0.2614, val_acc:0.88529, val_f1:0.79581, test_acc:0.9196, test_f1:0.8467:  72%|███████▏  | 144/200 [02:13<00:51,  1.08it/s]
# Epoch: 144, train_loss: 0.1836, train_acc:0.92478, val_loss: 0.2630, val_acc:0.88529, val_f1:0.79438, test_acc:0.9176, test_f1:0.8403:  72%|███████▏  | 144/200 [02:14<00:51,  1.08it/s]
# Epoch: 144, train_loss: 0.1836, train_acc:0.92478, val_loss: 0.2630, val_acc:0.88529, val_f1:0.79438, test_acc:0.9176, test_f1:0.8403:  72%|███████▎  | 145/200 [02:14<00:50,  1.08it/s]
# Epoch: 145, train_loss: 0.1810, train_acc:0.92562, val_loss: 0.2673, val_acc:0.88333, val_f1:0.79012, test_acc:0.9157, test_f1:0.8356:  72%|███████▎  | 145/200 [02:15<00:50,  1.08it/s]
# Epoch: 145, train_loss: 0.1810, train_acc:0.92562, val_loss: 0.2673, val_acc:0.88333, val_f1:0.79012, test_acc:0.9157, test_f1:0.8356:  73%|███████▎  | 146/200 [02:15<00:49,  1.08it/s]
# Epoch: 146, train_loss: 0.1822, train_acc:0.92534, val_loss: 0.2673, val_acc:0.88529, val_f1:0.79581, test_acc:0.9186, test_f1:0.8437:  73%|███████▎  | 146/200 [02:16<00:49,  1.08it/s]
# Epoch: 146, train_loss: 0.1822, train_acc:0.92534, val_loss: 0.2673, val_acc:0.88529, val_f1:0.79581, test_acc:0.9186, test_f1:0.8437:  74%|███████▎  | 147/200 [02:16<00:49,  1.08it/s]
# Epoch: 147, train_loss: 0.1832, train_acc:0.92576, val_loss: 0.2666, val_acc:0.88824, val_f1:0.80412, test_acc:0.9147, test_f1:0.8392:  74%|███████▎  | 147/200 [02:17<00:49,  1.08it/s]
# Epoch: 147, train_loss: 0.1832, train_acc:0.92576, val_loss: 0.2666, val_acc:0.88824, val_f1:0.80412, test_acc:0.9147, test_f1:0.8392:  74%|███████▍  | 148/200 [02:17<00:48,  1.08it/s]
# Epoch: 148, train_loss: 0.1842, train_acc:0.9266, val_loss: 0.2640, val_acc:0.88824, val_f1:0.80412, test_acc:0.9162, test_f1:0.8406:  74%|███████▍  | 148/200 [02:18<00:48,  1.08it/s] 
# Epoch: 148, train_loss: 0.1842, train_acc:0.9266, val_loss: 0.2640, val_acc:0.88824, val_f1:0.80412, test_acc:0.9162, test_f1:0.8406:  74%|███████▍  | 149/200 [02:18<00:47,  1.07it/s]
# Epoch: 149, train_loss: 0.1793, train_acc:0.92548, val_loss: 0.2618, val_acc:0.88431, val_f1:0.79371, test_acc:0.9176, test_f1:0.8412:  74%|███████▍  | 149/200 [02:19<00:47,  1.07it/s]
# Epoch: 149, train_loss: 0.1793, train_acc:0.92548, val_loss: 0.2618, val_acc:0.88431, val_f1:0.79371, test_acc:0.9176, test_f1:0.8412:  75%|███████▌  | 150/200 [02:19<00:46,  1.08it/s]
# Epoch: 150, train_loss: 0.1821, train_acc:0.92632, val_loss: 0.2609, val_acc:0.88333, val_f1:0.79159, test_acc:0.9157, test_f1:0.8374:  75%|███████▌  | 150/200 [02:20<00:46,  1.08it/s]
# Epoch: 150, train_loss: 0.1821, train_acc:0.92632, val_loss: 0.2609, val_acc:0.88333, val_f1:0.79159, test_acc:0.9157, test_f1:0.8374:  76%|███████▌  | 151/200 [02:20<00:45,  1.08it/s]
# Epoch: 151, train_loss: 0.1799, train_acc:0.92576, val_loss: 0.2624, val_acc:0.88431, val_f1:0.79443, test_acc:0.9181, test_f1:0.8452:  76%|███████▌  | 151/200 [02:21<00:45,  1.08it/s]
# Epoch: 151, train_loss: 0.1799, train_acc:0.92576, val_loss: 0.2624, val_acc:0.88431, val_f1:0.79443, test_acc:0.9181, test_f1:0.8452:  76%|███████▌  | 152/200 [02:21<00:44,  1.08it/s]
# Epoch: 152, train_loss: 0.1799, train_acc:0.92562, val_loss: 0.2667, val_acc:0.88431, val_f1:0.79725, test_acc:0.9157, test_f1:0.8425:  76%|███████▌  | 152/200 [02:22<00:44,  1.08it/s]
# Epoch: 152, train_loss: 0.1799, train_acc:0.92562, val_loss: 0.2667, val_acc:0.88431, val_f1:0.79725, test_acc:0.9157, test_f1:0.8425:  76%|███████▋  | 153/200 [02:22<00:43,  1.08it/s]
# Epoch: 153, train_loss: 0.1781, train_acc:0.9252, val_loss: 0.2676, val_acc:0.88431, val_f1:0.79725, test_acc:0.9172, test_f1:0.8451:  76%|███████▋  | 153/200 [02:23<00:43,  1.08it/s] 
# Epoch: 153, train_loss: 0.1781, train_acc:0.9252, val_loss: 0.2676, val_acc:0.88431, val_f1:0.79725, test_acc:0.9172, test_f1:0.8451:  77%|███████▋  | 154/200 [02:23<00:42,  1.08it/s]
# Epoch: 154, train_loss: 0.1773, train_acc:0.92674, val_loss: 0.2638, val_acc:0.88627, val_f1:0.79861, test_acc:0.9176, test_f1:0.8430:  77%|███████▋  | 154/200 [02:24<00:42,  1.08it/s]
# Epoch: 154, train_loss: 0.1773, train_acc:0.92674, val_loss: 0.2638, val_acc:0.88627, val_f1:0.79861, test_acc:0.9176, test_f1:0.8430:  78%|███████▊  | 155/200 [02:24<00:41,  1.08it/s]
# Epoch: 155, train_loss: 0.1769, train_acc:0.92856, val_loss: 0.2627, val_acc:0.88431, val_f1:0.78929, test_acc:0.9147, test_f1:0.8337:  78%|███████▊  | 155/200 [02:25<00:41,  1.08it/s]
# Epoch: 155, train_loss: 0.1769, train_acc:0.92856, val_loss: 0.2627, val_acc:0.88431, val_f1:0.78929, test_acc:0.9147, test_f1:0.8337:  78%|███████▊  | 156/200 [02:25<00:40,  1.08it/s]
# Epoch: 156, train_loss: 0.1779, train_acc:0.92646, val_loss: 0.2691, val_acc:0.88039, val_f1:0.77491, test_acc:0.9118, test_f1:0.8239:  78%|███████▊  | 156/200 [02:25<00:40,  1.08it/s]
# Epoch: 156, train_loss: 0.1779, train_acc:0.92646, val_loss: 0.2691, val_acc:0.88039, val_f1:0.77491, test_acc:0.9118, test_f1:0.8239:  78%|███████▊  | 157/200 [02:25<00:39,  1.08it/s]
# Epoch: 157, train_loss: 0.1769, train_acc:0.9273, val_loss: 0.2702, val_acc:0.87647, val_f1:0.77091, test_acc:0.9137, test_f1:0.8285:  78%|███████▊  | 157/200 [02:26<00:39,  1.08it/s] 
# Epoch: 157, train_loss: 0.1769, train_acc:0.9273, val_loss: 0.2702, val_acc:0.87647, val_f1:0.77091, test_acc:0.9137, test_f1:0.8285:  79%|███████▉  | 158/200 [02:26<00:38,  1.08it/s]
# Epoch: 158, train_loss: 0.1754, train_acc:0.9273, val_loss: 0.2658, val_acc:0.88529, val_f1:0.79581, test_acc:0.9181, test_f1:0.8420:  79%|███████▉  | 158/200 [02:27<00:38,  1.08it/s]
# Epoch: 158, train_loss: 0.1754, train_acc:0.9273, val_loss: 0.2658, val_acc:0.88529, val_f1:0.79581, test_acc:0.9181, test_f1:0.8420:  80%|███████▉  | 159/200 [02:27<00:37,  1.08it/s]
# Epoch: 159, train_loss: 0.1769, train_acc:0.92758, val_loss: 0.2663, val_acc:0.88627, val_f1:0.80069, test_acc:0.9186, test_f1:0.8474:  80%|███████▉  | 159/200 [02:28<00:37,  1.08it/s]
# Epoch: 159, train_loss: 0.1769, train_acc:0.92758, val_loss: 0.2663, val_acc:0.88627, val_f1:0.80069, test_acc:0.9186, test_f1:0.8474:  80%|████████  | 160/200 [02:28<00:36,  1.08it/s]
# Epoch: 160, train_loss: 0.1751, train_acc:0.92912, val_loss: 0.2667, val_acc:0.88725, val_f1:0.80207, test_acc:0.9191, test_f1:0.8485:  80%|████████  | 160/200 [02:29<00:36,  1.08it/s]
# Epoch: 160, train_loss: 0.1751, train_acc:0.92912, val_loss: 0.2667, val_acc:0.88725, val_f1:0.80207, test_acc:0.9191, test_f1:0.8485:  80%|████████  | 161/200 [02:29<00:36,  1.08it/s]
# Epoch: 161, train_loss: 0.1743, train_acc:0.93052, val_loss: 0.2654, val_acc:0.88431, val_f1:0.79443, test_acc:0.9186, test_f1:0.8457:  80%|████████  | 161/200 [02:30<00:36,  1.08it/s]
# Epoch: 161, train_loss: 0.1743, train_acc:0.93052, val_loss: 0.2654, val_acc:0.88431, val_f1:0.79443, test_acc:0.9186, test_f1:0.8457:  81%|████████  | 162/200 [02:30<00:35,  1.08it/s]
# Epoch: 162, train_loss: 0.1738, train_acc:0.92828, val_loss: 0.2655, val_acc:0.88333, val_f1:0.79086, test_acc:0.9181, test_f1:0.8420:  81%|████████  | 162/200 [02:31<00:35,  1.08it/s]
# Epoch: 162, train_loss: 0.1738, train_acc:0.92828, val_loss: 0.2655, val_acc:0.88333, val_f1:0.79086, test_acc:0.9181, test_f1:0.8420:  82%|████████▏ | 163/200 [02:31<00:34,  1.08it/s]
# Epoch: 163, train_loss: 0.1747, train_acc:0.92982, val_loss: 0.2663, val_acc:0.88431, val_f1:0.79152, test_acc:0.9162, test_f1:0.8373:  82%|████████▏ | 163/200 [02:32<00:34,  1.08it/s]
# Epoch: 163, train_loss: 0.1747, train_acc:0.92982, val_loss: 0.2663, val_acc:0.88431, val_f1:0.79152, test_acc:0.9162, test_f1:0.8373:  82%|████████▏ | 164/200 [02:32<00:33,  1.08it/s]
# Epoch: 164, train_loss: 0.1755, train_acc:0.92842, val_loss: 0.2667, val_acc:0.88235, val_f1:0.78723, test_acc:0.9157, test_f1:0.8359:  82%|████████▏ | 164/200 [02:33<00:33,  1.08it/s]
# Epoch: 164, train_loss: 0.1755, train_acc:0.92842, val_loss: 0.2667, val_acc:0.88235, val_f1:0.78723, test_acc:0.9157, test_f1:0.8359:  82%|████████▎ | 165/200 [02:33<00:32,  1.08it/s]
# Epoch: 165, train_loss: 0.1738, train_acc:0.92968, val_loss: 0.2660, val_acc:0.88725, val_f1:0.7986, test_acc:0.9181, test_f1:0.8426:  82%|████████▎ | 165/200 [02:34<00:32,  1.08it/s] 
# Epoch: 165, train_loss: 0.1738, train_acc:0.92968, val_loss: 0.2660, val_acc:0.88725, val_f1:0.7986, test_acc:0.9181, test_f1:0.8426:  83%|████████▎ | 166/200 [02:34<00:31,  1.08it/s]
# Epoch: 166, train_loss: 0.1702, train_acc:0.9301, val_loss: 0.2666, val_acc:0.88725, val_f1:0.8, test_acc:0.9191, test_f1:0.8459:  83%|████████▎ | 166/200 [02:35<00:31,  1.08it/s]    
# Epoch: 166, train_loss: 0.1702, train_acc:0.9301, val_loss: 0.2666, val_acc:0.88725, val_f1:0.8, test_acc:0.9191, test_f1:0.8459:  84%|████████▎ | 167/200 [02:35<00:30,  1.08it/s]
# Epoch: 167, train_loss: 0.1752, train_acc:0.92884, val_loss: 0.2649, val_acc:0.88627, val_f1:0.79649, test_acc:0.9191, test_f1:0.8451:  84%|████████▎ | 167/200 [02:36<00:30,  1.08it/s]
# Epoch: 167, train_loss: 0.1752, train_acc:0.92884, val_loss: 0.2649, val_acc:0.88627, val_f1:0.79649, test_acc:0.9191, test_f1:0.8451:  84%|████████▍ | 168/200 [02:36<00:29,  1.08it/s]
# Epoch: 168, train_loss: 0.1724, train_acc:0.92898, val_loss: 0.2656, val_acc:0.88431, val_f1:0.79225, test_acc:0.9167, test_f1:0.8381:  84%|████████▍ | 168/200 [02:37<00:29,  1.08it/s]
# Epoch: 168, train_loss: 0.1724, train_acc:0.92898, val_loss: 0.2656, val_acc:0.88431, val_f1:0.79225, test_acc:0.9167, test_f1:0.8381:  84%|████████▍ | 169/200 [02:37<00:28,  1.08it/s]
# Epoch: 169, train_loss: 0.1727, train_acc:0.92996, val_loss: 0.2679, val_acc:0.88137, val_f1:0.78508, test_acc:0.9167, test_f1:0.8378:  84%|████████▍ | 169/200 [02:37<00:28,  1.08it/s]
# Epoch: 169, train_loss: 0.1727, train_acc:0.92996, val_loss: 0.2679, val_acc:0.88137, val_f1:0.78508, test_acc:0.9167, test_f1:0.8378:  85%|████████▌ | 170/200 [02:37<00:27,  1.08it/s]
# Epoch: 170, train_loss: 0.1716, train_acc:0.92758, val_loss: 0.2668, val_acc:0.88235, val_f1:0.78799, test_acc:0.9162, test_f1:0.8373:  85%|████████▌ | 170/200 [02:38<00:27,  1.08it/s]
# Epoch: 170, train_loss: 0.1716, train_acc:0.92758, val_loss: 0.2668, val_acc:0.88235, val_f1:0.78799, test_acc:0.9162, test_f1:0.8373:  86%|████████▌ | 171/200 [02:38<00:26,  1.08it/s]
# Epoch: 171, train_loss: 0.1724, train_acc:0.92856, val_loss: 0.2667, val_acc:0.88235, val_f1:0.78799, test_acc:0.9157, test_f1:0.8362:  86%|████████▌ | 171/200 [02:39<00:26,  1.08it/s]
# Epoch: 171, train_loss: 0.1724, train_acc:0.92856, val_loss: 0.2667, val_acc:0.88235, val_f1:0.78799, test_acc:0.9157, test_f1:0.8362:  86%|████████▌ | 172/200 [02:39<00:25,  1.08it/s]
# Epoch: 172, train_loss: 0.1699, train_acc:0.93248, val_loss: 0.2664, val_acc:0.88333, val_f1:0.78863, test_acc:0.9167, test_f1:0.8378:  86%|████████▌ | 172/200 [02:40<00:25,  1.08it/s]
# Epoch: 172, train_loss: 0.1699, train_acc:0.93248, val_loss: 0.2664, val_acc:0.88333, val_f1:0.78863, test_acc:0.9167, test_f1:0.8378:  86%|████████▋ | 173/200 [02:40<00:24,  1.08it/s]
# Epoch: 173, train_loss: 0.1690, train_acc:0.93178, val_loss: 0.2664, val_acc:0.88431, val_f1:0.79078, test_acc:0.9176, test_f1:0.8403:  86%|████████▋ | 173/200 [02:41<00:24,  1.08it/s]
# Epoch: 173, train_loss: 0.1690, train_acc:0.93178, val_loss: 0.2664, val_acc:0.88431, val_f1:0.79078, test_acc:0.9176, test_f1:0.8403:  87%|████████▋ | 174/200 [02:41<00:24,  1.08it/s]
# Epoch: 174, train_loss: 0.1704, train_acc:0.93066, val_loss: 0.2675, val_acc:0.88431, val_f1:0.79078, test_acc:0.9181, test_f1:0.8417:  87%|████████▋ | 174/200 [02:42<00:24,  1.08it/s]
# Epoch: 174, train_loss: 0.1704, train_acc:0.93066, val_loss: 0.2675, val_acc:0.88431, val_f1:0.79078, test_acc:0.9181, test_f1:0.8417:  88%|████████▊ | 175/200 [02:42<00:23,  1.08it/s]
# Epoch: 175, train_loss: 0.1673, train_acc:0.93136, val_loss: 0.2672, val_acc:0.88431, val_f1:0.79152, test_acc:0.9181, test_f1:0.8417:  88%|████████▊ | 175/200 [02:43<00:23,  1.08it/s]
# Epoch: 175, train_loss: 0.1673, train_acc:0.93136, val_loss: 0.2672, val_acc:0.88431, val_f1:0.79152, test_acc:0.9181, test_f1:0.8417:  88%|████████▊ | 176/200 [02:43<00:22,  1.08it/s]
# Epoch: 176, train_loss: 0.1696, train_acc:0.92968, val_loss: 0.2675, val_acc:0.88235, val_f1:0.78723, test_acc:0.9176, test_f1:0.8406:  88%|████████▊ | 176/200 [02:44<00:22,  1.08it/s]
# Epoch: 176, train_loss: 0.1696, train_acc:0.92968, val_loss: 0.2675, val_acc:0.88235, val_f1:0.78723, test_acc:0.9176, test_f1:0.8406:  88%|████████▊ | 177/200 [02:44<00:21,  1.08it/s]
# Epoch: 177, train_loss: 0.1686, train_acc:0.93304, val_loss: 0.2695, val_acc:0.88137, val_f1:0.78276, test_acc:0.9162, test_f1:0.8364:  88%|████████▊ | 177/200 [02:45<00:21,  1.08it/s]
# Epoch: 177, train_loss: 0.1686, train_acc:0.93304, val_loss: 0.2695, val_acc:0.88137, val_f1:0.78276, test_acc:0.9162, test_f1:0.8364:  89%|████████▉ | 178/200 [02:45<00:20,  1.08it/s]
# Epoch: 178, train_loss: 0.1666, train_acc:0.9322, val_loss: 0.2688, val_acc:0.88333, val_f1:0.78938, test_acc:0.9181, test_f1:0.8420:  89%|████████▉ | 178/200 [02:46<00:20,  1.08it/s] 
# Epoch: 178, train_loss: 0.1666, train_acc:0.9322, val_loss: 0.2688, val_acc:0.88333, val_f1:0.78938, test_acc:0.9181, test_f1:0.8420:  90%|████████▉ | 179/200 [02:46<00:19,  1.08it/s]
# Epoch: 179, train_loss: 0.1706, train_acc:0.9308, val_loss: 0.2688, val_acc:0.88725, val_f1:0.7993, test_acc:0.9191, test_f1:0.8459:  90%|████████▉ | 179/200 [02:47<00:19,  1.08it/s] 
# Epoch: 179, train_loss: 0.1706, train_acc:0.9308, val_loss: 0.2688, val_acc:0.88725, val_f1:0.7993, test_acc:0.9191, test_f1:0.8459:  90%|█████████ | 180/200 [02:47<00:18,  1.08it/s]
# Epoch: 180, train_loss: 0.1679, train_acc:0.9301, val_loss: 0.2672, val_acc:0.88627, val_f1:0.7972, test_acc:0.9201, test_f1:0.8481:  90%|█████████ | 180/200 [02:48<00:18,  1.08it/s]
# Epoch: 180, train_loss: 0.1679, train_acc:0.9301, val_loss: 0.2672, val_acc:0.88627, val_f1:0.7972, test_acc:0.9201, test_f1:0.8481:  90%|█████████ | 181/200 [02:48<00:17,  1.08it/s]
# Epoch: 181, train_loss: 0.1684, train_acc:0.9322, val_loss: 0.2654, val_acc:0.88627, val_f1:0.7972, test_acc:0.9206, test_f1:0.8483:  90%|█████████ | 181/200 [02:49<00:17,  1.08it/s]
# Epoch: 181, train_loss: 0.1684, train_acc:0.9322, val_loss: 0.2654, val_acc:0.88627, val_f1:0.7972, test_acc:0.9206, test_f1:0.8483:  91%|█████████ | 182/200 [02:49<00:16,  1.08it/s]
# Epoch: 182, train_loss: 0.1658, train_acc:0.93206, val_loss: 0.2652, val_acc:0.88824, val_f1:0.8, test_acc:0.9206, test_f1:0.8477:  91%|█████████ | 182/200 [02:50<00:16,  1.08it/s]  
# Epoch: 182, train_loss: 0.1658, train_acc:0.93206, val_loss: 0.2652, val_acc:0.88824, val_f1:0.8, test_acc:0.9206, test_f1:0.8477:  92%|█████████▏| 183/200 [02:50<00:15,  1.08it/s]
# Epoch: 183, train_loss: 0.1679, train_acc:0.92968, val_loss: 0.2675, val_acc:0.88725, val_f1:0.8, test_acc:0.9181, test_f1:0.8441:  92%|█████████▏| 183/200 [02:50<00:15,  1.08it/s]
# Epoch: 183, train_loss: 0.1679, train_acc:0.92968, val_loss: 0.2675, val_acc:0.88725, val_f1:0.8, test_acc:0.9181, test_f1:0.8441:  92%|█████████▏| 184/200 [02:50<00:14,  1.08it/s]
# Epoch: 184, train_loss: 0.1654, train_acc:0.93122, val_loss: 0.2706, val_acc:0.88725, val_f1:0.80207, test_acc:0.9137, test_f1:0.8370:  92%|█████████▏| 184/200 [02:51<00:14,  1.08it/s]
# Epoch: 184, train_loss: 0.1654, train_acc:0.93122, val_loss: 0.2706, val_acc:0.88725, val_f1:0.80207, test_acc:0.9137, test_f1:0.8370:  92%|█████████▎| 185/200 [02:51<00:13,  1.08it/s]
# Epoch: 185, train_loss: 0.1649, train_acc:0.93262, val_loss: 0.2716, val_acc:0.88431, val_f1:0.79443, test_acc:0.9157, test_f1:0.8393:  92%|█████████▎| 185/200 [02:52<00:13,  1.08it/s]
# Epoch: 185, train_loss: 0.1649, train_acc:0.93262, val_loss: 0.2716, val_acc:0.88431, val_f1:0.79443, test_acc:0.9157, test_f1:0.8393:  93%|█████████▎| 186/200 [02:52<00:12,  1.08it/s]
# Epoch: 186, train_loss: 0.1635, train_acc:0.93472, val_loss: 0.2716, val_acc:0.88333, val_f1:0.78863, test_acc:0.9176, test_f1:0.8412:  93%|█████████▎| 186/200 [02:53<00:12,  1.08it/s]
# Epoch: 186, train_loss: 0.1635, train_acc:0.93472, val_loss: 0.2716, val_acc:0.88333, val_f1:0.78863, test_acc:0.9176, test_f1:0.8412:  94%|█████████▎| 187/200 [02:53<00:12,  1.08it/s]
# Epoch: 187, train_loss: 0.1635, train_acc:0.93529, val_loss: 0.2704, val_acc:0.88039, val_f1:0.78058, test_acc:0.9176, test_f1:0.8372:  94%|█████████▎| 187/200 [02:54<00:12,  1.08it/s]
# Epoch: 187, train_loss: 0.1635, train_acc:0.93529, val_loss: 0.2704, val_acc:0.88039, val_f1:0.78058, test_acc:0.9176, test_f1:0.8372:  94%|█████████▍| 188/200 [02:54<00:11,  1.08it/s]
# Epoch: 188, train_loss: 0.1614, train_acc:0.93444, val_loss: 0.2709, val_acc:0.87941, val_f1:0.77514, test_acc:0.9152, test_f1:0.8306:  94%|█████████▍| 188/200 [02:55<00:11,  1.08it/s]
# Epoch: 188, train_loss: 0.1614, train_acc:0.93444, val_loss: 0.2709, val_acc:0.87941, val_f1:0.77514, test_acc:0.9152, test_f1:0.8306:  94%|█████████▍| 189/200 [02:55<00:10,  1.08it/s]
# Epoch: 189, train_loss: 0.1629, train_acc:0.93599, val_loss: 0.2696, val_acc:0.88333, val_f1:0.78481, test_acc:0.9172, test_f1:0.8361:  94%|█████████▍| 189/200 [02:56<00:10,  1.08it/s]
# Epoch: 189, train_loss: 0.1629, train_acc:0.93599, val_loss: 0.2696, val_acc:0.88333, val_f1:0.78481, test_acc:0.9172, test_f1:0.8361:  95%|█████████▌| 190/200 [02:56<00:09,  1.08it/s]
# Epoch: 190, train_loss: 0.1630, train_acc:0.93346, val_loss: 0.2694, val_acc:0.88627, val_f1:0.79505, test_acc:0.9196, test_f1:0.8450:  95%|█████████▌| 190/200 [02:57<00:09,  1.08it/s]
# Epoch: 190, train_loss: 0.1630, train_acc:0.93346, val_loss: 0.2694, val_acc:0.88627, val_f1:0.79505, test_acc:0.9196, test_f1:0.8450:  96%|█████████▌| 191/200 [02:57<00:08,  1.08it/s]
# Epoch: 191, train_loss: 0.1603, train_acc:0.93571, val_loss: 0.2737, val_acc:0.88529, val_f1:0.79793, test_acc:0.9162, test_f1:0.8415:  96%|█████████▌| 191/200 [02:58<00:08,  1.08it/s]
# Epoch: 191, train_loss: 0.1603, train_acc:0.93571, val_loss: 0.2737, val_acc:0.88529, val_f1:0.79793, test_acc:0.9162, test_f1:0.8415:  96%|█████████▌| 192/200 [02:58<00:07,  1.08it/s]
# Epoch: 192, train_loss: 0.1611, train_acc:0.93346, val_loss: 0.2737, val_acc:0.88529, val_f1:0.79723, test_acc:0.9152, test_f1:0.8394:  96%|█████████▌| 192/200 [02:59<00:07,  1.08it/s]
# Epoch: 192, train_loss: 0.1611, train_acc:0.93346, val_loss: 0.2737, val_acc:0.88529, val_f1:0.79723, test_acc:0.9152, test_f1:0.8394:  96%|█████████▋| 193/200 [02:59<00:06,  1.08it/s]
# Epoch: 193, train_loss: 0.1635, train_acc:0.9336, val_loss: 0.2720, val_acc:0.88235, val_f1:0.78723, test_acc:0.9162, test_f1:0.8373:  96%|█████████▋| 193/200 [03:00<00:06,  1.08it/s] 
# Epoch: 193, train_loss: 0.1635, train_acc:0.9336, val_loss: 0.2720, val_acc:0.88235, val_f1:0.78723, test_acc:0.9162, test_f1:0.8373:  97%|█████████▋| 194/200 [03:00<00:05,  1.08it/s]
# Epoch: 194, train_loss: 0.1604, train_acc:0.93374, val_loss: 0.2706, val_acc:0.88431, val_f1:0.78777, test_acc:0.9172, test_f1:0.8380:  97%|█████████▋| 194/200 [03:01<00:05,  1.08it/s]
# Epoch: 194, train_loss: 0.1604, train_acc:0.93374, val_loss: 0.2706, val_acc:0.88431, val_f1:0.78777, test_acc:0.9172, test_f1:0.8380:  98%|█████████▊| 195/200 [03:01<00:04,  1.08it/s]
# Epoch: 195, train_loss: 0.1601, train_acc:0.93529, val_loss: 0.2694, val_acc:0.88235, val_f1:0.78723, test_acc:0.9167, test_f1:0.8384:  98%|█████████▊| 195/200 [03:02<00:04,  1.08it/s]
# Epoch: 195, train_loss: 0.1601, train_acc:0.93529, val_loss: 0.2694, val_acc:0.88235, val_f1:0.78723, test_acc:0.9167, test_f1:0.8384:  98%|█████████▊| 196/200 [03:02<00:03,  1.08it/s]
# Epoch: 196, train_loss: 0.1628, train_acc:0.93402, val_loss: 0.2704, val_acc:0.88431, val_f1:0.79225, test_acc:0.9176, test_f1:0.8421:  98%|█████████▊| 196/200 [03:02<00:03,  1.08it/s]
# Epoch: 196, train_loss: 0.1628, train_acc:0.93402, val_loss: 0.2704, val_acc:0.88431, val_f1:0.79225, test_acc:0.9176, test_f1:0.8421:  98%|█████████▊| 197/200 [03:02<00:02,  1.08it/s]
# Epoch: 197, train_loss: 0.1617, train_acc:0.93458, val_loss: 0.2728, val_acc:0.88725, val_f1:0.8, test_acc:0.9181, test_f1:0.8447:  98%|█████████▊| 197/200 [03:03<00:02,  1.08it/s]    
# Epoch: 197, train_loss: 0.1617, train_acc:0.93458, val_loss: 0.2728, val_acc:0.88725, val_f1:0.8, test_acc:0.9181, test_f1:0.8447:  99%|█████████▉| 198/200 [03:03<00:01,  1.08it/s]
# Epoch: 198, train_loss: 0.1608, train_acc:0.93655, val_loss: 0.2734, val_acc:0.88627, val_f1:0.79791, test_acc:0.9172, test_f1:0.8428:  99%|█████████▉| 198/200 [03:04<00:01,  1.08it/s]
# Epoch: 198, train_loss: 0.1608, train_acc:0.93655, val_loss: 0.2734, val_acc:0.88627, val_f1:0.79791, test_acc:0.9172, test_f1:0.8428: 100%|█████████▉| 199/200 [03:04<00:00,  1.08it/s]
# Epoch: 199, train_loss: 0.1581, train_acc:0.93514, val_loss: 0.2726, val_acc:0.88725, val_f1:0.79789, test_acc:0.9172, test_f1:0.8407: 100%|█████████▉| 199/200 [03:05<00:00,  1.08it/s]
# Epoch: 199, train_loss: 0.1581, train_acc:0.93514, val_loss: 0.2726, val_acc:0.88725, val_f1:0.79789, test_acc:0.9172, test_f1:0.8407: 100%|██████████| 200/200 [03:05<00:00,  1.08it/s]
# Epoch: 199, train_loss: 0.1581, train_acc:0.93514, val_loss: 0.2726, val_acc:0.88725, val_f1:0.79789, test_acc:0.9172, test_f1:0.8407: 100%|██████████| 200/200 [03:05<00:00,  1.08it/s]
--- Final-epoch-TestAcc: 0.9172, best-val-epoch-TestAcc: 0.9206, best-val-epoch: 182, best-test-epoch-TestAcc: 0.9206, best-test-epoch: 182.
####### Run 2 #######
Namespace(advanced_loss_rate=0.005, align_loss_rate=0.24, attn_drop=0.3, basevector_num=10, bvlen_factor=1, cluster_num=20, dataset='MGTAB-FF', device=7, feat_drop=0.4, feat_mask_rate='0.4,+0.01,0.6', finetune_drop=0.4, instance_prototype_loss_rate=1, interval=10, leave_unchanged_rate=0.15, lr=0.0005, lr_f=0.00025, max_epoch=100, max_epoch_f=200, num_features=788, num_heads_encoder=4, num_hidden=128, optimizer='adam', replace_rate=0.25, scheduler=True, seeds=[1030, 9026, 6834], use_align_loss=True, use_cfg=True, weight_decay=0.002, weight_decay_f=0.0001)

  0%|          | 0/100 [00:00<?, ?it/s]

# Epoch 0: train_loss: 0.9825938344:   0%|          | 0/100 [00:01<?, ?it/s]
# Epoch 0: train_loss: 0.9825938344:   1%|          | 1/100 [00:01<02:13,  1.35s/it]

# Epoch 1: train_loss: 0.9456813335:   1%|          | 1/100 [00:02<02:13,  1.35s/it]
# Epoch 1: train_loss: 0.9456813335:   2%|▏         | 2/100 [00:02<02:06,  1.30s/it]

# Epoch 2: train_loss: 0.9175649285:   2%|▏         | 2/100 [00:03<02:06,  1.30s/it]
# Epoch 2: train_loss: 0.9175649285:   3%|▎         | 3/100 [00:03<02:03,  1.28s/it]

# Epoch 3: train_loss: 0.8979844451:   3%|▎         | 3/100 [00:05<02:03,  1.28s/it]
# Epoch 3: train_loss: 0.8979844451:   4%|▍         | 4/100 [00:05<02:01,  1.27s/it]

# Epoch 4: train_loss: 0.8794872165:   4%|▍         | 4/100 [00:06<02:01,  1.27s/it]
# Epoch 4: train_loss: 0.8794872165:   5%|▌         | 5/100 [00:06<02:00,  1.26s/it]

# Epoch 5: train_loss: 0.8670328259:   5%|▌         | 5/100 [00:07<02:00,  1.26s/it]
# Epoch 5: train_loss: 0.8670328259:   6%|▌         | 6/100 [00:07<01:58,  1.26s/it]

# Epoch 6: train_loss: 0.8471892476:   6%|▌         | 6/100 [00:08<01:58,  1.26s/it]
# Epoch 6: train_loss: 0.8471892476:   7%|▋         | 7/100 [00:08<01:57,  1.26s/it]

# Epoch 7: train_loss: 0.8293364048:   7%|▋         | 7/100 [00:10<01:57,  1.26s/it]
# Epoch 7: train_loss: 0.8293364048:   8%|▊         | 8/100 [00:10<01:55,  1.26s/it]

# Epoch 8: train_loss: 0.8082214594:   8%|▊         | 8/100 [00:11<01:55,  1.26s/it]
# Epoch 8: train_loss: 0.8082214594:   9%|▉         | 9/100 [00:11<01:54,  1.26s/it]

# Epoch 9: train_loss: 0.7845016718:   9%|▉         | 9/100 [00:12<01:54,  1.26s/it]
# Epoch 9: train_loss: 0.7845016718:  10%|█         | 10/100 [00:12<01:53,  1.26s/it]

# Epoch 10: train_loss: 0.7613826394:  10%|█         | 10/100 [00:13<01:53,  1.26s/it]
# Epoch 10: train_loss: 0.7613826394:  11%|█         | 11/100 [00:13<01:51,  1.26s/it]

# Epoch 11: train_loss: 0.7426607013:  11%|█         | 11/100 [00:15<01:51,  1.26s/it]
# Epoch 11: train_loss: 0.7426607013:  12%|█▏        | 12/100 [00:15<01:50,  1.26s/it]

# Epoch 12: train_loss: 0.7137338519:  12%|█▏        | 12/100 [00:16<01:50,  1.26s/it]
# Epoch 12: train_loss: 0.7137338519:  13%|█▎        | 13/100 [00:16<01:49,  1.26s/it]

# Epoch 13: train_loss: 0.6853213906:  13%|█▎        | 13/100 [00:17<01:49,  1.26s/it]
# Epoch 13: train_loss: 0.6853213906:  14%|█▍        | 14/100 [00:17<01:48,  1.26s/it]

# Epoch 14: train_loss: 0.6590611339:  14%|█▍        | 14/100 [00:18<01:48,  1.26s/it]
# Epoch 14: train_loss: 0.6590611339:  15%|█▌        | 15/100 [00:18<01:46,  1.26s/it]

# Epoch 15: train_loss: 0.6332404613:  15%|█▌        | 15/100 [00:20<01:46,  1.26s/it]
# Epoch 15: train_loss: 0.6332404613:  16%|█▌        | 16/100 [00:20<01:45,  1.26s/it]

# Epoch 16: train_loss: 0.6105871797:  16%|█▌        | 16/100 [00:21<01:45,  1.26s/it]
# Epoch 16: train_loss: 0.6105871797:  17%|█▋        | 17/100 [00:21<01:44,  1.26s/it]

# Epoch 17: train_loss: 0.5835587382:  17%|█▋        | 17/100 [00:22<01:44,  1.26s/it]
# Epoch 17: train_loss: 0.5835587382:  18%|█▊        | 18/100 [00:22<01:43,  1.26s/it]

# Epoch 18: train_loss: 0.5619746447:  18%|█▊        | 18/100 [00:23<01:43,  1.26s/it]
# Epoch 18: train_loss: 0.5619746447:  19%|█▉        | 19/100 [00:23<01:41,  1.26s/it]

# Epoch 19: train_loss: 0.5381422639:  19%|█▉        | 19/100 [00:25<01:41,  1.26s/it]
# Epoch 19: train_loss: 0.5381422639:  20%|██        | 20/100 [00:25<01:40,  1.26s/it]

# Epoch 20: train_loss: 0.5179235339:  20%|██        | 20/100 [00:26<01:40,  1.26s/it]
# Epoch 20: train_loss: 0.5179235339:  21%|██        | 21/100 [00:26<01:39,  1.26s/it]

# Epoch 21: train_loss: 0.4994820058:  21%|██        | 21/100 [00:27<01:39,  1.26s/it]
# Epoch 21: train_loss: 0.4994820058:  22%|██▏       | 22/100 [00:27<01:38,  1.26s/it]

# Epoch 22: train_loss: 0.4784363806:  22%|██▏       | 22/100 [00:28<01:38,  1.26s/it]
# Epoch 22: train_loss: 0.4784363806:  23%|██▎       | 23/100 [00:28<01:36,  1.26s/it]

# Epoch 23: train_loss: 0.4584036767:  23%|██▎       | 23/100 [00:30<01:36,  1.26s/it]
# Epoch 23: train_loss: 0.4584036767:  24%|██▍       | 24/100 [00:30<01:35,  1.26s/it]

# Epoch 24: train_loss: 0.4403945804:  24%|██▍       | 24/100 [00:31<01:35,  1.26s/it]
# Epoch 24: train_loss: 0.4403945804:  25%|██▌       | 25/100 [00:31<01:34,  1.26s/it]

# Epoch 25: train_loss: 0.4234474301:  25%|██▌       | 25/100 [00:32<01:34,  1.26s/it]
# Epoch 25: train_loss: 0.4234474301:  26%|██▌       | 26/100 [00:32<01:32,  1.26s/it]

# Epoch 26: train_loss: 0.4078027904:  26%|██▌       | 26/100 [00:34<01:32,  1.26s/it]
# Epoch 26: train_loss: 0.4078027904:  27%|██▋       | 27/100 [00:34<01:31,  1.26s/it]

# Epoch 27: train_loss: 0.3936261833:  27%|██▋       | 27/100 [00:35<01:31,  1.26s/it]
# Epoch 27: train_loss: 0.3936261833:  28%|██▊       | 28/100 [00:35<01:30,  1.26s/it]

# Epoch 28: train_loss: 0.3786113262:  28%|██▊       | 28/100 [00:36<01:30,  1.26s/it]
# Epoch 28: train_loss: 0.3786113262:  29%|██▉       | 29/100 [00:36<01:29,  1.26s/it]

# Epoch 29: train_loss: 0.3649324477:  29%|██▉       | 29/100 [00:37<01:29,  1.26s/it]
# Epoch 29: train_loss: 0.3649324477:  30%|███       | 30/100 [00:37<01:27,  1.26s/it]

# Epoch 30: train_loss: 0.3509481549:  30%|███       | 30/100 [00:39<01:27,  1.26s/it]
# Epoch 30: train_loss: 0.3509481549:  31%|███       | 31/100 [00:39<01:26,  1.26s/it]

# Epoch 31: train_loss: 0.3454785347:  31%|███       | 31/100 [00:40<01:26,  1.26s/it]
# Epoch 31: train_loss: 0.3454785347:  32%|███▏      | 32/100 [00:40<01:25,  1.26s/it]

# Epoch 32: train_loss: 0.3344682157:  32%|███▏      | 32/100 [00:41<01:25,  1.26s/it]
# Epoch 32: train_loss: 0.3344682157:  33%|███▎      | 33/100 [00:41<01:24,  1.26s/it]

# Epoch 33: train_loss: 0.3236712813:  33%|███▎      | 33/100 [00:42<01:24,  1.26s/it]
# Epoch 33: train_loss: 0.3236712813:  34%|███▍      | 34/100 [00:42<01:22,  1.26s/it]

# Epoch 34: train_loss: 0.3150897026:  34%|███▍      | 34/100 [00:44<01:22,  1.26s/it]
# Epoch 34: train_loss: 0.3150897026:  35%|███▌      | 35/100 [00:44<01:21,  1.26s/it]

# Epoch 35: train_loss: 0.3068064749:  35%|███▌      | 35/100 [00:45<01:21,  1.26s/it]
# Epoch 35: train_loss: 0.3068064749:  36%|███▌      | 36/100 [00:45<01:20,  1.26s/it]

# Epoch 36: train_loss: 0.2985562682:  36%|███▌      | 36/100 [00:46<01:20,  1.26s/it]
# Epoch 36: train_loss: 0.2985562682:  37%|███▋      | 37/100 [00:46<01:19,  1.26s/it]

# Epoch 37: train_loss: 0.2907513380:  37%|███▋      | 37/100 [00:47<01:19,  1.26s/it]
# Epoch 37: train_loss: 0.2907513380:  38%|███▊      | 38/100 [00:47<01:17,  1.26s/it]

# Epoch 38: train_loss: 0.2838779688:  38%|███▊      | 38/100 [00:49<01:17,  1.26s/it]
# Epoch 38: train_loss: 0.2838779688:  39%|███▉      | 39/100 [00:49<01:16,  1.26s/it]

# Epoch 39: train_loss: 0.2781389356:  39%|███▉      | 39/100 [00:50<01:16,  1.26s/it]
# Epoch 39: train_loss: 0.2781389356:  40%|████      | 40/100 [00:50<01:15,  1.26s/it]

# Epoch 40: train_loss: 0.2767718434:  40%|████      | 40/100 [00:51<01:15,  1.26s/it]
# Epoch 40: train_loss: 0.2767718434:  41%|████      | 41/100 [00:51<01:14,  1.26s/it]

# Epoch 41: train_loss: 0.2765431702:  41%|████      | 41/100 [00:52<01:14,  1.26s/it]
# Epoch 41: train_loss: 0.2765431702:  42%|████▏     | 42/100 [00:52<01:12,  1.26s/it]

# Epoch 42: train_loss: 0.2711318731:  42%|████▏     | 42/100 [00:54<01:12,  1.26s/it]
# Epoch 42: train_loss: 0.2711318731:  43%|████▎     | 43/100 [00:54<01:11,  1.26s/it]

# Epoch 43: train_loss: 0.2664324045:  43%|████▎     | 43/100 [00:55<01:11,  1.26s/it]
# Epoch 43: train_loss: 0.2664324045:  44%|████▍     | 44/100 [00:55<01:10,  1.26s/it]

# Epoch 44: train_loss: 0.2622593641:  44%|████▍     | 44/100 [00:56<01:10,  1.26s/it]
# Epoch 44: train_loss: 0.2622593641:  45%|████▌     | 45/100 [00:56<01:09,  1.26s/it]

# Epoch 45: train_loss: 0.2588066459:  45%|████▌     | 45/100 [00:57<01:09,  1.26s/it]
# Epoch 45: train_loss: 0.2588066459:  46%|████▌     | 46/100 [00:57<01:07,  1.26s/it]

# Epoch 46: train_loss: 0.2549453080:  46%|████▌     | 46/100 [00:59<01:07,  1.26s/it]
# Epoch 46: train_loss: 0.2549453080:  47%|████▋     | 47/100 [00:59<01:06,  1.26s/it]

# Epoch 47: train_loss: 0.2510772943:  47%|████▋     | 47/100 [01:00<01:06,  1.26s/it]
# Epoch 47: train_loss: 0.2510772943:  48%|████▊     | 48/100 [01:00<01:05,  1.26s/it]

# Epoch 48: train_loss: 0.2481437773:  48%|████▊     | 48/100 [01:01<01:05,  1.26s/it]
# Epoch 48: train_loss: 0.2481437773:  49%|████▉     | 49/100 [01:01<01:04,  1.26s/it]

# Epoch 49: train_loss: 0.2452544570:  49%|████▉     | 49/100 [01:02<01:04,  1.26s/it]
# Epoch 49: train_loss: 0.2452544570:  50%|█████     | 50/100 [01:02<01:02,  1.26s/it]

# Epoch 50: train_loss: 0.7342474461:  50%|█████     | 50/100 [01:04<01:02,  1.26s/it]
# Epoch 50: train_loss: 0.7342474461:  51%|█████     | 51/100 [01:04<01:03,  1.29s/it]

# Epoch 51: train_loss: 0.6992312670:  51%|█████     | 51/100 [01:05<01:03,  1.29s/it]
# Epoch 51: train_loss: 0.6992312670:  52%|█████▏    | 52/100 [01:05<01:03,  1.32s/it]

# Epoch 52: train_loss: 0.6494312882:  52%|█████▏    | 52/100 [01:07<01:03,  1.32s/it]
# Epoch 52: train_loss: 0.6494312882:  53%|█████▎    | 53/100 [01:07<01:02,  1.34s/it]

# Epoch 53: train_loss: 0.6029787064:  53%|█████▎    | 53/100 [01:08<01:02,  1.34s/it]
# Epoch 53: train_loss: 0.6029787064:  54%|█████▍    | 54/100 [01:08<01:02,  1.35s/it]

# Epoch 54: train_loss: 0.5591552258:  54%|█████▍    | 54/100 [01:09<01:02,  1.35s/it]
# Epoch 54: train_loss: 0.5591552258:  55%|█████▌    | 55/100 [01:09<01:01,  1.36s/it]

# Epoch 55: train_loss: 0.5235983729:  55%|█████▌    | 55/100 [01:11<01:01,  1.36s/it]
# Epoch 55: train_loss: 0.5235983729:  56%|█████▌    | 56/100 [01:11<01:00,  1.37s/it]

# Epoch 56: train_loss: 0.4942714572:  56%|█████▌    | 56/100 [01:12<01:00,  1.37s/it]
# Epoch 56: train_loss: 0.4942714572:  57%|█████▋    | 57/100 [01:12<00:58,  1.37s/it]

# Epoch 57: train_loss: 0.4709277749:  57%|█████▋    | 57/100 [01:13<00:58,  1.37s/it]
# Epoch 57: train_loss: 0.4709277749:  58%|█████▊    | 58/100 [01:13<00:57,  1.37s/it]

# Epoch 58: train_loss: 0.4539093673:  58%|█████▊    | 58/100 [01:15<00:57,  1.37s/it]
# Epoch 58: train_loss: 0.4539093673:  59%|█████▉    | 59/100 [01:15<00:56,  1.37s/it]

# Epoch 59: train_loss: 0.4389852583:  59%|█████▉    | 59/100 [01:16<00:56,  1.37s/it]
# Epoch 59: train_loss: 0.4389852583:  60%|██████    | 60/100 [01:16<00:55,  1.38s/it]

# Epoch 60: train_loss: 0.4239196181:  60%|██████    | 60/100 [01:18<00:55,  1.38s/it]
# Epoch 60: train_loss: 0.4239196181:  61%|██████    | 61/100 [01:18<00:53,  1.38s/it]

# Epoch 61: train_loss: 0.4184539914:  61%|██████    | 61/100 [01:19<00:53,  1.38s/it]
# Epoch 61: train_loss: 0.4184539914:  62%|██████▏   | 62/100 [01:19<00:52,  1.38s/it]

# Epoch 62: train_loss: 0.4111853540:  62%|██████▏   | 62/100 [01:20<00:52,  1.38s/it]
# Epoch 62: train_loss: 0.4111853540:  63%|██████▎   | 63/100 [01:20<00:51,  1.38s/it]

# Epoch 63: train_loss: 0.4064529836:  63%|██████▎   | 63/100 [01:22<00:51,  1.38s/it]
# Epoch 63: train_loss: 0.4064529836:  64%|██████▍   | 64/100 [01:22<00:49,  1.38s/it]

# Epoch 64: train_loss: 0.4012119174:  64%|██████▍   | 64/100 [01:23<00:49,  1.38s/it]
# Epoch 64: train_loss: 0.4012119174:  65%|██████▌   | 65/100 [01:23<00:48,  1.38s/it]

# Epoch 65: train_loss: 0.3958026171:  65%|██████▌   | 65/100 [01:25<00:48,  1.38s/it]
# Epoch 65: train_loss: 0.3958026171:  66%|██████▌   | 66/100 [01:25<00:46,  1.38s/it]

# Epoch 66: train_loss: 0.3909217417:  66%|██████▌   | 66/100 [01:26<00:46,  1.38s/it]
# Epoch 66: train_loss: 0.3909217417:  67%|██████▋   | 67/100 [01:26<00:45,  1.38s/it]

# Epoch 67: train_loss: 0.3864822984:  67%|██████▋   | 67/100 [01:27<00:45,  1.38s/it]
# Epoch 67: train_loss: 0.3864822984:  68%|██████▊   | 68/100 [01:27<00:44,  1.38s/it]

# Epoch 68: train_loss: 0.3824835718:  68%|██████▊   | 68/100 [01:29<00:44,  1.38s/it]
# Epoch 68: train_loss: 0.3824835718:  69%|██████▉   | 69/100 [01:29<00:42,  1.38s/it]

# Epoch 69: train_loss: 0.3766851425:  69%|██████▉   | 69/100 [01:30<00:42,  1.38s/it]
# Epoch 69: train_loss: 0.3766851425:  70%|███████   | 70/100 [01:30<00:41,  1.38s/it]

# Epoch 70: train_loss: 0.3749004006:  70%|███████   | 70/100 [01:31<00:41,  1.38s/it]
# Epoch 70: train_loss: 0.3749004006:  71%|███████   | 71/100 [01:31<00:40,  1.38s/it]

# Epoch 71: train_loss: 0.3735642731:  71%|███████   | 71/100 [01:33<00:40,  1.38s/it]
# Epoch 71: train_loss: 0.3735642731:  72%|███████▏  | 72/100 [01:33<00:38,  1.38s/it]

# Epoch 72: train_loss: 0.3703401685:  72%|███████▏  | 72/100 [01:34<00:38,  1.38s/it]
# Epoch 72: train_loss: 0.3703401685:  73%|███████▎  | 73/100 [01:34<00:37,  1.38s/it]

# Epoch 73: train_loss: 0.3666748106:  73%|███████▎  | 73/100 [01:36<00:37,  1.38s/it]
# Epoch 73: train_loss: 0.3666748106:  74%|███████▍  | 74/100 [01:36<00:35,  1.38s/it]

# Epoch 74: train_loss: 0.3652796745:  74%|███████▍  | 74/100 [01:37<00:35,  1.38s/it]
# Epoch 74: train_loss: 0.3652796745:  75%|███████▌  | 75/100 [01:37<00:34,  1.38s/it]

# Epoch 75: train_loss: 0.3625214994:  75%|███████▌  | 75/100 [01:38<00:34,  1.38s/it]
# Epoch 75: train_loss: 0.3625214994:  76%|███████▌  | 76/100 [01:38<00:33,  1.38s/it]

# Epoch 76: train_loss: 0.3598014414:  76%|███████▌  | 76/100 [01:40<00:33,  1.38s/it]
# Epoch 76: train_loss: 0.3598014414:  77%|███████▋  | 77/100 [01:40<00:31,  1.38s/it]

# Epoch 77: train_loss: 0.3558311760:  77%|███████▋  | 77/100 [01:41<00:31,  1.38s/it]
# Epoch 77: train_loss: 0.3558311760:  78%|███████▊  | 78/100 [01:41<00:30,  1.38s/it]

# Epoch 78: train_loss: 0.3546741307:  78%|███████▊  | 78/100 [01:42<00:30,  1.38s/it]
# Epoch 78: train_loss: 0.3546741307:  79%|███████▉  | 79/100 [01:42<00:28,  1.38s/it]

# Epoch 79: train_loss: 0.3526143432:  79%|███████▉  | 79/100 [01:44<00:28,  1.38s/it]
# Epoch 79: train_loss: 0.3526143432:  80%|████████  | 80/100 [01:44<00:27,  1.38s/it]

# Epoch 80: train_loss: 0.3522739112:  80%|████████  | 80/100 [01:45<00:27,  1.38s/it]
# Epoch 80: train_loss: 0.3522739112:  81%|████████  | 81/100 [01:45<00:26,  1.38s/it]

# Epoch 81: train_loss: 0.3536365032:  81%|████████  | 81/100 [01:47<00:26,  1.38s/it]
# Epoch 81: train_loss: 0.3536365032:  82%|████████▏ | 82/100 [01:47<00:24,  1.38s/it]

# Epoch 82: train_loss: 0.3521871865:  82%|████████▏ | 82/100 [01:48<00:24,  1.38s/it]
# Epoch 82: train_loss: 0.3521871865:  83%|████████▎ | 83/100 [01:48<00:23,  1.38s/it]

# Epoch 83: train_loss: 0.3523916304:  83%|████████▎ | 83/100 [01:49<00:23,  1.38s/it]
# Epoch 83: train_loss: 0.3523916304:  84%|████████▍ | 84/100 [01:49<00:22,  1.38s/it]

# Epoch 84: train_loss: 0.3489375710:  84%|████████▍ | 84/100 [01:51<00:22,  1.38s/it]
# Epoch 84: train_loss: 0.3489375710:  85%|████████▌ | 85/100 [01:51<00:20,  1.38s/it]

# Epoch 85: train_loss: 0.3470540345:  85%|████████▌ | 85/100 [01:52<00:20,  1.38s/it]
# Epoch 85: train_loss: 0.3470540345:  86%|████████▌ | 86/100 [01:52<00:19,  1.38s/it]

# Epoch 86: train_loss: 0.3472184241:  86%|████████▌ | 86/100 [01:54<00:19,  1.38s/it]
# Epoch 86: train_loss: 0.3472184241:  87%|████████▋ | 87/100 [01:54<00:17,  1.38s/it]

# Epoch 87: train_loss: 0.3476108909:  87%|████████▋ | 87/100 [01:55<00:17,  1.38s/it]
# Epoch 87: train_loss: 0.3476108909:  88%|████████▊ | 88/100 [01:55<00:16,  1.38s/it]

# Epoch 88: train_loss: 0.3471274972:  88%|████████▊ | 88/100 [01:56<00:16,  1.38s/it]
# Epoch 88: train_loss: 0.3471274972:  89%|████████▉ | 89/100 [01:56<00:15,  1.38s/it]

# Epoch 89: train_loss: 0.3462027907:  89%|████████▉ | 89/100 [01:58<00:15,  1.38s/it]
# Epoch 89: train_loss: 0.3462027907:  90%|█████████ | 90/100 [01:58<00:13,  1.38s/it]

# Epoch 90: train_loss: 0.3436140418:  90%|█████████ | 90/100 [01:59<00:13,  1.38s/it]
# Epoch 90: train_loss: 0.3436140418:  91%|█████████ | 91/100 [01:59<00:12,  1.38s/it]

# Epoch 91: train_loss: 0.3459159434:  91%|█████████ | 91/100 [02:00<00:12,  1.38s/it]
# Epoch 91: train_loss: 0.3459159434:  92%|█████████▏| 92/100 [02:00<00:11,  1.38s/it]

# Epoch 92: train_loss: 0.3449850082:  92%|█████████▏| 92/100 [02:02<00:11,  1.38s/it]
# Epoch 92: train_loss: 0.3449850082:  93%|█████████▎| 93/100 [02:02<00:09,  1.38s/it]

# Epoch 93: train_loss: 0.3458934426:  93%|█████████▎| 93/100 [02:03<00:09,  1.38s/it]
# Epoch 93: train_loss: 0.3458934426:  94%|█████████▍| 94/100 [02:03<00:08,  1.38s/it]

# Epoch 94: train_loss: 0.3440068364:  94%|█████████▍| 94/100 [02:05<00:08,  1.38s/it]
# Epoch 94: train_loss: 0.3440068364:  95%|█████████▌| 95/100 [02:05<00:06,  1.38s/it]

# Epoch 95: train_loss: 0.3458270431:  95%|█████████▌| 95/100 [02:06<00:06,  1.38s/it]
# Epoch 95: train_loss: 0.3458270431:  96%|█████████▌| 96/100 [02:06<00:05,  1.38s/it]

# Epoch 96: train_loss: 0.3453187048:  96%|█████████▌| 96/100 [02:07<00:05,  1.38s/it]
# Epoch 96: train_loss: 0.3453187048:  97%|█████████▋| 97/100 [02:07<00:04,  1.38s/it]

# Epoch 97: train_loss: 0.3453249931:  97%|█████████▋| 97/100 [02:09<00:04,  1.38s/it]
# Epoch 97: train_loss: 0.3453249931:  98%|█████████▊| 98/100 [02:09<00:02,  1.38s/it]

# Epoch 98: train_loss: 0.3456151485:  98%|█████████▊| 98/100 [02:10<00:02,  1.38s/it]
# Epoch 98: train_loss: 0.3456151485:  99%|█████████▉| 99/100 [02:10<00:01,  1.38s/it]

# Epoch 99: train_loss: 0.3448717594:  99%|█████████▉| 99/100 [02:11<00:01,  1.38s/it]
# Epoch 99: train_loss: 0.3448717594: 100%|██████████| 100/100 [02:11<00:00,  1.38s/it]
# Epoch 99: train_loss: 0.3448717594: 100%|██████████| 100/100 [02:11<00:00,  1.32s/it]

  0%|          | 0/200 [00:00<?, ?it/s]
# Epoch: 0, train_loss: 0.7246, train_acc:0.26937, val_loss: 0.7170, val_acc:0.27451, val_f1:0.42989, test_acc:0.2691, test_f1:0.4228:   0%|          | 0/200 [00:00<?, ?it/s]
# Epoch: 0, train_loss: 0.7246, train_acc:0.26937, val_loss: 0.7170, val_acc:0.27451, val_f1:0.42989, test_acc:0.2691, test_f1:0.4228:   0%|          | 1/200 [00:00<03:06,  1.07it/s]
# Epoch: 1, train_loss: 0.6994, train_acc:0.41126, val_loss: 0.7047, val_acc:0.28235, val_f1:0.42902, test_acc:0.2765, test_f1:0.4234:   0%|          | 1/200 [00:01<03:06,  1.07it/s]
# Epoch: 1, train_loss: 0.6994, train_acc:0.41126, val_loss: 0.7047, val_acc:0.28235, val_f1:0.42902, test_acc:0.2765, test_f1:0.4234:   1%|          | 2/200 [00:01<03:05,  1.07it/s]
# Epoch: 2, train_loss: 0.6779, train_acc:0.68987, val_loss: 0.6876, val_acc:0.62745, val_f1:0.47368, test_acc:0.6422, test_f1:0.4808:   1%|          | 2/200 [00:02<03:05,  1.07it/s]
# Epoch: 2, train_loss: 0.6779, train_acc:0.68987, val_loss: 0.6876, val_acc:0.62745, val_f1:0.47368, test_acc:0.6422, test_f1:0.4808:   2%|▏         | 3/200 [00:02<03:04,  1.07it/s]
# Epoch: 3, train_loss: 0.6585, train_acc:0.73708, val_loss: 0.6670, val_acc:0.69412, val_f1:0.51402, test_acc:0.7172, test_f1:0.5274:   2%|▏         | 3/200 [00:03<03:04,  1.07it/s]
# Epoch: 3, train_loss: 0.6585, train_acc:0.73708, val_loss: 0.6670, val_acc:0.69412, val_f1:0.51402, test_acc:0.7172, test_f1:0.5274:   2%|▏         | 4/200 [00:03<03:03,  1.07it/s]
# Epoch: 4, train_loss: 0.6426, train_acc:0.73778, val_loss: 0.6466, val_acc:0.72157, val_f1:0.51203, test_acc:0.7353, test_f1:0.5109:   2%|▏         | 4/200 [00:04<03:03,  1.07it/s]
# Epoch: 4, train_loss: 0.6426, train_acc:0.73778, val_loss: 0.6466, val_acc:0.72157, val_f1:0.51203, test_acc:0.7353, test_f1:0.5109:   2%|▎         | 5/200 [00:04<03:02,  1.07it/s]
# Epoch: 5, train_loss: 0.6264, train_acc:0.73708, val_loss: 0.6274, val_acc:0.69804, val_f1:0.37652, test_acc:0.7142, test_f1:0.3895:   2%|▎         | 5/200 [00:05<03:02,  1.07it/s]
# Epoch: 5, train_loss: 0.6264, train_acc:0.73708, val_loss: 0.6274, val_acc:0.69804, val_f1:0.37652, test_acc:0.7142, test_f1:0.3895:   3%|▎         | 6/200 [00:05<03:00,  1.07it/s]
# Epoch: 6, train_loss: 0.6121, train_acc:0.73386, val_loss: 0.6102, val_acc:0.7, val_f1:0.35169, test_acc:0.7245, test_f1:0.3714:   3%|▎         | 6/200 [00:06<03:00,  1.07it/s]    
# Epoch: 6, train_loss: 0.6121, train_acc:0.73386, val_loss: 0.6102, val_acc:0.7, val_f1:0.35169, test_acc:0.7245, test_f1:0.3714:   4%|▎         | 7/200 [00:06<02:59,  1.08it/s]
# Epoch: 7, train_loss: 0.5984, train_acc:0.73162, val_loss: 0.5947, val_acc:0.72647, val_f1:0.37303, test_acc:0.7471, test_f1:0.3857:   4%|▎         | 7/200 [00:07<02:59,  1.08it/s]
# Epoch: 7, train_loss: 0.5984, train_acc:0.73162, val_loss: 0.5947, val_acc:0.72647, val_f1:0.37303, test_acc:0.7471, test_f1:0.3857:   4%|▍         | 8/200 [00:07<02:58,  1.07it/s]
# Epoch: 8, train_loss: 0.5864, train_acc:0.73119, val_loss: 0.5811, val_acc:0.7549, val_f1:0.3932, test_acc:0.7628, test_f1:0.3950:   4%|▍         | 8/200 [00:08<02:58,  1.07it/s]  
# Epoch: 8, train_loss: 0.5864, train_acc:0.73119, val_loss: 0.5811, val_acc:0.7549, val_f1:0.3932, test_acc:0.7628, test_f1:0.3950:   4%|▍         | 9/200 [00:08<02:58,  1.07it/s]
# Epoch: 9, train_loss: 0.5745, train_acc:0.73049, val_loss: 0.5693, val_acc:0.75294, val_f1:0.33333, test_acc:0.7642, test_f1:0.3473:   4%|▍         | 9/200 [00:09<02:58,  1.07it/s]
# Epoch: 9, train_loss: 0.5745, train_acc:0.73049, val_loss: 0.5693, val_acc:0.75294, val_f1:0.33333, test_acc:0.7642, test_f1:0.3473:   5%|▌         | 10/200 [00:09<02:56,  1.08it/s]
# Epoch: 10, train_loss: 0.5652, train_acc:0.73077, val_loss: 0.5593, val_acc:0.74314, val_f1:0.23392, test_acc:0.7510, test_f1:0.2349:   5%|▌         | 10/200 [00:10<02:56,  1.08it/s]
# Epoch: 10, train_loss: 0.5652, train_acc:0.73077, val_loss: 0.5593, val_acc:0.74314, val_f1:0.23392, test_acc:0.7510, test_f1:0.2349:   6%|▌         | 11/200 [00:10<02:55,  1.08it/s]
# Epoch: 11, train_loss: 0.5561, train_acc:0.73063, val_loss: 0.5514, val_acc:0.7402, val_f1:0.13681, test_acc:0.7417, test_f1:0.0898:   6%|▌         | 11/200 [00:11<02:55,  1.08it/s] 
# Epoch: 11, train_loss: 0.5561, train_acc:0.73063, val_loss: 0.5514, val_acc:0.7402, val_f1:0.13681, test_acc:0.7417, test_f1:0.0898:   6%|▌         | 12/200 [00:11<02:54,  1.08it/s]
# Epoch: 12, train_loss: 0.5472, train_acc:0.73077, val_loss: 0.5451, val_acc:0.73627, val_f1:0.08191, test_acc:0.7392, test_f1:0.0500:   6%|▌         | 12/200 [00:12<02:54,  1.08it/s]
# Epoch: 12, train_loss: 0.5472, train_acc:0.73077, val_loss: 0.5451, val_acc:0.73627, val_f1:0.08191, test_acc:0.7392, test_f1:0.0500:   6%|▋         | 13/200 [00:12<02:53,  1.08it/s]
# Epoch: 13, train_loss: 0.5429, train_acc:0.73063, val_loss: 0.5401, val_acc:0.73431, val_f1:0.06873, test_acc:0.7378, test_f1:0.0395:   6%|▋         | 13/200 [00:13<02:53,  1.08it/s]
# Epoch: 13, train_loss: 0.5429, train_acc:0.73063, val_loss: 0.5401, val_acc:0.73431, val_f1:0.06873, test_acc:0.7378, test_f1:0.0395:   7%|▋         | 14/200 [00:13<02:52,  1.08it/s]
# Epoch: 14, train_loss: 0.5366, train_acc:0.73091, val_loss: 0.5356, val_acc:0.73824, val_f1:0.10101, test_acc:0.7402, test_f1:0.0569:   7%|▋         | 14/200 [00:13<02:52,  1.08it/s]
# Epoch: 14, train_loss: 0.5366, train_acc:0.73091, val_loss: 0.5356, val_acc:0.73824, val_f1:0.10101, test_acc:0.7402, test_f1:0.0569:   8%|▊         | 15/200 [00:13<02:51,  1.08it/s]
# Epoch: 15, train_loss: 0.5307, train_acc:0.73091, val_loss: 0.5313, val_acc:0.74216, val_f1:0.14887, test_acc:0.7461, test_f1:0.1191:   8%|▊         | 15/200 [00:14<02:51,  1.08it/s]
# Epoch: 15, train_loss: 0.5307, train_acc:0.73091, val_loss: 0.5313, val_acc:0.74216, val_f1:0.14887, test_acc:0.7461, test_f1:0.1191:   8%|▊         | 16/200 [00:14<02:50,  1.08it/s]
# Epoch: 16, train_loss: 0.5238, train_acc:0.73077, val_loss: 0.5263, val_acc:0.7451, val_f1:0.23077, test_acc:0.7520, test_f1:0.2310:   8%|▊         | 16/200 [00:15<02:50,  1.08it/s] 
# Epoch: 16, train_loss: 0.5238, train_acc:0.73077, val_loss: 0.5263, val_acc:0.7451, val_f1:0.23077, test_acc:0.7520, test_f1:0.2310:   8%|▊         | 17/200 [00:15<02:49,  1.08it/s]
# Epoch: 17, train_loss: 0.5164, train_acc:0.73119, val_loss: 0.5205, val_acc:0.7549, val_f1:0.32796, test_acc:0.7637, test_f1:0.3287:   8%|▊         | 17/200 [00:16<02:49,  1.08it/s]
# Epoch: 17, train_loss: 0.5164, train_acc:0.73119, val_loss: 0.5205, val_acc:0.7549, val_f1:0.32796, test_acc:0.7637, test_f1:0.3287:   9%|▉         | 18/200 [00:16<02:48,  1.08it/s]
# Epoch: 18, train_loss: 0.5089, train_acc:0.73119, val_loss: 0.5138, val_acc:0.7598, val_f1:0.38596, test_acc:0.7725, test_f1:0.3943:   9%|▉         | 18/200 [00:17<02:48,  1.08it/s]
# Epoch: 18, train_loss: 0.5089, train_acc:0.73119, val_loss: 0.5138, val_acc:0.7598, val_f1:0.38596, test_acc:0.7725, test_f1:0.3943:  10%|▉         | 19/200 [00:17<02:48,  1.08it/s]
# Epoch: 19, train_loss: 0.5014, train_acc:0.73484, val_loss: 0.5064, val_acc:0.7549, val_f1:0.39904, test_acc:0.7696, test_f1:0.4066:  10%|▉         | 19/200 [00:18<02:48,  1.08it/s]
# Epoch: 19, train_loss: 0.5014, train_acc:0.73484, val_loss: 0.5064, val_acc:0.7549, val_f1:0.39904, test_acc:0.7696, test_f1:0.4066:  10%|█         | 20/200 [00:18<02:46,  1.08it/s]
# Epoch: 20, train_loss: 0.4926, train_acc:0.73932, val_loss: 0.4984, val_acc:0.7598, val_f1:0.43418, test_acc:0.7760, test_f1:0.4514:  10%|█         | 20/200 [00:19<02:46,  1.08it/s]
# Epoch: 20, train_loss: 0.4926, train_acc:0.73932, val_loss: 0.4984, val_acc:0.7598, val_f1:0.43418, test_acc:0.7760, test_f1:0.4514:  10%|█         | 21/200 [00:19<02:46,  1.08it/s]
# Epoch: 21, train_loss: 0.4829, train_acc:0.75137, val_loss: 0.4903, val_acc:0.78235, val_f1:0.5375, test_acc:0.7971, test_f1:0.5520:  10%|█         | 21/200 [00:20<02:46,  1.08it/s]
# Epoch: 21, train_loss: 0.4829, train_acc:0.75137, val_loss: 0.4903, val_acc:0.78235, val_f1:0.5375, test_acc:0.7971, test_f1:0.5520:  11%|█         | 22/200 [00:20<02:45,  1.07it/s]
# Epoch: 22, train_loss: 0.4700, train_acc:0.76663, val_loss: 0.4819, val_acc:0.79706, val_f1:0.5901, test_acc:0.8078, test_f1:0.5992:  11%|█         | 22/200 [00:21<02:45,  1.07it/s]
# Epoch: 22, train_loss: 0.4700, train_acc:0.76663, val_loss: 0.4819, val_acc:0.79706, val_f1:0.5901, test_acc:0.8078, test_f1:0.5992:  12%|█▏        | 23/200 [00:21<02:45,  1.07it/s]
# Epoch: 23, train_loss: 0.4576, train_acc:0.7763, val_loss: 0.4731, val_acc:0.79608, val_f1:0.60153, test_acc:0.8118, test_f1:0.6160:  12%|█▏        | 23/200 [00:22<02:45,  1.07it/s]
# Epoch: 23, train_loss: 0.4576, train_acc:0.7763, val_loss: 0.4731, val_acc:0.79608, val_f1:0.60153, test_acc:0.8118, test_f1:0.6160:  12%|█▏        | 24/200 [00:22<02:43,  1.07it/s]
# Epoch: 24, train_loss: 0.4457, train_acc:0.79213, val_loss: 0.4627, val_acc:0.8, val_f1:0.61069, test_acc:0.8142, test_f1:0.6251:  12%|█▏        | 24/200 [00:23<02:43,  1.07it/s]   
# Epoch: 24, train_loss: 0.4457, train_acc:0.79213, val_loss: 0.4627, val_acc:0.8, val_f1:0.61069, test_acc:0.8142, test_f1:0.6251:  12%|█▎        | 25/200 [00:23<02:43,  1.07it/s]
# Epoch: 25, train_loss: 0.4354, train_acc:0.80656, val_loss: 0.4498, val_acc:0.80294, val_f1:0.6186, test_acc:0.8167, test_f1:0.6297:  12%|█▎        | 25/200 [00:24<02:43,  1.07it/s]
# Epoch: 25, train_loss: 0.4354, train_acc:0.80656, val_loss: 0.4498, val_acc:0.80294, val_f1:0.6186, test_acc:0.8167, test_f1:0.6297:  13%|█▎        | 26/200 [00:24<02:42,  1.07it/s]
# Epoch: 26, train_loss: 0.4243, train_acc:0.81608, val_loss: 0.4340, val_acc:0.80882, val_f1:0.62857, test_acc:0.8191, test_f1:0.6314:  13%|█▎        | 26/200 [00:25<02:42,  1.07it/s]
# Epoch: 26, train_loss: 0.4243, train_acc:0.81608, val_loss: 0.4340, val_acc:0.80882, val_f1:0.62857, test_acc:0.8191, test_f1:0.6314:  14%|█▎        | 27/200 [00:25<02:41,  1.07it/s]
# Epoch: 27, train_loss: 0.4119, train_acc:0.8228, val_loss: 0.4160, val_acc:0.81176, val_f1:0.62934, test_acc:0.8201, test_f1:0.6267:  14%|█▎        | 27/200 [00:26<02:41,  1.07it/s] 
# Epoch: 27, train_loss: 0.4119, train_acc:0.8228, val_loss: 0.4160, val_acc:0.81176, val_f1:0.62934, test_acc:0.8201, test_f1:0.6267:  14%|█▍        | 28/200 [00:26<02:41,  1.07it/s]
# Epoch: 28, train_loss: 0.4011, train_acc:0.82547, val_loss: 0.3992, val_acc:0.81176, val_f1:0.61753, test_acc:0.8250, test_f1:0.6308:  14%|█▍        | 28/200 [00:26<02:41,  1.07it/s]
# Epoch: 28, train_loss: 0.4011, train_acc:0.82547, val_loss: 0.3992, val_acc:0.81176, val_f1:0.61753, test_acc:0.8250, test_f1:0.6308:  14%|█▍        | 29/200 [00:26<02:40,  1.07it/s]
# Epoch: 29, train_loss: 0.3882, train_acc:0.83289, val_loss: 0.3878, val_acc:0.81667, val_f1:0.61759, test_acc:0.8304, test_f1:0.6303:  14%|█▍        | 29/200 [00:27<02:40,  1.07it/s]
# Epoch: 29, train_loss: 0.3882, train_acc:0.83289, val_loss: 0.3878, val_acc:0.81667, val_f1:0.61759, test_acc:0.8304, test_f1:0.6303:  15%|█▌        | 30/200 [00:27<02:39,  1.07it/s]
# Epoch: 30, train_loss: 0.3812, train_acc:0.83191, val_loss: 0.3858, val_acc:0.81176, val_f1:0.59494, test_acc:0.8240, test_f1:0.6033:  15%|█▌        | 30/200 [00:28<02:39,  1.07it/s]
# Epoch: 30, train_loss: 0.3812, train_acc:0.83191, val_loss: 0.3858, val_acc:0.81176, val_f1:0.59494, test_acc:0.8240, test_f1:0.6033:  16%|█▌        | 31/200 [00:28<02:37,  1.07it/s]
# Epoch: 31, train_loss: 0.3697, train_acc:0.83821, val_loss: 0.3923, val_acc:0.8049, val_f1:0.55679, test_acc:0.8186, test_f1:0.5708:  16%|█▌        | 31/200 [00:29<02:37,  1.07it/s] 
# Epoch: 31, train_loss: 0.3697, train_acc:0.83821, val_loss: 0.3923, val_acc:0.8049, val_f1:0.55679, test_acc:0.8186, test_f1:0.5708:  16%|█▌        | 32/200 [00:29<02:36,  1.08it/s]
# Epoch: 32, train_loss: 0.3585, train_acc:0.84466, val_loss: 0.3988, val_acc:0.80294, val_f1:0.54005, test_acc:0.8167, test_f1:0.5558:  16%|█▌        | 32/200 [00:30<02:36,  1.08it/s]
# Epoch: 32, train_loss: 0.3585, train_acc:0.84466, val_loss: 0.3988, val_acc:0.80294, val_f1:0.54005, test_acc:0.8167, test_f1:0.5558:  16%|█▋        | 33/200 [00:30<02:35,  1.08it/s]
# Epoch: 33, train_loss: 0.3494, train_acc:0.84746, val_loss: 0.3940, val_acc:0.80686, val_f1:0.56125, test_acc:0.8201, test_f1:0.5697:  16%|█▋        | 33/200 [00:31<02:35,  1.08it/s]
# Epoch: 33, train_loss: 0.3494, train_acc:0.84746, val_loss: 0.3940, val_acc:0.80686, val_f1:0.56125, test_acc:0.8201, test_f1:0.5697:  17%|█▋        | 34/200 [00:31<02:33,  1.08it/s]
# Epoch: 34, train_loss: 0.3426, train_acc:0.84662, val_loss: 0.3781, val_acc:0.81275, val_f1:0.58925, test_acc:0.8250, test_f1:0.5966:  17%|█▋        | 34/200 [00:32<02:33,  1.08it/s]
# Epoch: 34, train_loss: 0.3426, train_acc:0.84662, val_loss: 0.3781, val_acc:0.81275, val_f1:0.58925, test_acc:0.8250, test_f1:0.5966:  18%|█▊        | 35/200 [00:32<02:32,  1.08it/s]
# Epoch: 35, train_loss: 0.3358, train_acc:0.8483, val_loss: 0.3642, val_acc:0.81863, val_f1:0.61538, test_acc:0.8363, test_f1:0.6393:  18%|█▊        | 35/200 [00:33<02:32,  1.08it/s] 
# Epoch: 35, train_loss: 0.3358, train_acc:0.8483, val_loss: 0.3642, val_acc:0.81863, val_f1:0.61538, test_acc:0.8363, test_f1:0.6393:  18%|█▊        | 36/200 [00:33<02:32,  1.08it/s]
# Epoch: 36, train_loss: 0.3302, train_acc:0.85292, val_loss: 0.3538, val_acc:0.82941, val_f1:0.65613, test_acc:0.8461, test_f1:0.6783:  18%|█▊        | 36/200 [00:34<02:32,  1.08it/s]
# Epoch: 36, train_loss: 0.3302, train_acc:0.85292, val_loss: 0.3538, val_acc:0.82941, val_f1:0.65613, test_acc:0.8461, test_f1:0.6783:  18%|█▊        | 37/200 [00:34<02:31,  1.07it/s]
# Epoch: 37, train_loss: 0.3196, train_acc:0.8602, val_loss: 0.3485, val_acc:0.83627, val_f1:0.67946, test_acc:0.8534, test_f1:0.7025:  18%|█▊        | 37/200 [00:35<02:31,  1.07it/s] 
# Epoch: 37, train_loss: 0.3196, train_acc:0.8602, val_loss: 0.3485, val_acc:0.83627, val_f1:0.67946, test_acc:0.8534, test_f1:0.7025:  19%|█▉        | 38/200 [00:35<02:31,  1.07it/s]
# Epoch: 38, train_loss: 0.3161, train_acc:0.86231, val_loss: 0.3488, val_acc:0.83529, val_f1:0.67816, test_acc:0.8544, test_f1:0.7062:  19%|█▉        | 38/200 [00:36<02:31,  1.07it/s]
# Epoch: 38, train_loss: 0.3161, train_acc:0.86231, val_loss: 0.3488, val_acc:0.83529, val_f1:0.67816, test_acc:0.8544, test_f1:0.7062:  20%|█▉        | 39/200 [00:36<02:29,  1.07it/s]
# Epoch: 39, train_loss: 0.3116, train_acc:0.8588, val_loss: 0.3526, val_acc:0.83333, val_f1:0.67433, test_acc:0.8549, test_f1:0.7046:  20%|█▉        | 39/200 [00:37<02:29,  1.07it/s] 
# Epoch: 39, train_loss: 0.3116, train_acc:0.8588, val_loss: 0.3526, val_acc:0.83333, val_f1:0.67433, test_acc:0.8549, test_f1:0.7046:  20%|██        | 40/200 [00:37<02:28,  1.08it/s]
# Epoch: 40, train_loss: 0.3050, train_acc:0.86287, val_loss: 0.3575, val_acc:0.83529, val_f1:0.67568, test_acc:0.8539, test_f1:0.6996:  20%|██        | 40/200 [00:38<02:28,  1.08it/s]
# Epoch: 40, train_loss: 0.3050, train_acc:0.86287, val_loss: 0.3575, val_acc:0.83529, val_f1:0.67568, test_acc:0.8539, test_f1:0.6996:  20%|██        | 41/200 [00:38<02:27,  1.08it/s]
# Epoch: 41, train_loss: 0.3048, train_acc:0.86553, val_loss: 0.3589, val_acc:0.83431, val_f1:0.67311, test_acc:0.8544, test_f1:0.6997:  20%|██        | 41/200 [00:39<02:27,  1.08it/s]
# Epoch: 41, train_loss: 0.3048, train_acc:0.86553, val_loss: 0.3589, val_acc:0.83431, val_f1:0.67311, test_acc:0.8544, test_f1:0.6997:  21%|██        | 42/200 [00:39<02:26,  1.08it/s]
# Epoch: 42, train_loss: 0.3028, train_acc:0.86119, val_loss: 0.3548, val_acc:0.83431, val_f1:0.67311, test_acc:0.8554, test_f1:0.7017:  21%|██        | 42/200 [00:39<02:26,  1.08it/s]
# Epoch: 42, train_loss: 0.3028, train_acc:0.86119, val_loss: 0.3548, val_acc:0.83431, val_f1:0.67311, test_acc:0.8554, test_f1:0.7017:  22%|██▏       | 43/200 [00:39<02:25,  1.08it/s]
# Epoch: 43, train_loss: 0.3004, train_acc:0.86385, val_loss: 0.3448, val_acc:0.84118, val_f1:0.69202, test_acc:0.8549, test_f1:0.7087:  22%|██▏       | 43/200 [00:40<02:25,  1.08it/s]
# Epoch: 43, train_loss: 0.3004, train_acc:0.86385, val_loss: 0.3448, val_acc:0.84118, val_f1:0.69202, test_acc:0.8549, test_f1:0.7087:  22%|██▏       | 44/200 [00:40<02:24,  1.08it/s]
# Epoch: 44, train_loss: 0.2976, train_acc:0.86427, val_loss: 0.3343, val_acc:0.84216, val_f1:0.69794, test_acc:0.8549, test_f1:0.7159:  22%|██▏       | 44/200 [00:41<02:24,  1.08it/s]
# Epoch: 44, train_loss: 0.2976, train_acc:0.86427, val_loss: 0.3343, val_acc:0.84216, val_f1:0.69794, test_acc:0.8549, test_f1:0.7159:  22%|██▎       | 45/200 [00:41<02:24,  1.07it/s]
# Epoch: 45, train_loss: 0.2940, train_acc:0.86553, val_loss: 0.3293, val_acc:0.84902, val_f1:0.71481, test_acc:0.8593, test_f1:0.7254:  22%|██▎       | 45/200 [00:42<02:24,  1.07it/s]
# Epoch: 45, train_loss: 0.2940, train_acc:0.86553, val_loss: 0.3293, val_acc:0.84902, val_f1:0.71481, test_acc:0.8593, test_f1:0.7254:  23%|██▎       | 46/200 [00:42<02:23,  1.07it/s]
# Epoch: 46, train_loss: 0.2947, train_acc:0.86637, val_loss: 0.3257, val_acc:0.84902, val_f1:0.71481, test_acc:0.8593, test_f1:0.7243:  23%|██▎       | 46/200 [00:43<02:23,  1.07it/s]
# Epoch: 46, train_loss: 0.2947, train_acc:0.86637, val_loss: 0.3257, val_acc:0.84902, val_f1:0.71481, test_acc:0.8593, test_f1:0.7243:  24%|██▎       | 47/200 [00:43<02:22,  1.07it/s]
# Epoch: 47, train_loss: 0.2923, train_acc:0.86777, val_loss: 0.3235, val_acc:0.84804, val_f1:0.71243, test_acc:0.8573, test_f1:0.7172:  24%|██▎       | 47/200 [00:44<02:22,  1.07it/s]
# Epoch: 47, train_loss: 0.2923, train_acc:0.86777, val_loss: 0.3235, val_acc:0.84804, val_f1:0.71243, test_acc:0.8573, test_f1:0.7172:  24%|██▍       | 48/200 [00:44<02:21,  1.07it/s]
# Epoch: 48, train_loss: 0.2935, train_acc:0.86651, val_loss: 0.3218, val_acc:0.8451, val_f1:0.70522, test_acc:0.8578, test_f1:0.7168:  24%|██▍       | 48/200 [00:45<02:21,  1.07it/s] 
# Epoch: 48, train_loss: 0.2935, train_acc:0.86651, val_loss: 0.3218, val_acc:0.8451, val_f1:0.70522, test_acc:0.8578, test_f1:0.7168:  24%|██▍       | 49/200 [00:45<02:20,  1.08it/s]
# Epoch: 49, train_loss: 0.2881, train_acc:0.87281, val_loss: 0.3209, val_acc:0.84412, val_f1:0.70169, test_acc:0.8603, test_f1:0.7187:  24%|██▍       | 49/200 [00:46<02:20,  1.08it/s]
# Epoch: 49, train_loss: 0.2881, train_acc:0.87281, val_loss: 0.3209, val_acc:0.84412, val_f1:0.70169, test_acc:0.8603, test_f1:0.7187:  25%|██▌       | 50/200 [00:46<02:19,  1.08it/s]
# Epoch: 50, train_loss: 0.2857, train_acc:0.87029, val_loss: 0.3193, val_acc:0.8451, val_f1:0.70412, test_acc:0.8622, test_f1:0.7221:  25%|██▌       | 50/200 [00:47<02:19,  1.08it/s] 
# Epoch: 50, train_loss: 0.2857, train_acc:0.87029, val_loss: 0.3193, val_acc:0.8451, val_f1:0.70412, test_acc:0.8622, test_f1:0.7221:  26%|██▌       | 51/200 [00:47<02:18,  1.08it/s]
# Epoch: 51, train_loss: 0.2845, train_acc:0.87099, val_loss: 0.3174, val_acc:0.84902, val_f1:0.71375, test_acc:0.8642, test_f1:0.7287:  26%|██▌       | 51/200 [00:48<02:18,  1.08it/s]
# Epoch: 51, train_loss: 0.2845, train_acc:0.87099, val_loss: 0.3174, val_acc:0.84902, val_f1:0.71375, test_acc:0.8642, test_f1:0.7287:  26%|██▌       | 52/200 [00:48<02:17,  1.08it/s]
# Epoch: 52, train_loss: 0.2818, train_acc:0.87071, val_loss: 0.3158, val_acc:0.85098, val_f1:0.71956, test_acc:0.8657, test_f1:0.7350:  26%|██▌       | 52/200 [00:49<02:17,  1.08it/s]
# Epoch: 52, train_loss: 0.2818, train_acc:0.87071, val_loss: 0.3158, val_acc:0.85098, val_f1:0.71956, test_acc:0.8657, test_f1:0.7350:  26%|██▋       | 53/200 [00:49<02:17,  1.07it/s]
# Epoch: 53, train_loss: 0.2803, train_acc:0.87253, val_loss: 0.3152, val_acc:0.85196, val_f1:0.72192, test_acc:0.8677, test_f1:0.7399:  26%|██▋       | 53/200 [00:50<02:17,  1.07it/s]
# Epoch: 53, train_loss: 0.2803, train_acc:0.87253, val_loss: 0.3152, val_acc:0.85196, val_f1:0.72192, test_acc:0.8677, test_f1:0.7399:  27%|██▋       | 54/200 [00:50<02:16,  1.07it/s]
# Epoch: 54, train_loss: 0.2764, train_acc:0.87435, val_loss: 0.3145, val_acc:0.85196, val_f1:0.72192, test_acc:0.8691, test_f1:0.7435:  27%|██▋       | 54/200 [00:51<02:16,  1.07it/s]
# Epoch: 54, train_loss: 0.2764, train_acc:0.87435, val_loss: 0.3145, val_acc:0.85196, val_f1:0.72192, test_acc:0.8691, test_f1:0.7435:  28%|██▊       | 55/200 [00:51<02:15,  1.07it/s]
# Epoch: 55, train_loss: 0.2791, train_acc:0.87253, val_loss: 0.3148, val_acc:0.85098, val_f1:0.71642, test_acc:0.8706, test_f1:0.7437:  28%|██▊       | 55/200 [00:52<02:15,  1.07it/s]
# Epoch: 55, train_loss: 0.2791, train_acc:0.87253, val_loss: 0.3148, val_acc:0.85098, val_f1:0.71642, test_acc:0.8706, test_f1:0.7437:  28%|██▊       | 56/200 [00:52<02:14,  1.07it/s]
# Epoch: 56, train_loss: 0.2710, train_acc:0.87757, val_loss: 0.3151, val_acc:0.84902, val_f1:0.71161, test_acc:0.8677, test_f1:0.7348:  28%|██▊       | 56/200 [00:53<02:14,  1.07it/s]
# Epoch: 56, train_loss: 0.2710, train_acc:0.87757, val_loss: 0.3151, val_acc:0.84902, val_f1:0.71161, test_acc:0.8677, test_f1:0.7348:  28%|██▊       | 57/200 [00:53<02:12,  1.08it/s]
# Epoch: 57, train_loss: 0.2720, train_acc:0.87533, val_loss: 0.3153, val_acc:0.84314, val_f1:0.69466, test_acc:0.8681, test_f1:0.7318:  28%|██▊       | 57/200 [00:53<02:12,  1.08it/s]
# Epoch: 57, train_loss: 0.2720, train_acc:0.87533, val_loss: 0.3153, val_acc:0.84314, val_f1:0.69466, test_acc:0.8681, test_f1:0.7318:  29%|██▉       | 58/200 [00:53<02:11,  1.08it/s]
# Epoch: 58, train_loss: 0.2710, train_acc:0.88038, val_loss: 0.3171, val_acc:0.8451, val_f1:0.69261, test_acc:0.8686, test_f1:0.7293:  29%|██▉       | 58/200 [00:54<02:11,  1.08it/s] 
# Epoch: 58, train_loss: 0.2710, train_acc:0.88038, val_loss: 0.3171, val_acc:0.8451, val_f1:0.69261, test_acc:0.8686, test_f1:0.7293:  30%|██▉       | 59/200 [00:54<02:10,  1.08it/s]
# Epoch: 59, train_loss: 0.2689, train_acc:0.87883, val_loss: 0.3195, val_acc:0.84118, val_f1:0.67729, test_acc:0.8662, test_f1:0.7171:  30%|██▉       | 59/200 [00:55<02:10,  1.08it/s]
# Epoch: 59, train_loss: 0.2689, train_acc:0.87883, val_loss: 0.3195, val_acc:0.84118, val_f1:0.67729, test_acc:0.8662, test_f1:0.7171:  30%|███       | 60/200 [00:55<02:09,  1.08it/s]
# Epoch: 60, train_loss: 0.2648, train_acc:0.8815, val_loss: 0.3204, val_acc:0.84118, val_f1:0.676, test_acc:0.8672, test_f1:0.7162:  30%|███       | 60/200 [00:56<02:09,  1.08it/s]   
# Epoch: 60, train_loss: 0.2648, train_acc:0.8815, val_loss: 0.3204, val_acc:0.84118, val_f1:0.676, test_acc:0.8672, test_f1:0.7162:  30%|███       | 61/200 [00:56<02:08,  1.08it/s]
# Epoch: 61, train_loss: 0.2645, train_acc:0.88122, val_loss: 0.3214, val_acc:0.84118, val_f1:0.6747, test_acc:0.8696, test_f1:0.7206:  30%|███       | 61/200 [00:57<02:08,  1.08it/s]
# Epoch: 61, train_loss: 0.2645, train_acc:0.88122, val_loss: 0.3214, val_acc:0.84118, val_f1:0.6747, test_acc:0.8696, test_f1:0.7206:  31%|███       | 62/200 [00:57<02:07,  1.08it/s]
# Epoch: 62, train_loss: 0.2625, train_acc:0.88178, val_loss: 0.3211, val_acc:0.8402, val_f1:0.67335, test_acc:0.8721, test_f1:0.7267:  31%|███       | 62/200 [00:58<02:07,  1.08it/s]
# Epoch: 62, train_loss: 0.2625, train_acc:0.88178, val_loss: 0.3211, val_acc:0.8402, val_f1:0.67335, test_acc:0.8721, test_f1:0.7267:  32%|███▏      | 63/200 [00:58<02:06,  1.08it/s]
# Epoch: 63, train_loss: 0.2649, train_acc:0.88234, val_loss: 0.3177, val_acc:0.84412, val_f1:0.68639, test_acc:0.8750, test_f1:0.7374:  32%|███▏      | 63/200 [00:59<02:06,  1.08it/s]
# Epoch: 63, train_loss: 0.2649, train_acc:0.88234, val_loss: 0.3177, val_acc:0.84412, val_f1:0.68639, test_acc:0.8750, test_f1:0.7374:  32%|███▏      | 64/200 [00:59<02:05,  1.08it/s]
# Epoch: 64, train_loss: 0.2614, train_acc:0.8822, val_loss: 0.3141, val_acc:0.84804, val_f1:0.70019, test_acc:0.8789, test_f1:0.7513:  32%|███▏      | 64/200 [01:00<02:05,  1.08it/s] 
# Epoch: 64, train_loss: 0.2614, train_acc:0.8822, val_loss: 0.3141, val_acc:0.84804, val_f1:0.70019, test_acc:0.8789, test_f1:0.7513:  32%|███▎      | 65/200 [01:00<02:04,  1.08it/s]
# Epoch: 65, train_loss: 0.2613, train_acc:0.88234, val_loss: 0.3110, val_acc:0.85098, val_f1:0.70769, test_acc:0.8784, test_f1:0.7530:  32%|███▎      | 65/200 [01:01<02:04,  1.08it/s]
# Epoch: 65, train_loss: 0.2613, train_acc:0.88234, val_loss: 0.3110, val_acc:0.85098, val_f1:0.70769, test_acc:0.8784, test_f1:0.7530:  33%|███▎      | 66/200 [01:01<02:03,  1.08it/s]
# Epoch: 66, train_loss: 0.2570, train_acc:0.88682, val_loss: 0.3091, val_acc:0.84902, val_f1:0.70385, test_acc:0.8838, test_f1:0.7637:  33%|███▎      | 66/200 [01:02<02:03,  1.08it/s]
# Epoch: 66, train_loss: 0.2570, train_acc:0.88682, val_loss: 0.3091, val_acc:0.84902, val_f1:0.70385, test_acc:0.8838, test_f1:0.7637:  34%|███▎      | 67/200 [01:02<02:02,  1.08it/s]
# Epoch: 67, train_loss: 0.2565, train_acc:0.88542, val_loss: 0.3093, val_acc:0.85196, val_f1:0.70565, test_acc:0.8833, test_f1:0.7601:  34%|███▎      | 67/200 [01:03<02:02,  1.08it/s]
# Epoch: 67, train_loss: 0.2565, train_acc:0.88542, val_loss: 0.3093, val_acc:0.85196, val_f1:0.70565, test_acc:0.8833, test_f1:0.7601:  34%|███▍      | 68/200 [01:03<02:02,  1.08it/s]
# Epoch: 68, train_loss: 0.2523, train_acc:0.88738, val_loss: 0.3114, val_acc:0.84804, val_f1:0.69185, test_acc:0.8848, test_f1:0.7580:  34%|███▍      | 68/200 [01:04<02:02,  1.08it/s]
# Epoch: 68, train_loss: 0.2523, train_acc:0.88738, val_loss: 0.3114, val_acc:0.84804, val_f1:0.69185, test_acc:0.8848, test_f1:0.7580:  34%|███▍      | 69/200 [01:04<02:01,  1.08it/s]
# Epoch: 69, train_loss: 0.2531, train_acc:0.88668, val_loss: 0.3125, val_acc:0.8451, val_f1:0.68145, test_acc:0.8848, test_f1:0.7550:  34%|███▍      | 69/200 [01:05<02:01,  1.08it/s] 
# Epoch: 69, train_loss: 0.2531, train_acc:0.88668, val_loss: 0.3125, val_acc:0.8451, val_f1:0.68145, test_acc:0.8848, test_f1:0.7550:  35%|███▌      | 70/200 [01:05<02:00,  1.08it/s]
# Epoch: 70, train_loss: 0.2512, train_acc:0.8906, val_loss: 0.3078, val_acc:0.85196, val_f1:0.70565, test_acc:0.8868, test_f1:0.7621:  35%|███▌      | 70/200 [01:05<02:00,  1.08it/s]
# Epoch: 70, train_loss: 0.2512, train_acc:0.8906, val_loss: 0.3078, val_acc:0.85196, val_f1:0.70565, test_acc:0.8868, test_f1:0.7621:  36%|███▌      | 71/200 [01:05<01:59,  1.08it/s]
# Epoch: 71, train_loss: 0.2481, train_acc:0.89004, val_loss: 0.3022, val_acc:0.85784, val_f1:0.7259, test_acc:0.8907, test_f1:0.7812:  36%|███▌      | 71/200 [01:06<01:59,  1.08it/s]
# Epoch: 71, train_loss: 0.2481, train_acc:0.89004, val_loss: 0.3022, val_acc:0.85784, val_f1:0.7259, test_acc:0.8907, test_f1:0.7812:  36%|███▌      | 72/200 [01:06<01:59,  1.07it/s]
# Epoch: 72, train_loss: 0.2455, train_acc:0.89298, val_loss: 0.2993, val_acc:0.86275, val_f1:0.7417, test_acc:0.8922, test_f1:0.7881:  36%|███▌      | 72/200 [01:07<01:59,  1.07it/s]
# Epoch: 72, train_loss: 0.2455, train_acc:0.89298, val_loss: 0.2993, val_acc:0.86275, val_f1:0.7417, test_acc:0.8922, test_f1:0.7881:  36%|███▋      | 73/200 [01:07<01:58,  1.07it/s]
# Epoch: 73, train_loss: 0.2423, train_acc:0.8927, val_loss: 0.2984, val_acc:0.86373, val_f1:0.74212, test_acc:0.8922, test_f1:0.7876:  36%|███▋      | 73/200 [01:08<01:58,  1.07it/s]
# Epoch: 73, train_loss: 0.2423, train_acc:0.8927, val_loss: 0.2984, val_acc:0.86373, val_f1:0.74212, test_acc:0.8922, test_f1:0.7876:  37%|███▋      | 74/200 [01:08<01:57,  1.07it/s]
# Epoch: 74, train_loss: 0.2440, train_acc:0.8948, val_loss: 0.2989, val_acc:0.85882, val_f1:0.72932, test_acc:0.8956, test_f1:0.7910:  37%|███▋      | 74/200 [01:09<01:57,  1.07it/s]
# Epoch: 74, train_loss: 0.2440, train_acc:0.8948, val_loss: 0.2989, val_acc:0.85882, val_f1:0.72932, test_acc:0.8956, test_f1:0.7910:  38%|███▊      | 75/200 [01:09<01:56,  1.07it/s]
# Epoch: 75, train_loss: 0.2429, train_acc:0.89494, val_loss: 0.3011, val_acc:0.8549, val_f1:0.71648, test_acc:0.8936, test_f1:0.7801:  38%|███▊      | 75/200 [01:10<01:56,  1.07it/s]
# Epoch: 75, train_loss: 0.2429, train_acc:0.89494, val_loss: 0.3011, val_acc:0.8549, val_f1:0.71648, test_acc:0.8936, test_f1:0.7801:  38%|███▊      | 76/200 [01:10<01:55,  1.08it/s]
# Epoch: 76, train_loss: 0.2407, train_acc:0.8941, val_loss: 0.2997, val_acc:0.85588, val_f1:0.71893, test_acc:0.8961, test_f1:0.7854:  38%|███▊      | 76/200 [01:11<01:55,  1.08it/s]
# Epoch: 76, train_loss: 0.2407, train_acc:0.8941, val_loss: 0.2997, val_acc:0.85588, val_f1:0.71893, test_acc:0.8961, test_f1:0.7854:  38%|███▊      | 77/200 [01:11<01:54,  1.08it/s]
# Epoch: 77, train_loss: 0.2400, train_acc:0.89788, val_loss: 0.2955, val_acc:0.86176, val_f1:0.73446, test_acc:0.9000, test_f1:0.7968:  38%|███▊      | 77/200 [01:12<01:54,  1.08it/s]
# Epoch: 77, train_loss: 0.2400, train_acc:0.89788, val_loss: 0.2955, val_acc:0.86176, val_f1:0.73446, test_acc:0.9000, test_f1:0.7968:  39%|███▉      | 78/200 [01:12<01:53,  1.08it/s]
# Epoch: 78, train_loss: 0.2369, train_acc:0.89564, val_loss: 0.2913, val_acc:0.86373, val_f1:0.74401, test_acc:0.8985, test_f1:0.7996:  39%|███▉      | 78/200 [01:13<01:53,  1.08it/s]
# Epoch: 78, train_loss: 0.2369, train_acc:0.89564, val_loss: 0.2913, val_acc:0.86373, val_f1:0.74401, test_acc:0.8985, test_f1:0.7996:  40%|███▉      | 79/200 [01:13<01:52,  1.08it/s]
# Epoch: 79, train_loss: 0.2369, train_acc:0.8969, val_loss: 0.2900, val_acc:0.86569, val_f1:0.75046, test_acc:0.9000, test_f1:0.8050:  40%|███▉      | 79/200 [01:14<01:52,  1.08it/s] 
# Epoch: 79, train_loss: 0.2369, train_acc:0.8969, val_loss: 0.2900, val_acc:0.86569, val_f1:0.75046, test_acc:0.9000, test_f1:0.8050:  40%|████      | 80/200 [01:14<01:51,  1.07it/s]
# Epoch: 80, train_loss: 0.2317, train_acc:0.89943, val_loss: 0.2901, val_acc:0.86176, val_f1:0.74033, test_acc:0.9000, test_f1:0.8023:  40%|████      | 80/200 [01:15<01:51,  1.07it/s]
# Epoch: 80, train_loss: 0.2317, train_acc:0.89943, val_loss: 0.2901, val_acc:0.86176, val_f1:0.74033, test_acc:0.9000, test_f1:0.8023:  40%|████      | 81/200 [01:15<01:50,  1.07it/s]
# Epoch: 81, train_loss: 0.2319, train_acc:0.89929, val_loss: 0.2915, val_acc:0.86373, val_f1:0.73921, test_acc:0.9010, test_f1:0.8000:  40%|████      | 81/200 [01:16<01:50,  1.07it/s]
# Epoch: 81, train_loss: 0.2319, train_acc:0.89929, val_loss: 0.2915, val_acc:0.86373, val_f1:0.73921, test_acc:0.9010, test_f1:0.8000:  41%|████      | 82/200 [01:16<01:49,  1.08it/s]
# Epoch: 82, train_loss: 0.2315, train_acc:0.90279, val_loss: 0.2934, val_acc:0.86275, val_f1:0.73384, test_acc:0.9005, test_f1:0.7968:  41%|████      | 82/200 [01:17<01:49,  1.08it/s]
# Epoch: 82, train_loss: 0.2315, train_acc:0.90279, val_loss: 0.2934, val_acc:0.86275, val_f1:0.73384, test_acc:0.9005, test_f1:0.7968:  42%|████▏     | 83/200 [01:17<01:48,  1.08it/s]
# Epoch: 83, train_loss: 0.2302, train_acc:0.90433, val_loss: 0.2919, val_acc:0.86078, val_f1:0.73308, test_acc:0.9015, test_f1:0.8012:  42%|████▏     | 83/200 [01:18<01:48,  1.08it/s]
# Epoch: 83, train_loss: 0.2302, train_acc:0.90433, val_loss: 0.2919, val_acc:0.86078, val_f1:0.73308, test_acc:0.9015, test_f1:0.8012:  42%|████▏     | 84/200 [01:18<01:47,  1.08it/s]
# Epoch: 84, train_loss: 0.2275, train_acc:0.90531, val_loss: 0.2888, val_acc:0.86765, val_f1:0.75588, test_acc:0.9044, test_f1:0.8134:  42%|████▏     | 84/200 [01:19<01:47,  1.08it/s]
# Epoch: 84, train_loss: 0.2275, train_acc:0.90531, val_loss: 0.2888, val_acc:0.86765, val_f1:0.75588, test_acc:0.9044, test_f1:0.8134:  42%|████▎     | 85/200 [01:19<01:46,  1.08it/s]
# Epoch: 85, train_loss: 0.2255, train_acc:0.90377, val_loss: 0.2870, val_acc:0.86863, val_f1:0.75812, test_acc:0.9064, test_f1:0.8186:  42%|████▎     | 85/200 [01:19<01:46,  1.08it/s]
# Epoch: 85, train_loss: 0.2255, train_acc:0.90377, val_loss: 0.2870, val_acc:0.86863, val_f1:0.75812, test_acc:0.9064, test_f1:0.8186:  43%|████▎     | 86/200 [01:19<01:46,  1.07it/s]
# Epoch: 86, train_loss: 0.2261, train_acc:0.90307, val_loss: 0.2878, val_acc:0.86471, val_f1:0.74349, test_acc:0.9034, test_f1:0.8055:  43%|████▎     | 86/200 [01:20<01:46,  1.07it/s]
# Epoch: 86, train_loss: 0.2261, train_acc:0.90307, val_loss: 0.2878, val_acc:0.86471, val_f1:0.74349, test_acc:0.9034, test_f1:0.8055:  44%|████▎     | 87/200 [01:20<01:45,  1.08it/s]
# Epoch: 87, train_loss: 0.2226, train_acc:0.90335, val_loss: 0.2930, val_acc:0.86275, val_f1:0.72763, test_acc:0.9044, test_f1:0.8024:  44%|████▎     | 87/200 [01:21<01:45,  1.08it/s]
# Epoch: 87, train_loss: 0.2226, train_acc:0.90335, val_loss: 0.2930, val_acc:0.86275, val_f1:0.72763, test_acc:0.9044, test_f1:0.8024:  44%|████▍     | 88/200 [01:21<01:43,  1.08it/s]
# Epoch: 88, train_loss: 0.2240, train_acc:0.90475, val_loss: 0.2960, val_acc:0.8598, val_f1:0.71683, test_acc:0.9024, test_f1:0.7959:  44%|████▍     | 88/200 [01:22<01:43,  1.08it/s] 
# Epoch: 88, train_loss: 0.2240, train_acc:0.90475, val_loss: 0.2960, val_acc:0.8598, val_f1:0.71683, test_acc:0.9024, test_f1:0.7959:  44%|████▍     | 89/200 [01:22<01:42,  1.08it/s]
# Epoch: 89, train_loss: 0.2213, train_acc:0.90685, val_loss: 0.2921, val_acc:0.86471, val_f1:0.73256, test_acc:0.9029, test_f1:0.8000:  44%|████▍     | 89/200 [01:23<01:42,  1.08it/s]
# Epoch: 89, train_loss: 0.2213, train_acc:0.90685, val_loss: 0.2921, val_acc:0.86471, val_f1:0.73256, test_acc:0.9029, test_f1:0.8000:  45%|████▌     | 90/200 [01:23<01:41,  1.08it/s]
# Epoch: 90, train_loss: 0.2215, train_acc:0.90657, val_loss: 0.2862, val_acc:0.86863, val_f1:0.75185, test_acc:0.9078, test_f1:0.8168:  45%|████▌     | 90/200 [01:24<01:41,  1.08it/s]
# Epoch: 90, train_loss: 0.2215, train_acc:0.90657, val_loss: 0.2862, val_acc:0.86863, val_f1:0.75185, test_acc:0.9078, test_f1:0.8168:  46%|████▌     | 91/200 [01:24<01:41,  1.08it/s]
# Epoch: 91, train_loss: 0.2206, train_acc:0.90559, val_loss: 0.2823, val_acc:0.87255, val_f1:0.76703, test_acc:0.9088, test_f1:0.8242:  46%|████▌     | 91/200 [01:25<01:41,  1.08it/s]
# Epoch: 91, train_loss: 0.2206, train_acc:0.90559, val_loss: 0.2823, val_acc:0.87255, val_f1:0.76703, test_acc:0.9088, test_f1:0.8242:  46%|████▌     | 92/200 [01:25<01:40,  1.07it/s]
# Epoch: 92, train_loss: 0.2176, train_acc:0.90783, val_loss: 0.2804, val_acc:0.87843, val_f1:0.78092, test_acc:0.9083, test_f1:0.8270:  46%|████▌     | 92/200 [01:26<01:40,  1.07it/s]
# Epoch: 92, train_loss: 0.2176, train_acc:0.90783, val_loss: 0.2804, val_acc:0.87843, val_f1:0.78092, test_acc:0.9083, test_f1:0.8270:  46%|████▋     | 93/200 [01:26<01:39,  1.07it/s]
# Epoch: 93, train_loss: 0.2169, train_acc:0.90713, val_loss: 0.2789, val_acc:0.88039, val_f1:0.78369, test_acc:0.9083, test_f1:0.8254:  46%|████▋     | 93/200 [01:27<01:39,  1.07it/s]
# Epoch: 93, train_loss: 0.2169, train_acc:0.90713, val_loss: 0.2789, val_acc:0.88039, val_f1:0.78369, test_acc:0.9083, test_f1:0.8254:  47%|████▋     | 94/200 [01:27<01:39,  1.07it/s]
# Epoch: 94, train_loss: 0.2144, train_acc:0.90839, val_loss: 0.2772, val_acc:0.87549, val_f1:0.77199, test_acc:0.9093, test_f1:0.8233:  47%|████▋     | 94/200 [01:28<01:39,  1.07it/s]
# Epoch: 94, train_loss: 0.2144, train_acc:0.90839, val_loss: 0.2772, val_acc:0.87549, val_f1:0.77199, test_acc:0.9093, test_f1:0.8233:  48%|████▊     | 95/200 [01:28<01:37,  1.07it/s]
# Epoch: 95, train_loss: 0.2151, train_acc:0.90825, val_loss: 0.2773, val_acc:0.87353, val_f1:0.76673, test_acc:0.9088, test_f1:0.8208:  48%|████▊     | 95/200 [01:29<01:37,  1.07it/s]
# Epoch: 95, train_loss: 0.2151, train_acc:0.90825, val_loss: 0.2773, val_acc:0.87353, val_f1:0.76673, test_acc:0.9088, test_f1:0.8208:  48%|████▊     | 96/200 [01:29<01:36,  1.08it/s]
# Epoch: 96, train_loss: 0.2155, train_acc:0.90643, val_loss: 0.2769, val_acc:0.87843, val_f1:0.77857, test_acc:0.9108, test_f1:0.8280:  48%|████▊     | 96/200 [01:30<01:36,  1.08it/s]
# Epoch: 96, train_loss: 0.2155, train_acc:0.90643, val_loss: 0.2769, val_acc:0.87843, val_f1:0.77857, test_acc:0.9108, test_f1:0.8280:  48%|████▊     | 97/200 [01:30<01:35,  1.08it/s]
# Epoch: 97, train_loss: 0.2143, train_acc:0.90965, val_loss: 0.2770, val_acc:0.87941, val_f1:0.78307, test_acc:0.9103, test_f1:0.8291:  48%|████▊     | 97/200 [01:31<01:35,  1.08it/s]
# Epoch: 97, train_loss: 0.2143, train_acc:0.90965, val_loss: 0.2770, val_acc:0.87941, val_f1:0.78307, test_acc:0.9103, test_f1:0.8291:  49%|████▉     | 98/200 [01:31<01:34,  1.08it/s]
# Epoch: 98, train_loss: 0.2103, train_acc:0.91105, val_loss: 0.2761, val_acc:0.88137, val_f1:0.7866, test_acc:0.9108, test_f1:0.8302:  49%|████▉     | 98/200 [01:32<01:34,  1.08it/s] 
# Epoch: 98, train_loss: 0.2103, train_acc:0.91105, val_loss: 0.2761, val_acc:0.88137, val_f1:0.7866, test_acc:0.9108, test_f1:0.8302:  50%|████▉     | 99/200 [01:32<01:33,  1.08it/s]
# Epoch: 99, train_loss: 0.2123, train_acc:0.90937, val_loss: 0.2751, val_acc:0.87843, val_f1:0.77936, test_acc:0.9113, test_f1:0.8297:  50%|████▉     | 99/200 [01:32<01:33,  1.08it/s]
# Epoch: 99, train_loss: 0.2123, train_acc:0.90937, val_loss: 0.2751, val_acc:0.87843, val_f1:0.77936, test_acc:0.9113, test_f1:0.8297:  50%|█████     | 100/200 [01:32<01:32,  1.08it/s]
# Epoch: 100, train_loss: 0.2082, train_acc:0.91035, val_loss: 0.2764, val_acc:0.87745, val_f1:0.77314, test_acc:0.9093, test_f1:0.8223:  50%|█████     | 100/200 [01:33<01:32,  1.08it/s]
# Epoch: 100, train_loss: 0.2082, train_acc:0.91035, val_loss: 0.2764, val_acc:0.87745, val_f1:0.77314, test_acc:0.9093, test_f1:0.8223:  50%|█████     | 101/200 [01:33<01:31,  1.08it/s]
# Epoch: 101, train_loss: 0.2062, train_acc:0.91049, val_loss: 0.2763, val_acc:0.87745, val_f1:0.77231, test_acc:0.9113, test_f1:0.8251:  50%|█████     | 101/200 [01:34<01:31,  1.08it/s]
# Epoch: 101, train_loss: 0.2062, train_acc:0.91049, val_loss: 0.2763, val_acc:0.87745, val_f1:0.77231, test_acc:0.9113, test_f1:0.8251:  51%|█████     | 102/200 [01:34<01:30,  1.08it/s]
# Epoch: 102, train_loss: 0.2058, train_acc:0.91147, val_loss: 0.2777, val_acc:0.87843, val_f1:0.77372, test_acc:0.9108, test_f1:0.8216:  51%|█████     | 102/200 [01:35<01:30,  1.08it/s]
# Epoch: 102, train_loss: 0.2058, train_acc:0.91147, val_loss: 0.2777, val_acc:0.87843, val_f1:0.77372, test_acc:0.9108, test_f1:0.8216:  52%|█████▏    | 103/200 [01:35<01:29,  1.08it/s]
# Epoch: 103, train_loss: 0.2074, train_acc:0.91343, val_loss: 0.2822, val_acc:0.86961, val_f1:0.7457, test_acc:0.9069, test_f1:0.8108:  52%|█████▏    | 103/200 [01:36<01:29,  1.08it/s] 
# Epoch: 103, train_loss: 0.2074, train_acc:0.91343, val_loss: 0.2822, val_acc:0.86961, val_f1:0.7457, test_acc:0.9069, test_f1:0.8108:  52%|█████▏    | 104/200 [01:36<01:28,  1.08it/s]
# Epoch: 104, train_loss: 0.2053, train_acc:0.91287, val_loss: 0.2786, val_acc:0.86961, val_f1:0.75233, test_acc:0.9098, test_f1:0.8189:  52%|█████▏    | 104/200 [01:37<01:28,  1.08it/s]
# Epoch: 104, train_loss: 0.2053, train_acc:0.91287, val_loss: 0.2786, val_acc:0.86961, val_f1:0.75233, test_acc:0.9098, test_f1:0.8189:  52%|█████▎    | 105/200 [01:37<01:27,  1.08it/s]
# Epoch: 105, train_loss: 0.2087, train_acc:0.91077, val_loss: 0.2739, val_acc:0.87549, val_f1:0.77034, test_acc:0.9098, test_f1:0.8237:  52%|█████▎    | 105/200 [01:38<01:27,  1.08it/s]
# Epoch: 105, train_loss: 0.2087, train_acc:0.91077, val_loss: 0.2739, val_acc:0.87549, val_f1:0.77034, test_acc:0.9098, test_f1:0.8237:  53%|█████▎    | 106/200 [01:38<01:27,  1.08it/s]
# Epoch: 106, train_loss: 0.2036, train_acc:0.91217, val_loss: 0.2707, val_acc:0.87451, val_f1:0.76812, test_acc:0.9142, test_f1:0.8332:  53%|█████▎    | 106/200 [01:39<01:27,  1.08it/s]
# Epoch: 106, train_loss: 0.2036, train_acc:0.91217, val_loss: 0.2707, val_acc:0.87451, val_f1:0.76812, test_acc:0.9142, test_f1:0.8332:  54%|█████▎    | 107/200 [01:39<01:26,  1.08it/s]
# Epoch: 107, train_loss: 0.2011, train_acc:0.91273, val_loss: 0.2702, val_acc:0.87549, val_f1:0.77034, test_acc:0.9152, test_f1:0.8345:  54%|█████▎    | 107/200 [01:40<01:26,  1.08it/s]
# Epoch: 107, train_loss: 0.2011, train_acc:0.91273, val_loss: 0.2702, val_acc:0.87549, val_f1:0.77034, test_acc:0.9152, test_f1:0.8345:  54%|█████▍    | 108/200 [01:40<01:25,  1.08it/s]
# Epoch: 108, train_loss: 0.1976, train_acc:0.9189, val_loss: 0.2702, val_acc:0.87843, val_f1:0.77778, test_acc:0.9132, test_f1:0.8335:  54%|█████▍    | 108/200 [01:41<01:25,  1.08it/s] 
# Epoch: 108, train_loss: 0.1976, train_acc:0.9189, val_loss: 0.2702, val_acc:0.87843, val_f1:0.77778, test_acc:0.9132, test_f1:0.8335:  55%|█████▍    | 109/200 [01:41<01:24,  1.08it/s]
# Epoch: 109, train_loss: 0.1994, train_acc:0.9175, val_loss: 0.2708, val_acc:0.88039, val_f1:0.77978, test_acc:0.9108, test_f1:0.8267:  55%|█████▍    | 109/200 [01:42<01:24,  1.08it/s]
# Epoch: 109, train_loss: 0.1994, train_acc:0.9175, val_loss: 0.2708, val_acc:0.88039, val_f1:0.77978, test_acc:0.9108, test_f1:0.8267:  55%|█████▌    | 110/200 [01:42<01:23,  1.08it/s]
# Epoch: 110, train_loss: 0.1983, train_acc:0.91455, val_loss: 0.2712, val_acc:0.87647, val_f1:0.77091, test_acc:0.9098, test_f1:0.8234:  55%|█████▌    | 110/200 [01:43<01:23,  1.08it/s]
# Epoch: 110, train_loss: 0.1983, train_acc:0.91455, val_loss: 0.2712, val_acc:0.87647, val_f1:0.77091, test_acc:0.9098, test_f1:0.8234:  56%|█████▌    | 111/200 [01:43<01:22,  1.08it/s]
# Epoch: 111, train_loss: 0.1991, train_acc:0.91736, val_loss: 0.2714, val_acc:0.87451, val_f1:0.76471, test_acc:0.9113, test_f1:0.8231:  56%|█████▌    | 111/200 [01:44<01:22,  1.08it/s]
# Epoch: 111, train_loss: 0.1991, train_acc:0.91736, val_loss: 0.2714, val_acc:0.87451, val_f1:0.76471, test_acc:0.9113, test_f1:0.8231:  56%|█████▌    | 112/200 [01:44<01:21,  1.08it/s]
# Epoch: 112, train_loss: 0.1984, train_acc:0.91595, val_loss: 0.2705, val_acc:0.87647, val_f1:0.76923, test_acc:0.9123, test_f1:0.8260:  56%|█████▌    | 112/200 [01:44<01:21,  1.08it/s]
# Epoch: 112, train_loss: 0.1984, train_acc:0.91595, val_loss: 0.2705, val_acc:0.87647, val_f1:0.76923, test_acc:0.9123, test_f1:0.8260:  56%|█████▋    | 113/200 [01:44<01:20,  1.08it/s]
# Epoch: 113, train_loss: 0.1949, train_acc:0.91736, val_loss: 0.2695, val_acc:0.88235, val_f1:0.78417, test_acc:0.9123, test_f1:0.8290:  56%|█████▋    | 113/200 [01:45<01:20,  1.08it/s]
# Epoch: 113, train_loss: 0.1949, train_acc:0.91736, val_loss: 0.2695, val_acc:0.88235, val_f1:0.78417, test_acc:0.9123, test_f1:0.8290:  57%|█████▋    | 114/200 [01:45<01:19,  1.08it/s]
# Epoch: 114, train_loss: 0.1948, train_acc:0.91806, val_loss: 0.2689, val_acc:0.88431, val_f1:0.79078, test_acc:0.9123, test_f1:0.8319:  57%|█████▋    | 114/200 [01:46<01:19,  1.08it/s]
# Epoch: 114, train_loss: 0.1948, train_acc:0.91806, val_loss: 0.2689, val_acc:0.88431, val_f1:0.79078, test_acc:0.9123, test_f1:0.8319:  57%|█████▊    | 115/200 [01:46<01:19,  1.07it/s]
# Epoch: 115, train_loss: 0.1942, train_acc:0.91497, val_loss: 0.2704, val_acc:0.88529, val_f1:0.79723, test_acc:0.9118, test_f1:0.8339:  57%|█████▊    | 115/200 [01:47<01:19,  1.07it/s]
# Epoch: 115, train_loss: 0.1942, train_acc:0.91497, val_loss: 0.2704, val_acc:0.88529, val_f1:0.79723, test_acc:0.9118, test_f1:0.8339:  58%|█████▊    | 116/200 [01:47<01:18,  1.07it/s]
# Epoch: 116, train_loss: 0.1931, train_acc:0.9189, val_loss: 0.2692, val_acc:0.88333, val_f1:0.79159, test_acc:0.9118, test_f1:0.8321:  58%|█████▊    | 116/200 [01:48<01:18,  1.07it/s] 
# Epoch: 116, train_loss: 0.1931, train_acc:0.9189, val_loss: 0.2692, val_acc:0.88333, val_f1:0.79159, test_acc:0.9118, test_f1:0.8321:  58%|█████▊    | 117/200 [01:48<01:17,  1.07it/s]
# Epoch: 117, train_loss: 0.1948, train_acc:0.91792, val_loss: 0.2693, val_acc:0.88137, val_f1:0.78354, test_acc:0.9118, test_f1:0.8282:  58%|█████▊    | 117/200 [01:49<01:17,  1.07it/s]
# Epoch: 117, train_loss: 0.1948, train_acc:0.91792, val_loss: 0.2693, val_acc:0.88137, val_f1:0.78354, test_acc:0.9118, test_f1:0.8282:  59%|█████▉    | 118/200 [01:49<01:16,  1.08it/s]
# Epoch: 118, train_loss: 0.1902, train_acc:0.92044, val_loss: 0.2699, val_acc:0.88137, val_f1:0.78354, test_acc:0.9123, test_f1:0.8290:  59%|█████▉    | 118/200 [01:50<01:16,  1.08it/s]
# Epoch: 118, train_loss: 0.1902, train_acc:0.92044, val_loss: 0.2699, val_acc:0.88137, val_f1:0.78354, test_acc:0.9123, test_f1:0.8290:  60%|█████▉    | 119/200 [01:50<01:15,  1.08it/s]
# Epoch: 119, train_loss: 0.1908, train_acc:0.92044, val_loss: 0.2686, val_acc:0.88333, val_f1:0.78788, test_acc:0.9137, test_f1:0.8324:  60%|█████▉    | 119/200 [01:51<01:15,  1.08it/s]
# Epoch: 119, train_loss: 0.1908, train_acc:0.92044, val_loss: 0.2686, val_acc:0.88333, val_f1:0.78788, test_acc:0.9137, test_f1:0.8324:  60%|██████    | 120/200 [01:51<01:14,  1.08it/s]
# Epoch: 120, train_loss: 0.1915, train_acc:0.91876, val_loss: 0.2663, val_acc:0.88235, val_f1:0.78648, test_acc:0.9137, test_f1:0.8330:  60%|██████    | 120/200 [01:52<01:14,  1.08it/s]
# Epoch: 120, train_loss: 0.1915, train_acc:0.91876, val_loss: 0.2663, val_acc:0.88235, val_f1:0.78648, test_acc:0.9137, test_f1:0.8330:  60%|██████    | 121/200 [01:52<01:13,  1.08it/s]
# Epoch: 121, train_loss: 0.1939, train_acc:0.92002, val_loss: 0.2658, val_acc:0.88431, val_f1:0.79371, test_acc:0.9142, test_f1:0.8366:  60%|██████    | 121/200 [01:53<01:13,  1.08it/s]
# Epoch: 121, train_loss: 0.1939, train_acc:0.92002, val_loss: 0.2658, val_acc:0.88431, val_f1:0.79371, test_acc:0.9142, test_f1:0.8366:  61%|██████    | 122/200 [01:53<01:12,  1.08it/s]
# Epoch: 122, train_loss: 0.1921, train_acc:0.91862, val_loss: 0.2650, val_acc:0.88529, val_f1:0.79581, test_acc:0.9147, test_f1:0.8374:  61%|██████    | 122/200 [01:54<01:12,  1.08it/s]
# Epoch: 122, train_loss: 0.1921, train_acc:0.91862, val_loss: 0.2650, val_acc:0.88529, val_f1:0.79581, test_acc:0.9147, test_f1:0.8374:  62%|██████▏   | 123/200 [01:54<01:11,  1.08it/s]
# Epoch: 123, train_loss: 0.1889, train_acc:0.92086, val_loss: 0.2653, val_acc:0.88529, val_f1:0.78689, test_acc:0.9157, test_f1:0.8343:  62%|██████▏   | 123/200 [01:55<01:11,  1.08it/s]
# Epoch: 123, train_loss: 0.1889, train_acc:0.92086, val_loss: 0.2653, val_acc:0.88529, val_f1:0.78689, test_acc:0.9157, test_f1:0.8343:  62%|██████▏   | 124/200 [01:55<01:10,  1.07it/s]
# Epoch: 124, train_loss: 0.1890, train_acc:0.92282, val_loss: 0.2656, val_acc:0.88431, val_f1:0.78853, test_acc:0.9157, test_f1:0.8362:  62%|██████▏   | 124/200 [01:56<01:10,  1.07it/s]
# Epoch: 124, train_loss: 0.1890, train_acc:0.92282, val_loss: 0.2656, val_acc:0.88431, val_f1:0.78853, test_acc:0.9157, test_f1:0.8362:  62%|██████▎   | 125/200 [01:56<01:09,  1.08it/s]
# Epoch: 125, train_loss: 0.1856, train_acc:0.9238, val_loss: 0.2658, val_acc:0.88725, val_f1:0.7986, test_acc:0.9152, test_f1:0.8382:  62%|██████▎   | 125/200 [01:57<01:09,  1.08it/s]  
# Epoch: 125, train_loss: 0.1856, train_acc:0.9238, val_loss: 0.2658, val_acc:0.88725, val_f1:0.7986, test_acc:0.9152, test_f1:0.8382:  63%|██████▎   | 126/200 [01:57<01:08,  1.07it/s]
# Epoch: 126, train_loss: 0.1872, train_acc:0.92086, val_loss: 0.2643, val_acc:0.88824, val_f1:0.7993, test_acc:0.9162, test_f1:0.8397:  63%|██████▎   | 126/200 [01:58<01:08,  1.07it/s]
# Epoch: 126, train_loss: 0.1872, train_acc:0.92086, val_loss: 0.2643, val_acc:0.88824, val_f1:0.7993, test_acc:0.9162, test_f1:0.8397:  64%|██████▎   | 127/200 [01:58<01:08,  1.07it/s]
# Epoch: 127, train_loss: 0.1858, train_acc:0.92268, val_loss: 0.2644, val_acc:0.88824, val_f1:0.79496, test_acc:0.9147, test_f1:0.8333:  64%|██████▎   | 127/200 [01:58<01:08,  1.07it/s]
# Epoch: 127, train_loss: 0.1858, train_acc:0.92268, val_loss: 0.2644, val_acc:0.88824, val_f1:0.79496, test_acc:0.9147, test_f1:0.8333:  64%|██████▍   | 128/200 [01:58<01:07,  1.07it/s]
# Epoch: 128, train_loss: 0.1863, train_acc:0.91918, val_loss: 0.2645, val_acc:0.88725, val_f1:0.79354, test_acc:0.9147, test_f1:0.8333:  64%|██████▍   | 128/200 [01:59<01:07,  1.07it/s]
# Epoch: 128, train_loss: 0.1863, train_acc:0.91918, val_loss: 0.2645, val_acc:0.88725, val_f1:0.79354, test_acc:0.9147, test_f1:0.8333:  64%|██████▍   | 129/200 [01:59<01:06,  1.07it/s]
# Epoch: 129, train_loss: 0.1858, train_acc:0.92296, val_loss: 0.2636, val_acc:0.88725, val_f1:0.79501, test_acc:0.9157, test_f1:0.8377:  64%|██████▍   | 129/200 [02:00<01:06,  1.07it/s]
# Epoch: 129, train_loss: 0.1858, train_acc:0.92296, val_loss: 0.2636, val_acc:0.88725, val_f1:0.79501, test_acc:0.9157, test_f1:0.8377:  65%|██████▌   | 130/200 [02:00<01:05,  1.08it/s]
# Epoch: 130, train_loss: 0.1834, train_acc:0.92436, val_loss: 0.2660, val_acc:0.89118, val_f1:0.80696, test_acc:0.9152, test_f1:0.8391:  65%|██████▌   | 130/200 [02:01<01:05,  1.08it/s]
# Epoch: 130, train_loss: 0.1834, train_acc:0.92436, val_loss: 0.2660, val_acc:0.89118, val_f1:0.80696, test_acc:0.9152, test_f1:0.8391:  66%|██████▌   | 131/200 [02:01<01:04,  1.07it/s]
# Epoch: 131, train_loss: 0.1831, train_acc:0.92352, val_loss: 0.2667, val_acc:0.89314, val_f1:0.81109, test_acc:0.9147, test_f1:0.8383:  66%|██████▌   | 131/200 [02:02<01:04,  1.07it/s]
# Epoch: 131, train_loss: 0.1831, train_acc:0.92352, val_loss: 0.2667, val_acc:0.89314, val_f1:0.81109, test_acc:0.9147, test_f1:0.8383:  66%|██████▌   | 132/200 [02:02<01:03,  1.07it/s]
# Epoch: 132, train_loss: 0.1787, train_acc:0.92478, val_loss: 0.2645, val_acc:0.88725, val_f1:0.79574, test_acc:0.9147, test_f1:0.8352:  66%|██████▌   | 132/200 [02:03<01:03,  1.07it/s]
# Epoch: 132, train_loss: 0.1787, train_acc:0.92478, val_loss: 0.2645, val_acc:0.88725, val_f1:0.79574, test_acc:0.9147, test_f1:0.8352:  66%|██████▋   | 133/200 [02:03<01:02,  1.07it/s]
# Epoch: 133, train_loss: 0.1835, train_acc:0.92296, val_loss: 0.2635, val_acc:0.88922, val_f1:0.79785, test_acc:0.9132, test_f1:0.8316:  66%|██████▋   | 133/200 [02:04<01:02,  1.07it/s]
# Epoch: 133, train_loss: 0.1835, train_acc:0.92296, val_loss: 0.2635, val_acc:0.88922, val_f1:0.79785, test_acc:0.9132, test_f1:0.8316:  67%|██████▋   | 134/200 [02:04<01:01,  1.08it/s]
# Epoch: 134, train_loss: 0.1813, train_acc:0.92352, val_loss: 0.2642, val_acc:0.89412, val_f1:0.81053, test_acc:0.9147, test_f1:0.8368:  67%|██████▋   | 134/200 [02:05<01:01,  1.08it/s]
# Epoch: 134, train_loss: 0.1813, train_acc:0.92352, val_loss: 0.2642, val_acc:0.89412, val_f1:0.81053, test_acc:0.9147, test_f1:0.8368:  68%|██████▊   | 135/200 [02:05<01:00,  1.07it/s]
# Epoch: 135, train_loss: 0.1797, train_acc:0.92422, val_loss: 0.2663, val_acc:0.8951, val_f1:0.81456, test_acc:0.9157, test_f1:0.8401:  68%|██████▊   | 135/200 [02:06<01:00,  1.07it/s] 
# Epoch: 135, train_loss: 0.1797, train_acc:0.92422, val_loss: 0.2663, val_acc:0.8951, val_f1:0.81456, test_acc:0.9157, test_f1:0.8401:  68%|██████▊   | 136/200 [02:06<00:59,  1.07it/s]
# Epoch: 136, train_loss: 0.1793, train_acc:0.92478, val_loss: 0.2658, val_acc:0.89216, val_f1:0.80969, test_acc:0.9167, test_f1:0.8423:  68%|██████▊   | 136/200 [02:07<00:59,  1.07it/s]
# Epoch: 136, train_loss: 0.1793, train_acc:0.92478, val_loss: 0.2658, val_acc:0.89216, val_f1:0.80969, test_acc:0.9167, test_f1:0.8423:  68%|██████▊   | 137/200 [02:07<00:58,  1.07it/s]
# Epoch: 137, train_loss: 0.1796, train_acc:0.9224, val_loss: 0.2623, val_acc:0.88922, val_f1:0.8, test_acc:0.9157, test_f1:0.8371:  68%|██████▊   | 137/200 [02:08<00:58,  1.07it/s]     
# Epoch: 137, train_loss: 0.1796, train_acc:0.9224, val_loss: 0.2623, val_acc:0.88922, val_f1:0.8, test_acc:0.9157, test_f1:0.8371:  69%|██████▉   | 138/200 [02:08<00:57,  1.08it/s]
# Epoch: 138, train_loss: 0.1790, train_acc:0.92548, val_loss: 0.2618, val_acc:0.89118, val_f1:0.80284, test_acc:0.9157, test_f1:0.8368:  69%|██████▉   | 138/200 [02:09<00:57,  1.08it/s]
# Epoch: 138, train_loss: 0.1790, train_acc:0.92548, val_loss: 0.2618, val_acc:0.89118, val_f1:0.80284, test_acc:0.9157, test_f1:0.8368:  70%|██████▉   | 139/200 [02:09<00:56,  1.08it/s]
# Epoch: 139, train_loss: 0.1780, train_acc:0.92562, val_loss: 0.2631, val_acc:0.89314, val_f1:0.80776, test_acc:0.9162, test_f1:0.8391:  70%|██████▉   | 139/200 [02:10<00:56,  1.08it/s]
# Epoch: 139, train_loss: 0.1780, train_acc:0.92562, val_loss: 0.2631, val_acc:0.89314, val_f1:0.80776, test_acc:0.9162, test_f1:0.8391:  70%|███████   | 140/200 [02:10<00:55,  1.08it/s]
# Epoch: 140, train_loss: 0.1744, train_acc:0.92828, val_loss: 0.2658, val_acc:0.89216, val_f1:0.80702, test_acc:0.9147, test_f1:0.8365:  70%|███████   | 140/200 [02:11<00:55,  1.08it/s]
# Epoch: 140, train_loss: 0.1744, train_acc:0.92828, val_loss: 0.2658, val_acc:0.89216, val_f1:0.80702, test_acc:0.9147, test_f1:0.8365:  70%|███████   | 141/200 [02:11<00:54,  1.08it/s]
# Epoch: 141, train_loss: 0.1779, train_acc:0.92408, val_loss: 0.2671, val_acc:0.89118, val_f1:0.80423, test_acc:0.9142, test_f1:0.8347:  70%|███████   | 141/200 [02:11<00:54,  1.08it/s]
# Epoch: 141, train_loss: 0.1779, train_acc:0.92408, val_loss: 0.2671, val_acc:0.89118, val_f1:0.80423, test_acc:0.9142, test_f1:0.8347:  71%|███████   | 142/200 [02:11<00:53,  1.08it/s]
# Epoch: 142, train_loss: 0.1768, train_acc:0.9259, val_loss: 0.2657, val_acc:0.89216, val_f1:0.80634, test_acc:0.9152, test_f1:0.8360:  71%|███████   | 142/200 [02:12<00:53,  1.08it/s] 
# Epoch: 142, train_loss: 0.1768, train_acc:0.9259, val_loss: 0.2657, val_acc:0.89216, val_f1:0.80634, test_acc:0.9152, test_f1:0.8360:  72%|███████▏  | 143/200 [02:12<00:52,  1.08it/s]
# Epoch: 143, train_loss: 0.1760, train_acc:0.92702, val_loss: 0.2649, val_acc:0.89314, val_f1:0.80776, test_acc:0.9152, test_f1:0.8360:  72%|███████▏  | 143/200 [02:13<00:52,  1.08it/s]
# Epoch: 143, train_loss: 0.1760, train_acc:0.92702, val_loss: 0.2649, val_acc:0.89314, val_f1:0.80776, test_acc:0.9152, test_f1:0.8360:  72%|███████▏  | 144/200 [02:13<00:51,  1.08it/s]
# Epoch: 144, train_loss: 0.1738, train_acc:0.92996, val_loss: 0.2653, val_acc:0.89412, val_f1:0.81119, test_acc:0.9186, test_f1:0.8446:  72%|███████▏  | 144/200 [02:14<00:51,  1.08it/s]
# Epoch: 144, train_loss: 0.1738, train_acc:0.92996, val_loss: 0.2653, val_acc:0.89412, val_f1:0.81119, test_acc:0.9186, test_f1:0.8446:  72%|███████▎  | 145/200 [02:14<00:50,  1.08it/s]
# Epoch: 145, train_loss: 0.1733, train_acc:0.92898, val_loss: 0.2674, val_acc:0.89412, val_f1:0.81315, test_acc:0.9181, test_f1:0.8455:  72%|███████▎  | 145/200 [02:15<00:50,  1.08it/s]
# Epoch: 145, train_loss: 0.1733, train_acc:0.92898, val_loss: 0.2674, val_acc:0.89412, val_f1:0.81315, test_acc:0.9181, test_f1:0.8455:  73%|███████▎  | 146/200 [02:15<00:49,  1.08it/s]
# Epoch: 146, train_loss: 0.1753, train_acc:0.92856, val_loss: 0.2694, val_acc:0.89314, val_f1:0.81109, test_acc:0.9191, test_f1:0.8482:  73%|███████▎  | 146/200 [02:16<00:49,  1.08it/s]
# Epoch: 146, train_loss: 0.1753, train_acc:0.92856, val_loss: 0.2694, val_acc:0.89314, val_f1:0.81109, test_acc:0.9191, test_f1:0.8482:  74%|███████▎  | 147/200 [02:16<00:49,  1.08it/s]
# Epoch: 147, train_loss: 0.1749, train_acc:0.92856, val_loss: 0.2672, val_acc:0.89216, val_f1:0.80357, test_acc:0.9142, test_f1:0.8332:  74%|███████▎  | 147/200 [02:17<00:49,  1.08it/s]
# Epoch: 147, train_loss: 0.1749, train_acc:0.92856, val_loss: 0.2672, val_acc:0.89216, val_f1:0.80357, test_acc:0.9142, test_f1:0.8332:  74%|███████▍  | 148/200 [02:17<00:48,  1.08it/s]
# Epoch: 148, train_loss: 0.1712, train_acc:0.9287, val_loss: 0.2662, val_acc:0.88725, val_f1:0.79129, test_acc:0.9132, test_f1:0.8283:  74%|███████▍  | 148/200 [02:18<00:48,  1.08it/s] 
# Epoch: 148, train_loss: 0.1712, train_acc:0.9287, val_loss: 0.2662, val_acc:0.88725, val_f1:0.79129, test_acc:0.9132, test_f1:0.8283:  74%|███████▍  | 149/200 [02:18<00:47,  1.08it/s]
# Epoch: 149, train_loss: 0.1736, train_acc:0.9259, val_loss: 0.2660, val_acc:0.89216, val_f1:0.80287, test_acc:0.9152, test_f1:0.8332:  74%|███████▍  | 149/200 [02:19<00:47,  1.08it/s]
# Epoch: 149, train_loss: 0.1736, train_acc:0.9259, val_loss: 0.2660, val_acc:0.89216, val_f1:0.80287, test_acc:0.9152, test_f1:0.8332:  75%|███████▌  | 150/200 [02:19<00:46,  1.08it/s]
# Epoch: 150, train_loss: 0.1694, train_acc:0.93304, val_loss: 0.2669, val_acc:0.89216, val_f1:0.80969, test_acc:0.9172, test_f1:0.8434:  75%|███████▌  | 150/200 [02:20<00:46,  1.08it/s]
# Epoch: 150, train_loss: 0.1694, train_acc:0.93304, val_loss: 0.2669, val_acc:0.89216, val_f1:0.80969, test_acc:0.9172, test_f1:0.8434:  76%|███████▌  | 151/200 [02:20<00:45,  1.08it/s]
# Epoch: 151, train_loss: 0.1707, train_acc:0.92828, val_loss: 0.2697, val_acc:0.89216, val_f1:0.81164, test_acc:0.9157, test_f1:0.8425:  76%|███████▌  | 151/200 [02:21<00:45,  1.08it/s]
# Epoch: 151, train_loss: 0.1707, train_acc:0.92828, val_loss: 0.2697, val_acc:0.89216, val_f1:0.81164, test_acc:0.9157, test_f1:0.8425:  76%|███████▌  | 152/200 [02:21<00:44,  1.08it/s]
# Epoch: 152, train_loss: 0.1688, train_acc:0.9301, val_loss: 0.2688, val_acc:0.89216, val_f1:0.80903, test_acc:0.9181, test_f1:0.8455:  76%|███████▌  | 152/200 [02:22<00:44,  1.08it/s] 
# Epoch: 152, train_loss: 0.1688, train_acc:0.9301, val_loss: 0.2688, val_acc:0.89216, val_f1:0.80903, test_acc:0.9181, test_f1:0.8455:  76%|███████▋  | 153/200 [02:22<00:43,  1.08it/s]
# Epoch: 153, train_loss: 0.1700, train_acc:0.9308, val_loss: 0.2676, val_acc:0.89216, val_f1:0.80634, test_acc:0.9181, test_f1:0.8423:  76%|███████▋  | 153/200 [02:23<00:43,  1.08it/s]
# Epoch: 153, train_loss: 0.1700, train_acc:0.9308, val_loss: 0.2676, val_acc:0.89216, val_f1:0.80634, test_acc:0.9181, test_f1:0.8423:  77%|███████▋  | 154/200 [02:23<00:42,  1.08it/s]
# Epoch: 154, train_loss: 0.1671, train_acc:0.93178, val_loss: 0.2676, val_acc:0.89118, val_f1:0.80143, test_acc:0.9167, test_f1:0.8381:  77%|███████▋  | 154/200 [02:24<00:42,  1.08it/s]
# Epoch: 154, train_loss: 0.1671, train_acc:0.93178, val_loss: 0.2676, val_acc:0.89118, val_f1:0.80143, test_acc:0.9167, test_f1:0.8381:  78%|███████▊  | 155/200 [02:24<00:41,  1.08it/s]
# Epoch: 155, train_loss: 0.1696, train_acc:0.928, val_loss: 0.2706, val_acc:0.8902, val_f1:0.7971, test_acc:0.9132, test_f1:0.8286:  78%|███████▊  | 155/200 [02:24<00:41,  1.08it/s]    
# Epoch: 155, train_loss: 0.1696, train_acc:0.928, val_loss: 0.2706, val_acc:0.8902, val_f1:0.7971, test_acc:0.9132, test_f1:0.8286:  78%|███████▊  | 156/200 [02:24<00:40,  1.08it/s]
# Epoch: 156, train_loss: 0.1663, train_acc:0.9301, val_loss: 0.2724, val_acc:0.89118, val_f1:0.80143, test_acc:0.9157, test_f1:0.8349:  78%|███████▊  | 156/200 [02:25<00:40,  1.08it/s]
# Epoch: 156, train_loss: 0.1663, train_acc:0.9301, val_loss: 0.2724, val_acc:0.89118, val_f1:0.80143, test_acc:0.9157, test_f1:0.8349:  78%|███████▊  | 157/200 [02:25<00:39,  1.08it/s]
# Epoch: 157, train_loss: 0.1672, train_acc:0.93094, val_loss: 0.2722, val_acc:0.89216, val_f1:0.80634, test_acc:0.9186, test_f1:0.8431:  78%|███████▊  | 157/200 [02:26<00:39,  1.08it/s]
# Epoch: 157, train_loss: 0.1672, train_acc:0.93094, val_loss: 0.2722, val_acc:0.89216, val_f1:0.80634, test_acc:0.9186, test_f1:0.8431:  79%|███████▉  | 158/200 [02:26<00:38,  1.08it/s]
# Epoch: 158, train_loss: 0.1681, train_acc:0.92884, val_loss: 0.2708, val_acc:0.89314, val_f1:0.80776, test_acc:0.9186, test_f1:0.8434:  79%|███████▉  | 158/200 [02:27<00:38,  1.08it/s]
# Epoch: 158, train_loss: 0.1681, train_acc:0.92884, val_loss: 0.2708, val_acc:0.89314, val_f1:0.80776, test_acc:0.9186, test_f1:0.8434:  80%|███████▉  | 159/200 [02:27<00:37,  1.08it/s]
# Epoch: 159, train_loss: 0.1666, train_acc:0.92996, val_loss: 0.2696, val_acc:0.88922, val_f1:0.79492, test_acc:0.9127, test_f1:0.8275:  80%|███████▉  | 159/200 [02:28<00:37,  1.08it/s]
# Epoch: 159, train_loss: 0.1666, train_acc:0.92996, val_loss: 0.2696, val_acc:0.88922, val_f1:0.79492, test_acc:0.9127, test_f1:0.8275:  80%|████████  | 160/200 [02:28<00:37,  1.08it/s]
# Epoch: 160, train_loss: 0.1662, train_acc:0.93094, val_loss: 0.2662, val_acc:0.89216, val_f1:0.80427, test_acc:0.9167, test_f1:0.8372:  80%|████████  | 160/200 [02:29<00:37,  1.08it/s]
# Epoch: 160, train_loss: 0.1662, train_acc:0.93094, val_loss: 0.2662, val_acc:0.89216, val_f1:0.80427, test_acc:0.9167, test_f1:0.8372:  80%|████████  | 161/200 [02:29<00:36,  1.08it/s]
# Epoch: 161, train_loss: 0.1651, train_acc:0.93234, val_loss: 0.2660, val_acc:0.8951, val_f1:0.81195, test_acc:0.9176, test_f1:0.8406:  80%|████████  | 161/200 [02:30<00:36,  1.08it/s] 
# Epoch: 161, train_loss: 0.1651, train_acc:0.93234, val_loss: 0.2660, val_acc:0.8951, val_f1:0.81195, test_acc:0.9176, test_f1:0.8406:  81%|████████  | 162/200 [02:30<00:35,  1.08it/s]
# Epoch: 162, train_loss: 0.1658, train_acc:0.93122, val_loss: 0.2686, val_acc:0.89314, val_f1:0.81109, test_acc:0.9167, test_f1:0.8432:  81%|████████  | 162/200 [02:31<00:35,  1.08it/s]
# Epoch: 162, train_loss: 0.1658, train_acc:0.93122, val_loss: 0.2686, val_acc:0.89314, val_f1:0.81109, test_acc:0.9167, test_f1:0.8432:  82%|████████▏ | 163/200 [02:31<00:34,  1.08it/s]
# Epoch: 163, train_loss: 0.1612, train_acc:0.93346, val_loss: 0.2706, val_acc:0.89216, val_f1:0.80969, test_acc:0.9167, test_f1:0.8435:  82%|████████▏ | 163/200 [02:32<00:34,  1.08it/s]
# Epoch: 163, train_loss: 0.1612, train_acc:0.93346, val_loss: 0.2706, val_acc:0.89216, val_f1:0.80969, test_acc:0.9167, test_f1:0.8435:  82%|████████▏ | 164/200 [02:32<00:33,  1.08it/s]
# Epoch: 164, train_loss: 0.1647, train_acc:0.93206, val_loss: 0.2702, val_acc:0.8951, val_f1:0.81261, test_acc:0.9172, test_f1:0.8413:  82%|████████▏ | 164/200 [02:33<00:33,  1.08it/s] 
# Epoch: 164, train_loss: 0.1647, train_acc:0.93206, val_loss: 0.2702, val_acc:0.8951, val_f1:0.81261, test_acc:0.9172, test_f1:0.8413:  82%|████████▎ | 165/200 [02:33<00:32,  1.07it/s]
# Epoch: 165, train_loss: 0.1657, train_acc:0.9287, val_loss: 0.2697, val_acc:0.88725, val_f1:0.79354, test_acc:0.9181, test_f1:0.8408:  82%|████████▎ | 165/200 [02:34<00:32,  1.07it/s]
# Epoch: 165, train_loss: 0.1657, train_acc:0.9287, val_loss: 0.2697, val_acc:0.88725, val_f1:0.79354, test_acc:0.9181, test_f1:0.8408:  83%|████████▎ | 166/200 [02:34<00:31,  1.08it/s]
# Epoch: 166, train_loss: 0.1657, train_acc:0.93164, val_loss: 0.2687, val_acc:0.88725, val_f1:0.79129, test_acc:0.9147, test_f1:0.8317:  83%|████████▎ | 166/200 [02:35<00:31,  1.08it/s]
# Epoch: 166, train_loss: 0.1657, train_acc:0.93164, val_loss: 0.2687, val_acc:0.88725, val_f1:0.79129, test_acc:0.9147, test_f1:0.8317:  84%|████████▎ | 167/200 [02:35<00:30,  1.08it/s]
# Epoch: 167, train_loss: 0.1626, train_acc:0.93444, val_loss: 0.2674, val_acc:0.89118, val_f1:0.79928, test_acc:0.9176, test_f1:0.8394:  84%|████████▎ | 167/200 [02:36<00:30,  1.08it/s]
# Epoch: 167, train_loss: 0.1626, train_acc:0.93444, val_loss: 0.2674, val_acc:0.89118, val_f1:0.79928, test_acc:0.9176, test_f1:0.8394:  84%|████████▍ | 168/200 [02:36<00:29,  1.08it/s]
# Epoch: 168, train_loss: 0.1620, train_acc:0.93206, val_loss: 0.2684, val_acc:0.89118, val_f1:0.8056, test_acc:0.9181, test_f1:0.8423:  84%|████████▍ | 168/200 [02:36<00:29,  1.08it/s] 
# Epoch: 168, train_loss: 0.1620, train_acc:0.93206, val_loss: 0.2684, val_acc:0.89118, val_f1:0.8056, test_acc:0.9181, test_f1:0.8423:  84%|████████▍ | 169/200 [02:36<00:28,  1.08it/s]
# Epoch: 169, train_loss: 0.1604, train_acc:0.93038, val_loss: 0.2741, val_acc:0.89118, val_f1:0.80829, test_acc:0.9172, test_f1:0.8442:  84%|████████▍ | 169/200 [02:37<00:28,  1.08it/s]
# Epoch: 169, train_loss: 0.1604, train_acc:0.93038, val_loss: 0.2741, val_acc:0.89118, val_f1:0.80829, test_acc:0.9172, test_f1:0.8442:  85%|████████▌ | 170/200 [02:37<00:27,  1.08it/s]
# Epoch: 170, train_loss: 0.1594, train_acc:0.93262, val_loss: 0.2749, val_acc:0.89216, val_f1:0.80903, test_acc:0.9167, test_f1:0.8426:  85%|████████▌ | 170/200 [02:38<00:27,  1.08it/s]
# Epoch: 170, train_loss: 0.1594, train_acc:0.93262, val_loss: 0.2749, val_acc:0.89216, val_f1:0.80903, test_acc:0.9167, test_f1:0.8426:  86%|████████▌ | 171/200 [02:38<00:26,  1.08it/s]
# Epoch: 171, train_loss: 0.1622, train_acc:0.9329, val_loss: 0.2716, val_acc:0.89118, val_f1:0.80354, test_acc:0.9167, test_f1:0.8378:  86%|████████▌ | 171/200 [02:39<00:26,  1.08it/s] 
# Epoch: 171, train_loss: 0.1622, train_acc:0.9329, val_loss: 0.2716, val_acc:0.89118, val_f1:0.80354, test_acc:0.9167, test_f1:0.8378:  86%|████████▌ | 172/200 [02:39<00:25,  1.08it/s]
# Epoch: 172, train_loss: 0.1615, train_acc:0.93304, val_loss: 0.2709, val_acc:0.88529, val_f1:0.78453, test_acc:0.9108, test_f1:0.8226:  86%|████████▌ | 172/200 [02:40<00:25,  1.08it/s]
# Epoch: 172, train_loss: 0.1615, train_acc:0.93304, val_loss: 0.2709, val_acc:0.88529, val_f1:0.78453, test_acc:0.9108, test_f1:0.8226:  86%|████████▋ | 173/200 [02:40<00:24,  1.08it/s]
# Epoch: 173, train_loss: 0.1614, train_acc:0.93472, val_loss: 0.2697, val_acc:0.88627, val_f1:0.78519, test_acc:0.9093, test_f1:0.8192:  86%|████████▋ | 173/200 [02:41<00:24,  1.08it/s]
# Epoch: 173, train_loss: 0.1614, train_acc:0.93472, val_loss: 0.2697, val_acc:0.88627, val_f1:0.78519, test_acc:0.9093, test_f1:0.8192:  87%|████████▋ | 174/200 [02:41<00:24,  1.08it/s]
# Epoch: 174, train_loss: 0.1597, train_acc:0.93416, val_loss: 0.2693, val_acc:0.89216, val_f1:0.80427, test_acc:0.9176, test_f1:0.8412:  87%|████████▋ | 174/200 [02:42<00:24,  1.08it/s]
# Epoch: 174, train_loss: 0.1597, train_acc:0.93416, val_loss: 0.2693, val_acc:0.89216, val_f1:0.80427, test_acc:0.9176, test_f1:0.8412:  88%|████████▊ | 175/200 [02:42<00:23,  1.08it/s]
# Epoch: 175, train_loss: 0.1573, train_acc:0.93627, val_loss: 0.2758, val_acc:0.88922, val_f1:0.80484, test_acc:0.9167, test_f1:0.8429:  88%|████████▊ | 175/200 [02:43<00:23,  1.08it/s]
# Epoch: 175, train_loss: 0.1573, train_acc:0.93627, val_loss: 0.2758, val_acc:0.88922, val_f1:0.80484, test_acc:0.9167, test_f1:0.8429:  88%|████████▊ | 176/200 [02:43<00:22,  1.08it/s]
# Epoch: 176, train_loss: 0.1560, train_acc:0.93276, val_loss: 0.2797, val_acc:0.88922, val_f1:0.80551, test_acc:0.9123, test_f1:0.8368:  88%|████████▊ | 176/200 [02:44<00:22,  1.08it/s]
# Epoch: 176, train_loss: 0.1560, train_acc:0.93276, val_loss: 0.2797, val_acc:0.88922, val_f1:0.80551, test_acc:0.9123, test_f1:0.8368:  88%|████████▊ | 177/200 [02:44<00:21,  1.08it/s]
# Epoch: 177, train_loss: 0.1597, train_acc:0.93388, val_loss: 0.2773, val_acc:0.89216, val_f1:0.81034, test_acc:0.9152, test_f1:0.8414:  88%|████████▊ | 177/200 [02:45<00:21,  1.08it/s]
# Epoch: 177, train_loss: 0.1597, train_acc:0.93388, val_loss: 0.2773, val_acc:0.89216, val_f1:0.81034, test_acc:0.9152, test_f1:0.8414:  89%|████████▉ | 178/200 [02:45<00:20,  1.08it/s]
# Epoch: 178, train_loss: 0.1574, train_acc:0.93374, val_loss: 0.2725, val_acc:0.88824, val_f1:0.8007, test_acc:0.9172, test_f1:0.8428:  89%|████████▉ | 178/200 [02:46<00:20,  1.08it/s] 
# Epoch: 178, train_loss: 0.1574, train_acc:0.93374, val_loss: 0.2725, val_acc:0.88824, val_f1:0.8007, test_acc:0.9172, test_f1:0.8428:  90%|████████▉ | 179/200 [02:46<00:19,  1.08it/s]
# Epoch: 179, train_loss: 0.1567, train_acc:0.93444, val_loss: 0.2714, val_acc:0.88725, val_f1:0.79354, test_acc:0.9172, test_f1:0.8398:  90%|████████▉ | 179/200 [02:47<00:19,  1.08it/s]
# Epoch: 179, train_loss: 0.1567, train_acc:0.93444, val_loss: 0.2714, val_acc:0.88725, val_f1:0.79354, test_acc:0.9172, test_f1:0.8398:  90%|█████████ | 180/200 [02:47<00:18,  1.08it/s]
# Epoch: 180, train_loss: 0.1586, train_acc:0.93529, val_loss: 0.2747, val_acc:0.89216, val_f1:0.80427, test_acc:0.9176, test_f1:0.8406:  90%|█████████ | 180/200 [02:48<00:18,  1.08it/s]
# Epoch: 180, train_loss: 0.1586, train_acc:0.93529, val_loss: 0.2747, val_acc:0.89216, val_f1:0.80427, test_acc:0.9176, test_f1:0.8406:  90%|█████████ | 181/200 [02:48<00:17,  1.08it/s]
# Epoch: 181, train_loss: 0.1535, train_acc:0.93585, val_loss: 0.2780, val_acc:0.89216, val_f1:0.80702, test_acc:0.9172, test_f1:0.8416:  90%|█████████ | 181/200 [02:49<00:17,  1.08it/s]
# Epoch: 181, train_loss: 0.1535, train_acc:0.93585, val_loss: 0.2780, val_acc:0.89216, val_f1:0.80702, test_acc:0.9172, test_f1:0.8416:  91%|█████████ | 182/200 [02:49<00:16,  1.08it/s]
# Epoch: 182, train_loss: 0.1562, train_acc:0.9329, val_loss: 0.2785, val_acc:0.89216, val_f1:0.80769, test_acc:0.9147, test_f1:0.8389:  91%|█████████ | 182/200 [02:49<00:16,  1.08it/s] 
# Epoch: 182, train_loss: 0.1562, train_acc:0.9329, val_loss: 0.2785, val_acc:0.89216, val_f1:0.80769, test_acc:0.9147, test_f1:0.8389:  92%|█████████▏| 183/200 [02:49<00:15,  1.08it/s]
# Epoch: 183, train_loss: 0.1578, train_acc:0.93346, val_loss: 0.2745, val_acc:0.89314, val_f1:0.80911, test_acc:0.9172, test_f1:0.8439:  92%|█████████▏| 183/200 [02:50<00:15,  1.08it/s]
# Epoch: 183, train_loss: 0.1578, train_acc:0.93346, val_loss: 0.2745, val_acc:0.89314, val_f1:0.80911, test_acc:0.9172, test_f1:0.8439:  92%|█████████▏| 184/200 [02:50<00:14,  1.08it/s]
# Epoch: 184, train_loss: 0.1554, train_acc:0.93585, val_loss: 0.2705, val_acc:0.89412, val_f1:0.81119, test_acc:0.9176, test_f1:0.8439:  92%|█████████▏| 184/200 [02:51<00:14,  1.08it/s]
# Epoch: 184, train_loss: 0.1554, train_acc:0.93585, val_loss: 0.2705, val_acc:0.89412, val_f1:0.81119, test_acc:0.9176, test_f1:0.8439:  92%|█████████▎| 185/200 [02:51<00:13,  1.08it/s]
# Epoch: 185, train_loss: 0.1543, train_acc:0.93571, val_loss: 0.2688, val_acc:0.8902, val_f1:0.80071, test_acc:0.9196, test_f1:0.8459:  92%|█████████▎| 185/200 [02:52<00:13,  1.08it/s] 
# Epoch: 185, train_loss: 0.1543, train_acc:0.93571, val_loss: 0.2688, val_acc:0.8902, val_f1:0.80071, test_acc:0.9196, test_f1:0.8459:  93%|█████████▎| 186/200 [02:52<00:12,  1.08it/s]
# Epoch: 186, train_loss: 0.1570, train_acc:0.93641, val_loss: 0.2717, val_acc:0.89216, val_f1:0.80144, test_acc:0.9181, test_f1:0.8411:  93%|█████████▎| 186/200 [02:53<00:12,  1.08it/s]
# Epoch: 186, train_loss: 0.1570, train_acc:0.93641, val_loss: 0.2717, val_acc:0.89216, val_f1:0.80144, test_acc:0.9181, test_f1:0.8411:  94%|█████████▎| 187/200 [02:53<00:12,  1.08it/s]
# Epoch: 187, train_loss: 0.1547, train_acc:0.93753, val_loss: 0.2778, val_acc:0.8902, val_f1:0.79636, test_acc:0.9162, test_f1:0.8367:  94%|█████████▎| 187/200 [02:54<00:12,  1.08it/s] 
# Epoch: 187, train_loss: 0.1547, train_acc:0.93753, val_loss: 0.2778, val_acc:0.8902, val_f1:0.79636, test_acc:0.9162, test_f1:0.8367:  94%|█████████▍| 188/200 [02:54<00:11,  1.08it/s]
# Epoch: 188, train_loss: 0.1564, train_acc:0.93402, val_loss: 0.2810, val_acc:0.8902, val_f1:0.79928, test_acc:0.9176, test_f1:0.8403:  94%|█████████▍| 188/200 [02:55<00:11,  1.08it/s]
# Epoch: 188, train_loss: 0.1564, train_acc:0.93402, val_loss: 0.2810, val_acc:0.8902, val_f1:0.79928, test_acc:0.9176, test_f1:0.8403:  94%|█████████▍| 189/200 [02:55<00:10,  1.08it/s]
# Epoch: 189, train_loss: 0.1562, train_acc:0.9343, val_loss: 0.2807, val_acc:0.89118, val_f1:0.80492, test_acc:0.9157, test_f1:0.8377:  94%|█████████▍| 189/200 [02:56<00:10,  1.08it/s]
# Epoch: 189, train_loss: 0.1562, train_acc:0.9343, val_loss: 0.2807, val_acc:0.89118, val_f1:0.80492, test_acc:0.9157, test_f1:0.8377:  95%|█████████▌| 190/200 [02:56<00:09,  1.08it/s]
# Epoch: 190, train_loss: 0.1555, train_acc:0.93514, val_loss: 0.2780, val_acc:0.89412, val_f1:0.81053, test_acc:0.9191, test_f1:0.8462:  95%|█████████▌| 190/200 [02:57<00:09,  1.08it/s]
# Epoch: 190, train_loss: 0.1555, train_acc:0.93514, val_loss: 0.2780, val_acc:0.89412, val_f1:0.81053, test_acc:0.9191, test_f1:0.8462:  96%|█████████▌| 191/200 [02:57<00:08,  1.08it/s]
# Epoch: 191, train_loss: 0.1550, train_acc:0.9343, val_loss: 0.2769, val_acc:0.89314, val_f1:0.80708, test_acc:0.9191, test_f1:0.8462:  96%|█████████▌| 191/200 [02:58<00:08,  1.08it/s] 
# Epoch: 191, train_loss: 0.1550, train_acc:0.9343, val_loss: 0.2769, val_acc:0.89314, val_f1:0.80708, test_acc:0.9191, test_f1:0.8462:  96%|█████████▌| 192/200 [02:58<00:07,  1.08it/s]
# Epoch: 192, train_loss: 0.1520, train_acc:0.93963, val_loss: 0.2766, val_acc:0.8951, val_f1:0.80995, test_acc:0.9206, test_f1:0.8480:  96%|█████████▌| 192/200 [02:59<00:07,  1.08it/s]
# Epoch: 192, train_loss: 0.1520, train_acc:0.93963, val_loss: 0.2766, val_acc:0.8951, val_f1:0.80995, test_acc:0.9206, test_f1:0.8480:  96%|█████████▋| 193/200 [02:59<00:06,  1.08it/s]
# Epoch: 193, train_loss: 0.1516, train_acc:0.93669, val_loss: 0.2778, val_acc:0.89314, val_f1:0.80708, test_acc:0.9191, test_f1:0.8462:  96%|█████████▋| 193/200 [03:00<00:06,  1.08it/s]
# Epoch: 193, train_loss: 0.1516, train_acc:0.93669, val_loss: 0.2778, val_acc:0.89314, val_f1:0.80708, test_acc:0.9191, test_f1:0.8462:  97%|█████████▋| 194/200 [03:00<00:05,  1.08it/s]
# Epoch: 194, train_loss: 0.1548, train_acc:0.93613, val_loss: 0.2789, val_acc:0.89118, val_f1:0.80423, test_acc:0.9191, test_f1:0.8459:  97%|█████████▋| 194/200 [03:01<00:05,  1.08it/s]
# Epoch: 194, train_loss: 0.1548, train_acc:0.93613, val_loss: 0.2789, val_acc:0.89118, val_f1:0.80423, test_acc:0.9191, test_f1:0.8459:  98%|█████████▊| 195/200 [03:01<00:04,  1.08it/s]
# Epoch: 195, train_loss: 0.1521, train_acc:0.93949, val_loss: 0.2790, val_acc:0.88922, val_f1:0.80141, test_acc:0.9186, test_f1:0.8446:  98%|█████████▊| 195/200 [03:01<00:04,  1.08it/s]
# Epoch: 195, train_loss: 0.1521, train_acc:0.93949, val_loss: 0.2790, val_acc:0.88922, val_f1:0.80141, test_acc:0.9186, test_f1:0.8446:  98%|█████████▊| 196/200 [03:01<00:03,  1.08it/s]
# Epoch: 196, train_loss: 0.1523, train_acc:0.935, val_loss: 0.2778, val_acc:0.88824, val_f1:0.7993, test_acc:0.9186, test_f1:0.8443:  98%|█████████▊| 196/200 [03:02<00:03,  1.08it/s]   
# Epoch: 196, train_loss: 0.1523, train_acc:0.935, val_loss: 0.2778, val_acc:0.88824, val_f1:0.7993, test_acc:0.9186, test_f1:0.8443:  98%|█████████▊| 197/200 [03:02<00:02,  1.08it/s]
# Epoch: 197, train_loss: 0.1522, train_acc:0.93823, val_loss: 0.2768, val_acc:0.88922, val_f1:0.80071, test_acc:0.9196, test_f1:0.8464:  98%|█████████▊| 197/200 [03:03<00:02,  1.08it/s]
# Epoch: 197, train_loss: 0.1522, train_acc:0.93823, val_loss: 0.2768, val_acc:0.88922, val_f1:0.80071, test_acc:0.9196, test_f1:0.8464:  99%|█████████▉| 198/200 [03:03<00:01,  1.08it/s]
# Epoch: 198, train_loss: 0.1538, train_acc:0.93767, val_loss: 0.2779, val_acc:0.89118, val_f1:0.8056, test_acc:0.9196, test_f1:0.8481:  99%|█████████▉| 198/200 [03:04<00:01,  1.08it/s] 
# Epoch: 198, train_loss: 0.1538, train_acc:0.93767, val_loss: 0.2779, val_acc:0.89118, val_f1:0.8056, test_acc:0.9196, test_f1:0.8481: 100%|█████████▉| 199/200 [03:04<00:00,  1.08it/s]
# Epoch: 199, train_loss: 0.1503, train_acc:0.93753, val_loss: 0.2796, val_acc:0.89118, val_f1:0.80696, test_acc:0.9172, test_f1:0.8454: 100%|█████████▉| 199/200 [03:05<00:00,  1.08it/s]
# Epoch: 199, train_loss: 0.1503, train_acc:0.93753, val_loss: 0.2796, val_acc:0.89118, val_f1:0.80696, test_acc:0.9172, test_f1:0.8454: 100%|██████████| 200/200 [03:05<00:00,  1.07it/s]
# Epoch: 199, train_loss: 0.1503, train_acc:0.93753, val_loss: 0.2796, val_acc:0.89118, val_f1:0.80696, test_acc:0.9172, test_f1:0.8454: 100%|██████████| 200/200 [03:05<00:00,  1.08it/s]
--- Final-epoch-TestAcc: 0.9172, best-val-epoch-TestAcc: 0.9206, best-val-epoch: 192, best-test-epoch-TestAcc: 0.9206, best-test-epoch: 192.
final_accuracy: 0.9175±0.0005
early-stopping_accuracy: 0.9211±0.0007
final_precision: 0.8635±0.0145
early-stopping_precision: 0.8686±0.0020
final_recall: 0.8223±0.0176
early-stopping_recall: 0.8309±0.0057
final_f1: 0.8421±0.0023
early-stopping_f1: 0.8493±0.0020
